PWSID,dist_airport_m,dist_airport_km,dist_military_m,dist_military_km,dist_landfill_m,dist_landfill_km,dist_wwtp_m,dist_wwtp_km,dist_industrial_m,dist_industrial_km,landfills_within_1km,industrial_within_1km,landfills_within_3km,industrial_within_3km,landfills_within_5km,industrial_within_5km,landfills_within_10km,industrial_within_10km,is_groundwater,is_mwra,source_type,SITE_NAME,TOWN,num_sources,pws_name,total_samples,total_results,any_detection,ever_exceeded_federal_mcl,max_pfoa_ppt,max_pfos_ppt,num_pfas_detected,max_pfas6_sum_ppt,ever_exceeded_ma_mmcl,in_ucmr5,pfas_detected,serves_ej_community,ej_area_fraction,ej_population_overlapped,any_income,any_minority,any_english,ej_criteria_distinct
MA1004000,11201.063866502036,11.201063866502036,59144.526518087376,59.144526518087375,3176.901029648254,3.1769010296482536,4274.754505346381,4.274754505346381,4232.891414198597,4.232891414198597,0,0,0,0,2,3,9,5,True,False,GW,CHESHIRE HARBOR 4,ADAMS,3,ADAMS FIRE DISTRICT,2.0,58.0,False,False,,,0.0,10.5,False,True,False,True,0.7561958224459691,7525.0,True,False,False,1
MA1004001,6580.8483837765825,6.5808483837765825,60113.13472545549,60.113134725455495,3707.5752429008703,3.7075752429008704,4301.58075839657,4.30158075839657,4017.8641049342905,4.017864104934291,0,0,0,0,3,3,15,13,False,False,TNC,DCR MT GREYLOCK STATE RESERVATION,ADAMS,3,,,,,,,,,,,False,,False,0.0,0.0,False,False,False,0
MA1005001,1294.3565145084874,1.2943565145084874,12571.941711528634,12.571941711528634,4631.578708363792,4.631578708363793,2714.90430619368,2.71490430619368,676.9694930085831,0.6769694930085831,0,2,0,5,1,8,19,51,False,False,TNC,ST ANNE COUNTRY CLUB INC,AGAWAM,1,,,,,,,,,,,False,,False,0.0,0.0,False,False,False,0
MA1006001,5873.570781707455,5.873570781707455,58332.81533193115,58.33281533193115,2600.9524539219738,2.6009524539219737,5530.915367694945,5.530915367694946,11396.25032494886,11.39625032494886,0,0,1,0,1,0,6,0,False,False,NTNC,ALFORD SCHOOL,ALFORD,1,,,,,,,,,,,False,,False,0.0,0.0,False,False,False,0
MA1008000,4265.37835955232,4.2653783595523205,14405.411825392834,14.405411825392834,1015.4559595731771,1.0154559595731771,5189.72440128267,5.18972440128267,4427.615857515765,4.427615857515765,0,0,2,0,3,1,7,8,True,False,GW,WELL #6 (07G),AMHERST,9,AMHERST DPW  WATER DIVISION,15.0,348.0,False,False,,,0.0,10.5,False,True,False,True,0.6883918401693706,37091.0,True,True,False,2
MA1008006,6880.2914145451905,6.880291414545191,12406.53007373512,12.406530073735121,6497.399049809857,6.497399049809857,6081.307945882048,6.081307945882048,5927.33842773946,5.92733842773946,0,0,0,0,0,0,9,21,False,False,TNC,DCR NOTCH VISITORS CENTER,AMHERST,1,,,,,,,,,,,False,,False,0.0,0.0,False,False,False,0
MA1013000,18738.409385223436,18.738409385223438,42320.11270385553,42.32011270385553,1930.5880638017106,1.9305880638017106,1431.0158956308708,1.4310158956308707,15584.211727317661,15.58421172731766,0,0,1,0,2,0,10,0,True,False,GW,WELL #1 (01G),ASHFIELD,2,,,,,,,,,,,False,,False,0.0,0.0,False,False,False,0
MA1013001,16284.867835981875,16.284867835981874,39787.11378192345,39.78711378192345,4878.641252225637,4.878641252225637,2740.3809158678796,2.74038091586788,17107.14927391369,17.107149273913688,0,0,0,0,1,0,7,0,False,False,NTNC,SANDERSON ACADEMY,ASHFIELD,1,,,,,,,,,,,False,,False,0.0,0.0,False,False,False,0
MA1013002,21671.168692292442,21.671168692292444,44035.94913732905,44.03594913732905,1759.2201555243091,1.7592201555243092,2778.176392682027,2.778176392682027,12863.961291561714,12.863961291561715,0,0,2,0,2,0,7,0,False,False,TNC,EDGE HILL GOLF COURSE,ASHFIELD,1,,,,,,,,,,,False,,False,0.0,0.0,False,False,False,0
MA1013004,18837.455069878055,18.837455069878054,40343.00824408641,40.34300824408641,4221.8789244700465,4.2218789244700465,1475.2717162633087,1.4752717162633087,14552.058342937073,14.552058342937073,0,0,0,0,1,0,8,0,False,False,TNC,DOUBLE EDGE THEATRE,ASHFIELD,1,,,,,,,,,,,False,,False,0.0,0.0,False,False,False,0
MA1015000,2581.5815884497483,2.5815815884497484,46609.40091097321,46.60940091097321,1985.4875205357137,1.9854875205357136,1295.8858053715041,1.295885805371504,204.4120737867095,0.2044120737867095,0,2,2,4,3,4,7,6,True,False,GW,SOUTH STREET GRAVEL PACKED WELL,ATHOL,6,ATHOL DPW  WATER DIVISION,4.0,116.0,False,False,,,0.0,10.5,False,True,False,True,0.26777641726992246,5804.0,True,False,False,1
MA1015001,1371.5952875535063,1.3715952875535062,48510.63955424272,48.51063955424272,3628.374778676085,3.628374778676085,2090.125867508374,2.090125867508374,2224.511626976872,2.224511626976872,0,0,0,1,2,3,7,5,False,False,NTNC,ADAMS FARM SLAUGHTERHOUSE LLC,ATHOL,1,,,,,,,,,,,False,,False,0.0,0.0,False,False,False,0
MA1015002,4671.157912517776,4.671157912517776,42957.37546051859,42.95737546051859,6170.613678143722,6.170613678143722,6767.517952184373,6.767517952184373,3976.472076181105,3.9764720761811048,0,0,0,0,0,1,5,6,False,False,TNC,MORGAN MEMORIAL FRESH AIR CAMP,ATHOL,3,,,,,,,,,,,False,,False,0.0,0.0,False,False,False,0
MA1015004,3381.521608167099,3.381521608167099,50425.37147122567,50.42537147122567,1060.2423585944662,1.0602423585944662,2684.6225655666663,2.6846225655666665,2195.7026627450764,2.1957026627450764,0,0,2,1,2,4,5,5,False,False,TNC,SMALL WONDERS PRESCHOOL CENTER,ATHOL,1,,,,,,,,,,,False,,False,0.0,0.0,False,False,False,0
MA1015006,2248.9180295516226,2.2489180295516227,46925.67564685815,46.92567564685815,5598.033746685364,5.598033746685364,3576.815278697442,3.576815278697442,3921.9706666236525,3.9219706666236527,0,0,0,0,0,2,9,5,True,False,GW,WELL #1,ATHOL,1,,,,,,,,,,,False,,True,1.0,2153.0,True,False,False,1
MA1022001,5639.912054131724,5.639912054131725,26774.02204986977,26.77402204986977,2480.024000622529,2.480024000622529,10811.421064845852,10.811421064845852,10987.112342023944,10.987112342023943,0,0,2,0,4,0,9,0,False,False,TNC,BECKET ROUTE 20 SPRING,BECKET,1,,,,,,,,,,,False,,False,0.0,0.0,False,False,False,0
MA1022002,4669.0159986017925,4.669015998601792,36091.22873102549,36.09122873102549,555.8225361348565,0.5558225361348564,12752.99641789705,12.75299641789705,12990.735284187142,12.990735284187142,1,0,1,0,2,0,9,0,False,False,TNC,THE NEON NEWT,BECKET,1,,,,,,,,,,,False,,False,0.0,0.0,False,False,False,0
MA1022004,5942.207444599602,5.942207444599602,29896.518189273043,29.896518189273042,803.5172583703787,0.8035172583703787,8079.482677654059,8.07948267765406,14421.086832615374,14.421086832615375,1,0,1,0,2,0,10,0,False,False,TNC,PAPA BOBS LLC,BECKET,1,,,,,,,,,,,False,,False,0.0,0.0,False,False,False,0
MA1022006,3304.5034514612203,3.3045034514612204,33683.38864779707,33.68338864779707,2008.3085760548363,2.0083085760548363,12103.683742732754,12.103683742732754,14492.45354576599,14.49245354576599,0,0,1,0,2,0,11,0,False,False,TNC,CAMP WATITOH,BECKET,1,,,,,,,,,,,False,,False,0.0,0.0,False,False,False,0
MA1022009,10435.45411794479,10.43545411794479,34913.40552914907,34.913405529149074,2094.045864535813,2.094045864535813,5837.727776990678,5.837727776990678,11836.819763481006,11.836819763481007,0,0,1,0,2,0,7,0,False,False,TNC,CAMP LENOX,BECKET,1,,,,,,,,,,,False,,False,0.0,0.0,False,False,False,0
MA1022010,7360.852659496545,7.360852659496545,30651.492339323606,30.651492339323607,1514.109295948728,1.514109295948728,6542.920283866516,6.542920283866516,15455.504386001761,15.455504386001762,0,0,1,0,2,0,8,0,False,False,TNC,SHERWOOD SHOPPE,BECKET,1,,,,,,,,,,,False,,False,0.0,0.0,False,False,False,0
MA1022011,4479.850532182345,4.479850532182345,35901.875562552385,35.901875562552384,725.0147432123754,0.7250147432123754,12867.124285382673,12.867124285382673,13162.099071548888,13.162099071548887,1,0,1,0,2,0,9,0,False,False,NTNC,BECKET WASHINGTON SCHOOL,BECKET,1,,,,,,,,,,,False,,False,0.0,0.0,False,False,False,0
MA1022013,6650.819541623337,6.650819541623337,31784.91023586159,31.784910235861588,2393.165424108156,2.393165424108156,7390.418084980785,7.3904180849807855,15018.108209609423,15.018108209609423,0,0,2,0,3,0,8,0,False,False,TNC,BERKSHIRE BERRIES,BECKET,1,,,,,,,,,,,False,,False,0.0,0.0,False,False,False,0
MA1022015,2882.8927939876344,2.8828927939876343,32587.172200427915,32.587172200427915,1378.0326883474038,1.378032688347404,11256.954144255878,11.256954144255879,15025.664691122041,15.025664691122042,0,0,1,0,3,0,11,0,False,False,TNC,CAMP GREYLOCK,BECKET,4,,,,,,,,,,,False,,False,0.0,0.0,False,False,False,0
MA1022017,4831.400288119004,4.831400288119004,32128.601934787792,32.128601934787795,941.1257008968503,0.9411257008968503,8723.72007699846,8.72372007699846,14658.410426631546,14.658410426631546,1,0,2,0,2,0,11,0,False,False,TNC,CHIMNEY CORNERS CAMP,BECKET,7,,,,,,,,,,,False,,False,0.0,0.0,False,False,False,0
MA1022019,4439.861768432742,4.439861768432742,33347.863320376106,33.347863320376106,191.38667898815345,0.19138667898815345,10044.80199828055,10.044801998280551,14047.037181634763,14.047037181634764,1,0,1,0,3,0,12,0,False,False,TNC,YMCA CAMP BECKET,BECKET,3,,,,,,,,,,,False,,False,0.0,0.0,False,False,False,0
MA1022020,5914.621258261834,5.914621258261834,29927.83332108012,29.927833321080122,840.7512475399217,0.8407512475399217,8099.175470794685,8.099175470794684,14447.928728074201,14.447928728074201,1,0,1,0,2,0,11,0,False,False,TNC,BECKET MOTEL,BECKET,1,,,,,,,,,,,False,,False,0.0,0.0,False,False,False,0
MA1022021,5687.175564272959,5.687175564272959,30204.13322813434,30.20413322813434,1036.1092250862291,1.0361092250862292,8074.420975103822,8.074420975103822,14721.177351401871,14.721177351401872,0,0,1,0,2,0,11,0,False,False,TNC,BONNIE RIGG CAMPING CLUB INC,BECKET,2,,,,,,,,,,,False,,False,0.0,0.0,False,False,False,0
MA1022022,4776.097198830932,4.776097198830932,31408.19742744039,31.408197427440392,2020.2100901500023,2.020210090150002,9173.409382246198,9.173409382246199,15752.860510870976,15.752860510870976,0,0,2,0,2,0,11,0,False,False,TNC,BECKET COUNTRY STORE,BECKET,1,,,,,,,,,,,False,,False,0.0,0.0,False,False,False,0
MA1022026,8888.629192949747,8.888629192949747,35262.9522215531,35.26295222155311,1139.483064374925,1.1394830643749252,7348.76206112482,7.3487620611248206,11256.663276226876,11.256663276226876,0,0,1,0,2,0,8,0,False,False,NTNC,JACOBS PILLOW DANCE FESTIVAL,BECKET,3,,,,,,,,,,,False,,False,0.0,0.0,False,False,False,0
MA1022027,3287.632079561054,3.287632079561054,34785.83891228937,34.78583891228937,1430.7263681126776,1.4307263681126776,12630.148073864704,12.630148073864705,14123.134420867838,14.123134420867839,0,0,1,0,2,0,10,0,False,False,NTNC,KUSHI INSTITUTE,BECKET,4,,,,,,,,,,,False,,False,0.0,0.0,False,False,False,0
MA1022028,5707.173648687261,5.707173648687261,39760.195893714445,39.760195893714446,4359.692092903599,4.3596920929035985,9314.453436039217,9.314453436039217,8338.599586871893,8.338599586871894,0,0,0,0,2,0,9,2,False,False,TNC,DREAM AWAY LODGE,BECKET,1,,,,,,,,,,,False,,False,0.0,0.0,False,False,False,0
MA1022029,3998.3652289466845,3.9983652289466844,34032.66099362768,34.03266099362768,1531.0570013097629,1.5310570013097629,11648.235638049598,11.648235638049599,13988.631631162514,13.988631631162514,0,0,1,0,2,0,11,0,False,False,TNC,LANE FARM,BECKET,1,,,,,,,,,,,False,,False,0.0,0.0,False,False,False,0
MA1022030,4885.561863323902,4.885561863323902,31293.620525590377,31.293620525590377,2163.122349872223,2.1631223498722227,9046.4217530549,9.046421753054899,15654.250156353084,15.654250156353084,0,0,2,0,2,0,11,0,False,False,TNC,BECKET TOWN HALL,BECKET,1,,,,,,,,,,,False,,False,0.0,0.0,False,False,False,0
MA1022031,10562.498365400166,10.562498365400167,35623.13817309273,35.623138173092734,1443.264036581844,1.443264036581844,6488.186399541488,6.488186399541488,11100.665601377197,11.100665601377198,0,0,1,0,1,0,8,0,False,False,TNC,WATER TEN,BECKET,1,,,,,,,,,,,False,,False,0.0,0.0,False,False,False,0
MA1022032,10493.102683375233,10.493102683375232,35759.45160761438,35.75945160761438,1230.8025355587545,1.2308025355587544,6701.689328824122,6.701689328824122,10947.164295831022,10.947164295831023,0,0,1,0,1,0,8,0,False,False,TNC,MOUNTAIN GROVE ASSOCIATION,BECKET,1,,,,,,,,,,,False,,False,0.0,0.0,False,False,False,0
MA1022033,4668.669982009376,4.668669982009376,36078.35303668561,36.078353036685606,599.131693045638,0.5991316930456381,12811.111939468872,12.811111939468873,12968.240318842594,12.968240318842595,1,0,1,0,2,0,9,0,False,False,TNC,MULLIN HOUSE,BECKET,1,,,,,,,,,,,False,,False,0.0,0.0,False,False,False,0
MA1022035,4433.307338971623,4.433307338971622,35766.87858619446,35.766878586194466,1025.8983272850273,1.0258983272850273,13241.824494660412,13.241824494660412,13093.861675975739,13.093861675975738,0,0,1,0,2,0,9,0,False,False,TNC,THE SPENCER HOUSE LLC,BECKET,1,,,,,,,,,,,False,,False,0.0,0.0,False,False,False,0
MA1024000,2500.8259061332137,2.5008259061332136,15172.649442781509,15.172649442781509,3176.77769346367,3.17677769346367,1749.0911994301114,1.7490911994301113,2341.834394338157,2.3418343943381568,0,0,0,1,4,2,6,8,True,False,GW,JABISH BROOK WELLFIELD (06G),BELCHERTOWN,6,BELCHERTOWN WATER DISTRICT,4.0,116.0,False,False,,,0.0,10.5,False,True,False,False,0.0,0.0,False,False,False,0
MA1024001,2705.5817148616443,2.705581714861644,14791.688722254132,14.791688722254133,5351.5619757097575,5.351561975709758,3991.2138904866624,3.9912138904866623,2048.9322747658202,2.04893227476582,0,0,0,1,0,1,6,5,True,False,GW,WELL #3,BELCHERTOWN,1,,,,,,,,,,,False,,False,0.0,0.0,False,False,False,0
MA1024002,1387.0817816311833,1.3870817816311833,12663.927642335693,12.663927642335693,4528.875837316134,4.528875837316134,3557.248874962154,3.557248874962154,1065.7176436075954,1.0657176436075955,0,0,0,1,1,1,6,4,True,False,GW,WELL  #2,BELCHERTOWN,5,,,,,,,,,,,False,,False,0.0,0.0,False,False,False,0
MA1024006,3152.2171026355904,3.1522171026355905,14953.184411394546,14.953184411394547,5871.7243292473395,5.871724329247339,4516.64734293982,4.51664734293982,2493.6929501397485,2.4936929501397485,0,0,0,1,0,1,8,7,False,False,TNC,MILL VALLEY GOLF LINKS INC,BELCHERTOWN,1,,,,,,,,,,,False,,False,0.0,0.0,False,False,False,0
MA1024009,1762.6460903955508,1.7626460903955508,16245.873294538935,16.245873294538935,2303.437019596675,2.3034370195966747,3869.53487162359,3.86953487162359,1899.9326063362792,1.8999326063362791,0,0,1,1,2,1,4,3,True,False,GW,WELL #1,BELCHERTOWN,1,,,,,,,,,,,False,,False,0.0,0.0,False,False,False,0
MA1024011,3619.7556382950715,3.6197556382950715,17943.171245917478,17.943171245917476,3407.6408771408837,3.4076408771408837,5512.647507879369,5.512647507879369,4826.559739531176,4.826559739531176,0,0,0,0,1,1,9,7,False,False,NTNC,DCR QUABBIN ADMINISTRATION BUILDING,BELCHERTOWN,1,,,,,,,,,,,False,,False,0.0,0.0,False,False,False,0
MA1024012,2659.422628160069,2.659422628160069,15341.322025601441,15.34132202560144,2448.8758420682884,2.4488758420682886,1419.1772667426594,1.4191772667426594,2505.5363641375943,2.5055363641375945,0,0,2,1,2,2,3,3,False,False,NTNC,QUABBIN ADULT MEDICINE,BELCHERTOWN,1,,,,,,,,,,,False,,False,0.0,0.0,False,False,False,0
MA1024013,1906.3673049838471,1.9063673049838472,11249.567076074802,11.249567076074802,4585.037802588729,4.5850378025887295,4017.667320895285,4.017667320895285,2071.0268776014486,2.0710268776014487,0,0,0,1,1,1,5,7,False,False,NTNC,COLD SPRING COUNTRY CLUB,BELCHERTOWN,2,,,,,,,,,,,False,,False,0.0,0.0,False,False,False,0
MA1024015,1699.3320142134535,1.6993320142134534,13718.44739861097,13.71844739861097,4650.7460464347005,4.6507460464347,3431.6527846762233,3.4316527846762233,1055.881343368677,1.0558813433686771,0,0,0,1,1,1,6,5,True,False,GW,WELL #1,BELCHERTOWN,1,,,,,,,,,,,False,,False,0.0,0.0,False,False,False,0
MA1024018,2882.37245744378,2.8823724574437803,15620.395670693737,15.620395670693737,3680.55456862113,3.68055456862113,2268.096377005762,2.268096377005762,2626.9536470172957,2.6269536470172956,0,0,0,1,2,2,6,4,False,False,TNC,EVERGREENE GOLF CENTER,BELCHERTOWN,1,,,,,,,,,,,False,,False,0.0,0.0,False,False,False,0
MA1024019,5179.487351774762,5.179487351774762,17407.004134519568,17.407004134519568,2515.2341459702175,2.5152341459702177,5645.0274896841665,5.645027489684167,5350.530157233335,5.350530157233335,0,0,2,0,2,0,4,8,False,False,TNC,1100 FEDERAL BUILDING,BELCHERTOWN,1,,,,,,,,,,,False,,False,0.0,0.0,False,False,False,0
MA1024021,2386.001536265778,2.3860015362657783,11251.070939545518,11.251070939545517,2348.176626488607,2.348176626488607,2722.9626742305268,2.722962674230527,3043.4717722289683,3.043471772228968,0,0,1,0,2,2,3,4,False,False,NTNC,PMDM REALTY LLC,BELCHERTOWN,1,,,,,,,,,,,False,,False,0.0,0.0,False,False,False,0
MA1024022,3138.1629475711916,3.1381629475711916,15278.236210530451,15.278236210530451,5638.178393694425,5.6381783936944245,4239.413490274268,4.239413490274268,2488.6938722991213,2.4886938722991214,0,0,0,1,0,1,8,5,False,False,TNC,PHOENIX FRUIT FARM COUNTRY STORE,BELCHERTOWN,1,,,,,,,,,,,False,,False,0.0,0.0,False,False,False,0
MA1024023,1740.0983776115306,1.7400983776115306,14315.722619847444,14.315722619847444,1978.595784160418,1.9785957841604178,3733.859284669296,3.733859284669296,1882.539848429822,1.8825398484298221,0,0,2,1,2,1,4,4,False,False,NTNC,CUTCHINS PROGRAM FOR CHILDREN  FAMILIES,BELCHERTOWN,1,,,,,,,,,,,False,,False,0.0,0.0,False,False,False,0
MA1029000,7851.133951191191,7.851133951191191,51120.98206769157,51.12098206769157,2128.098016878825,2.128098016878825,5078.455433958747,5.078455433958746,4995.121066372843,4.995121066372843,0,0,1,0,1,1,8,9,True,False,GW,REPLACEMENT PRATT WELL,BERNARDSTON,2,,,,,,,,,,,False,,False,0.0,0.0,False,False,False,0
MA1033000,12553.75040391312,12.55375040391312,24602.04837161236,24.60204837161236,6215.090592468085,6.215090592468084,7260.195104767343,7.260195104767343,11140.322531812473,11.140322531812473,0,0,0,0,0,0,7,0,False,False,SW,LONG POND RESERVOIR (01S),BLANDFORD,1,,,,,,,,,,,False,,False,0.0,0.0,False,False,False,0
MA1033002,14042.464878602816,14.042464878602816,23991.43227682453,23.99143227682453,4698.047850510746,4.698047850510746,7992.2123527811455,7.992212352781145,12667.122701979197,12.667122701979197,0,0,0,0,1,0,4,0,False,False,TNC,SNOWS STEAK HOUSE,BLANDFORD,1,,,,,,,,,,,False,,False,0.0,0.0,False,False,False,0
MA1043001,2129.6898454593284,2.1296898454593283,23028.878590148415,23.028878590148416,455.0586496117862,0.4550586496117862,5345.764452437276,5.345764452437276,3450.0719310782233,3.4500719310782233,1,0,1,0,4,5,10,10,True,False,GW,LOWER WELL (02G),BRIMFIELD,2,,,,,,,,,,,False,,False,0.0,0.0,False,False,False,0
MA1043002,4313.750514091237,4.313750514091237,28454.49940526635,28.45449940526635,2922.0702587784276,2.9220702587784277,9228.984178406137,9.228984178406137,693.8612656713117,0.6938612656713117,0,1,1,1,3,1,9,9,True,False,GW,WELL  #1,BRIMFIELD,1,,,,,,,,,,,False,,False,0.0,0.0,False,False,False,0
MA1043004,2618.5620666128975,2.6185620666128977,24189.61667141638,24.18961667141638,1864.7407242756772,1.8647407242756773,3979.2239087493626,3.9792239087493626,3626.876114118139,3.626876114118139,0,0,2,0,3,3,12,9,False,False,TNC,DCR BRIMFIELD STATE FOREST,BRIMFIELD,2,,,,,,,,,,,False,,False,0.0,0.0,False,False,False,0
MA1043006,8135.146968189378,8.135146968189378,32293.840149427102,32.293840149427105,4913.930635834917,4.913930635834917,5447.994534847723,5.447994534847723,2688.5426963548234,2.6885426963548236,0,0,0,1,1,4,9,6,False,False,TNC,WOODLAND INN,BRIMFIELD,1,,,,,,,,,,,False,,False,0.0,0.0,False,False,False,0
MA1043008,4464.039353549468,4.464039353549468,28555.406121794014,28.555406121794014,2812.3666671331275,2.8123666671331273,9087.445253523623,9.087445253523624,839.730883464233,0.839730883464233,0,1,1,1,2,1,9,9,False,False,TNC,BRIMFIELD MARKET,BRIMFIELD,1,,,,,,,,,,,False,,False,0.0,0.0,False,False,False,0
MA1043011,4709.658167734522,4.709658167734522,28766.118686155303,28.766118686155302,2801.205193604357,2.8012051936043574,8849.5357366113,8.8495357366113,975.3332199517046,0.9753332199517045,0,1,1,1,2,1,9,9,False,False,TNC,HITCHCOCK FREE ACADEMY,BRIMFIELD,1,,,,,,,,,,,False,,False,0.0,0.0,False,False,False,0
MA1043014,4342.309077845452,4.342309077845451,28540.22373352527,28.54022373352527,3135.726509428098,3.135726509428098,9199.992491791616,9.199992491791615,480.47434103299423,0.48047434103299425,0,1,0,1,3,1,9,9,False,False,NTNC,BRIMFIELD ELEMENTARY SCHOOL,BRIMFIELD,1,,,,,,,,,,,False,,False,0.0,0.0,False,False,False,0
MA1043015,3434.618360469112,3.434618360469112,27659.76849917746,27.65976849917746,3070.851367854233,3.070851367854233,8500.060205210104,8.500060205210104,1065.57952368365,1.06557952368365,0,0,0,1,3,1,11,9,False,False,TNC,FRANCESCOS ITALIAN RESTAURANT,BRIMFIELD,2,,,,,,,,,,,False,,False,0.0,0.0,False,False,False,0
MA1043017,4363.979526429762,4.363979526429762,28459.835894802884,28.459835894802882,2793.393284571924,2.7933932845719243,9187.344834206759,9.187344834206758,831.6390731041962,0.8316390731041962,0,1,1,1,2,1,9,9,False,False,TNC,VILLA SOFIA,BRIMFIELD,1,,,,,,,,,,,False,,False,0.0,0.0,False,False,False,0
MA1043018,8000.163119801882,8.000163119801883,32197.881738712353,32.197881738712354,4721.192576223244,4.721192576223244,5617.565593987996,5.6175655939879965,2855.6621523610165,2.8556621523610164,0,0,0,1,2,4,9,6,False,False,TNC,HARRINGTON PHYSICIAN SERVICES,BRIMFIELD,1,,,,,,,,,,,False,,False,0.0,0.0,False,False,False,0
MA1043019,8724.828904686961,8.72482890468696,33680.6274030355,33.6806274030355,3973.861364260993,3.9738613642609932,4556.447723174877,4.556447723174877,2023.8389150319906,2.0238389150319906,0,0,0,2,2,4,9,11,False,False,TNC,QUINEBAUG COVE CAMPSITE,BRIMFIELD,2,,,,,,,,,,,False,,False,0.0,0.0,False,False,False,0
MA1043020,7467.543278302911,7.4675432783029105,31769.463256156683,31.769463256156683,4150.352024746312,4.150352024746312,6324.833877021322,6.324833877021322,3072.3931116706294,3.0723931116706296,0,0,0,0,2,3,9,6,False,False,TNC,VILLAGE GREEN CAMPGROUND,BRIMFIELD,1,,,,,,,,,,,False,,False,0.0,0.0,False,False,False,0
MA1043023,8124.7640414971365,8.124764041497137,32290.164880164695,32.290164880164696,4880.315382188875,4.880315382188876,5463.816103334527,5.463816103334527,2703.4962419591157,2.7034962419591158,0,0,0,1,1,4,9,6,False,False,TNC,MOJOS RISE N DINE,BRIMFIELD,1,,,,,,,,,,,False,,False,0.0,0.0,False,False,False,0
MA1043024,6325.184073811995,6.325184073811996,30604.077186788872,30.60407718678887,4562.518094254785,4.562518094254785,7223.746819505976,7.223746819505976,1920.0767713175994,1.9200767713175995,0,0,0,1,2,3,9,6,False,False,TNC,SPRINGFIELD BOYS CLUB,BRIMFIELD,2,,,,,,,,,,,False,,False,0.0,0.0,False,False,False,0
MA1043025,4421.637740861634,4.421637740861634,28712.47580661413,28.71247580661413,3588.468993934184,3.5884689939341836,9170.120704194384,9.170120704194384,34.49281313362924,0.034492813133629244,0,1,0,1,3,1,9,9,False,False,NTNC,VIANT AS AND O HOLDING LLC,BRIMFIELD,1,,,,,,,,,,,False,,False,0.0,0.0,False,False,False,0
MA1043026,4505.225595390569,4.505225595390569,28617.76706990014,28.61776706990014,2893.457428195149,2.8934574281951493,9040.936970178776,9.040936970178777,774.3284956134912,0.7743284956134913,0,1,1,1,2,1,9,9,False,False,TNC,CUMBERLAND FARMS STORE #2080,BRIMFIELD,1,,,,,,,,,,,False,,False,0.0,0.0,False,False,False,0
MA1043027,8471.936897362628,8.471936897362628,33391.646024232956,33.391646024232955,4795.241788983659,4.795241788983659,4446.087864718513,4.446087864718513,1698.0075406053102,1.6980075406053101,0,0,0,2,1,4,9,9,False,False,TNC,MK FUEL INC,BRIMFIELD,1,,,,,,,,,,,False,,False,0.0,0.0,False,False,False,0
MA1043028,3280.3132565514934,3.2803132565514934,27462.49195166903,27.46249195166903,2924.018586634036,2.9240185866340362,8373.803535834026,8.373803535834027,1286.2981193518988,1.2862981193518987,0,0,1,1,4,1,11,9,False,False,TNC,COLLINS APPLE BARN,BRIMFIELD,1,,,,,,,,,,,False,,False,0.0,0.0,False,False,False,0
MA1043029,4707.662187156305,4.707662187156305,28861.05290766724,28.86105290766724,3110.263788415106,3.110263788415106,8832.984564444045,8.832984564444045,686.178885245018,0.686178885245018,0,1,0,1,3,1,9,8,False,False,TNC,SOPHIES COFFEEHOUSE,BRIMFIELD,1,,,,,,,,,,,False,,False,0.0,0.0,False,False,False,0
MA1043030,4022.2240523830997,4.0222240523831,28206.651149060675,28.206651149060676,2997.3143584530267,2.9973143584530266,9091.203372312437,9.091203372312437,672.8349616925884,0.6728349616925884,0,1,1,1,3,1,9,9,False,False,TNC,BRIMFIELD WINERY AND CIDERY,BRIMFIELD,1,,,,,,,,,,,False,,False,0.0,0.0,False,False,False,0
MA1047000,19401.14480038886,19.401144800388863,50369.313464359824,50.36931346435983,3133.6310139764955,3.1336310139764953,1966.879380357434,1.966879380357434,5560.881956944891,5.560881956944891,0,0,0,0,4,0,11,1,False,False,NTNC,MOHAWK TRAIL REGIONAL HIGH SCHOOL,BUCKLAND,1,,,,,,,,,,,False,,False,0.0,0.0,False,False,False,0
MA1047002,20000.244745995587,20.000244745995587,50522.51279552935,50.52251279552935,3625.9372565297263,3.6259372565297263,2351.1781978150098,2.3511781978150097,6021.729799936649,6.021729799936649,0,0,0,0,4,0,11,1,False,False,TNC,BUCKLAND RECREATION FACILITY,BUCKLAND,1,,,,,,,,,,,False,,False,0.0,0.0,False,False,False,0
MA1053004,15123.584119218029,15.123584119218028,56324.612673439435,56.32461267343943,3687.7509273851265,3.6877509273851263,4692.417448303773,4.6924174483037735,5110.860009725122,5.110860009725122,0,0,0,0,2,0,7,1,False,False,TNC,DCR MOHAWK TRAIL STATE FOREST,CHARLEMONT,3,,,,,,,,,,,False,,False,0.0,0.0,False,False,False,0
MA1053007,20321.278702067626,20.321278702067627,53770.16946518651,53.77016946518651,4963.861056937841,4.963861056937841,407.54204566068614,0.40754204566068614,9730.355191192622,9.730355191192622,0,0,0,0,1,0,4,1,False,False,NTNC,HAWLEMONT REGIONAL SCHOOL,CHARLEMONT,2,,,,,,,,,,,False,,False,0.0,0.0,False,False,False,0
MA1053008,23541.71306713608,23.54171306713608,51798.62603458041,51.79862603458041,2564.7777073711195,2.5647777073711193,5281.099641241802,5.281099641241802,9353.3260296444,9.3533260296444,0,0,1,0,1,0,9,1,False,False,TNC,OLDE WILLOW MOTOR INN AND RESTAURANT,CHARLEMONT,1,,,,,,,,,,,False,,False,0.0,0.0,False,False,False,0
MA1053011,22864.7742041471,22.8647742041471,52554.70843584797,52.55470843584797,2227.6977595089647,2.2276977595089646,5299.893356291591,5.299893356291591,7475.369196421182,7.475369196421182,0,0,1,0,1,0,11,1,False,False,TNC,COUNTRY AIRE CAMPGROUND,CHARLEMONT,1,,,,,,,,,,,False,,False,0.0,0.0,False,False,False,0
MA1053014,20218.726343058468,20.218726343058467,53821.338789224064,53.821338789224065,5166.49045148299,5.166490451482989,262.9282957290044,0.2629282957290044,9611.06115962125,9.611061159621249,0,0,0,0,0,0,4,1,False,False,TNC,90 MAIN EATERY,CHARLEMONT,1,,,,,,,,,,,False,,False,0.0,0.0,False,False,False,0
MA1053015,20430.28522130741,20.43028522130741,53356.93156454922,53.356931564549214,4724.85272164213,4.724852721642129,900.8090862139484,0.9008090862139484,10231.2660111522,10.2312660111522,0,0,0,0,1,0,5,0,False,False,TNC,BERKSHIRE EAST SKI AREA,CHARLEMONT,2,,,,,,,,,,,False,,False,0.0,0.0,False,False,False,0
MA1053016,22576.89793323976,22.57689793323976,51661.9683043415,51.6619683043415,3001.3036707287665,3.0013036707287664,4765.316723119278,4.765316723119279,7758.936782724122,7.758936782724122,0,0,0,0,1,0,11,1,False,False,TNC,RED ROSE MOTEL,CHARLEMONT,1,,,,,,,,,,,False,,False,0.0,0.0,False,False,False,0
MA1053017,22343.464739660765,22.343464739660764,51803.286645766544,51.80328664576654,2933.4801557746496,2.9334801557746495,4599.596941657781,4.599596941657781,7445.26892172603,7.44526892172603,0,0,1,0,1,0,11,1,False,False,TNC,THE OXBOW,CHARLEMONT,2,,,,,,,,,,,False,,False,0.0,0.0,False,False,False,0
MA1053019,20336.953219810726,20.336953219810727,51240.439931330635,51.240439931330634,3414.137448386175,3.414137448386175,2982.059937214563,2.982059937214563,5716.533650740498,5.716533650740498,0,0,0,0,3,0,11,1,False,False,TNC,HILLTOP MOTEL,CHARLEMONT,1,,,,,,,,,,,False,,False,0.0,0.0,False,False,False,0
MA1053021,17904.21366656037,17.90421366656037,55970.34889792733,55.97034889792733,4083.098196118003,4.083098196118003,2977.8780292674915,2.9778780292674916,6598.308942841846,6.598308942841846,0,0,0,0,2,0,7,1,False,False,TNC,MOHAWK PARK,CHARLEMONT,1,,,,,,,,,,,False,,False,0.0,0.0,False,False,False,0
MA1053023,20203.659029978568,20.203659029978567,51044.36668531108,51.044366685311076,3413.5130564306414,3.4135130564306415,2787.1076400818015,2.7871076400818016,5749.747236170417,5.749747236170417,0,0,0,0,3,0,11,1,False,False,TNC,CRAB APPLE WHITEWATER,CHARLEMONT,1,,,,,,,,,,,False,,False,0.0,0.0,False,False,False,0
MA1053024,22782.487898460317,22.782487898460317,52308.707165891625,52.308707165891626,2511.2815774957326,2.5112815774957324,4122.299340847554,4.122299340847554,10236.395376745519,10.236395376745518,0,0,1,0,1,0,10,0,False,False,NTNC,THE ACADEMY AT CHARLEMONT,CHARLEMONT,1,,,,,,,,,,,False,,False,0.0,0.0,False,False,False,0
MA1053025,20347.72580429323,20.34772580429323,53884.792339695654,53.88479233969566,5051.299784536223,5.051299784536224,329.5954137060259,0.3295954137060259,9617.840856457919,9.617840856457919,0,0,0,0,0,0,4,1,False,False,TNC,THE CHARLEMONT INN,CHARLEMONT,1,,,,,,,,,,,False,,False,0.0,0.0,False,False,False,0
MA1053026,20159.30671652155,20.159306716521552,53837.96441240421,53.83796441240421,5241.336809985784,5.241336809985785,198.35771597396584,0.19835771597396584,9557.014886957875,9.557014886957875,0,0,0,0,0,0,4,1,False,False,TNC,BERKSHIRE PIZZERIA,CHARLEMONT,1,,,,,,,,,,,False,,False,0.0,0.0,False,False,False,0
MA1053027,20637.203950405743,20.63720395040574,53825.909960734025,53.82590996073402,4697.553069736718,4.697553069736718,689.3027093166755,0.6893027093166755,9865.89355348775,9.86589355348775,0,0,0,0,1,0,4,1,False,False,TNC,CHARLEMONT 4FAMILY STORE,CHARLEMONT,1,,,,,,,,,,,False,,False,0.0,0.0,False,False,False,0
MA1053028,19809.78117446531,19.80978117446531,54077.22353606436,54.07722353606436,5652.670842887657,5.652670842887657,305.2334069158436,0.3052334069158436,8938.188702193698,8.938188702193699,0,0,0,0,0,0,4,1,False,False,TNC,ZOAR OUTDOOR,CHARLEMONT,3,,,,,,,,,,,False,,False,0.0,0.0,False,False,False,0
MA1053029,20140.01742111149,20.14001742111149,54853.53445138421,54.853534451384206,5520.32160641885,5.52032160641885,877.6733543325031,0.877673354332503,8427.973518172521,8.427973518172521,0,0,0,0,0,0,3,1,False,False,TNC,WARFIELD HOUSE INN,CHARLEMONT,3,,,,,,,,,,,False,,False,0.0,0.0,False,False,False,0
MA1053030,16740.809392892028,16.74080939289203,56620.70471703053,56.62070471703053,3559.8625905221097,3.5598625905221097,4144.366626930484,4.144366626930484,5688.919270568999,5.6889192705689995,0,0,0,0,2,0,7,1,True,False,GW,WELL #1,CHARLEMONT,1,,,,,,,,,,,False,,True,1.0,1147.0,True,False,False,1
MA1053031,20701.306636661968,20.70130663666197,53811.67160503129,53.81167160503129,4619.061214864416,4.6190612148644155,770.0433356484267,0.7700433356484268,9923.2672523193,9.923267252319299,0,0,0,0,1,0,4,1,False,False,TNC,WELLS PROVISIONS,CHARLEMONT,1,,,,,,,,,,,False,,False,0.0,0.0,False,False,False,0
MA1053032,20006.47785439725,20.00647785439725,53801.836485010455,53.801836485010455,5396.417192023959,5.396417192023959,194.70506854924628,0.19470506854924627,9508.708182014385,9.508708182014384,0,0,0,0,0,0,4,1,False,False,TNC,CHARLEMONT MINI SERVICE,CHARLEMONT,1,,,,,,,,,,,False,,False,0.0,0.0,False,False,False,0
MA1053033,20424.690561615196,20.424690561615197,53817.235193654786,53.81723519365479,4932.667700243539,4.932667700243539,467.73957119752737,0.46773957119752735,9741.21057727608,9.74121057727608,0,0,0,0,1,0,4,1,True,False,GW,WELL,CHARLEMONT,1,,,,,,,,,,,False,,True,1.0,1147.0,True,False,False,1
MA1053034,19869.14066600181,19.86914066600181,53876.54178509712,53.87654178509712,5587.69244453377,5.58769244453377,254.72527053795247,0.25472527053795246,9346.77464253666,9.34677464253666,0,0,0,0,0,0,4,1,False,False,TNC,COLD RIVER INC,CHARLEMONT,1,,,,,,,,,,,False,,False,0.0,0.0,False,False,False,0
MA1053035,20481.55311738455,20.48155311738455,53854.01298136788,53.85401298136788,4885.751167615311,4.885751167615311,498.2939796289339,0.4982939796289339,9735.467829357973,9.735467829357972,0,0,0,0,1,0,4,1,False,False,TNC,AVERY GENERAL STORE,CHARLEMONT,1,,,,,,,,,,,False,,False,0.0,0.0,False,False,False,0
MA1058000,10309.059126325934,10.309059126325934,58140.66071925932,58.14066071925932,1233.6230384134772,1.2336230384134772,6575.961109394703,6.5759611093947035,2291.36930665228,2.29136930665228,0,0,1,3,2,3,9,7,True,False,GW,NEW WELL #1 (02G),CHESHIRE,2,,,,,,,,,,,False,,True,1.2867781160649236e-05,2022.0,True,False,False,1
MA1058001,8666.996720201543,8.666996720201544,56383.47452272698,56.383474522726985,3679.3440415822397,3.67934404158224,6859.013850510662,6.859013850510663,2286.5005705520784,2.2865005705520782,0,0,0,3,2,5,9,19,True,False,GW,WELL #4,CHESHIRE,2,,,,,,,,,,,False,,False,0.0,0.0,False,False,False,0
MA1058002,9732.147454742768,9.732147454742767,57560.6468981151,57.560646898115095,1162.3148022703958,1.1623148022703957,6857.13078303704,6.857130783037039,2149.9786649391212,2.149978664939121,0,0,2,3,2,3,9,7,True,False,GW,WELL #1,CHESHIRE,2,,,,,,,,,,,False,,False,0.0,0.0,False,False,False,0
MA1058004,10131.037472894108,10.131037472894107,57036.5807591091,57.0365807591091,2233.0117847743386,2.2330117847743387,8133.563271509696,8.133563271509697,873.6389109923316,0.8736389109923316,0,1,1,3,2,3,8,16,False,False,TNC,COUNTRY CHARM RESTAURANT,CHESHIRE,1,,,,,,,,,,,False,,False,0.0,0.0,False,False,False,0
MA1058009,7878.339277946412,7.878339277946412,56628.127745015474,56.628127745015476,4761.063774275754,4.761063774275755,6553.575742157771,6.553575742157771,3400.6804275126356,3.4006804275126354,0,0,0,0,3,6,10,23,False,False,TNC,CHESHIRE GREEN,CHESHIRE,1,,,,,,,,,,,False,,False,0.0,0.0,False,False,False,0
MA1058011,7415.310067153168,7.415310067153168,56314.36764858739,56.314367648587385,4377.723431803614,4.377723431803615,6135.929395238074,6.135929395238074,3249.71446730435,3.24971446730435,0,0,0,0,2,6,9,24,False,False,TNC,WHITNEYS FARM MARKET AND COUNTRY GARDEN,CHESHIRE,1,,,,,,,,,,,False,,False,0.0,0.0,False,False,False,0
MA1059000,4150.686774599913,4.150686774599913,26956.2693819427,26.9562693819427,1916.504005205551,1.916504005205551,10628.985999511446,10.628985999511446,11067.540351798558,11.067540351798558,0,0,3,0,5,0,10,0,False,False,SW,AUSTIN BROOK RESERVOIR (01S),CHESTER,2,,,,,,,,,,,False,,False,0.0,0.0,False,False,False,0
MA1059002,9134.097937018923,9.134097937018923,22642.15418831107,22.642154188311068,2286.986572350479,2.286986572350479,6639.646580656208,6.639646580656208,6815.384738201272,6.8153847382012716,0,0,2,0,2,0,12,1,False,False,TNC,WILDCAT SPRINGS RESTAURANT,CHESTER,1,,,,,,,,,,,False,,False,0.0,0.0,False,False,False,0
MA1059004,5435.291126629539,5.435291126629538,26758.655475725176,26.758655475725178,2189.6158723140607,2.189615872314061,10747.02853874691,10.74702853874691,10930.127824630788,10.93012782463079,0,0,2,0,4,0,9,0,False,False,TNC,WALKER ISLAND CAMPGROUND,CHESTER,1,,,,,,,,,,,False,,False,0.0,0.0,False,False,False,0
MA1059006,10426.679933711575,10.426679933711576,21168.97876613639,21.16897876613639,3527.458657425646,3.527458657425646,5085.77431184557,5.0857743118455705,5277.802932733491,5.277802932733491,0,0,0,0,3,0,13,1,False,False,TNC,DCR CHESTER / BLANDFORD STATE FOREST,CHESTER,1,,,,,,,,,,,False,,False,0.0,0.0,False,False,False,0
MA1059010,5714.42189127829,5.71442189127829,26360.917237908292,26.360917237908293,5130.96786739601,5.13096786739601,11842.419074708787,11.842419074708786,12117.819276645358,12.117819276645358,0,0,0,0,0,0,7,0,False,False,TNC,CAMP KINNEBROOK,CHESTER,1,,,,,,,,,,,False,,False,0.0,0.0,False,False,False,0
MA1059012,4562.471079205967,4.562471079205967,26972.555556370007,26.972555556370008,243.85156066357797,0.24385156066357797,10859.20516466772,10.859205164667719,11089.947599447982,11.089947599447981,1,0,3,0,5,0,9,0,False,False,NTNC,CHESTER / MIDDLEFIELD ELEM SCHOOL,CHESTER,1,,,,,,,,,,,False,,False,0.0,0.0,False,False,False,0
MA1060001,7213.568189846851,7.213568189846851,28130.575290935096,28.130575290935095,2416.96988061305,2.41696988061305,10219.76518963968,10.21976518963968,12581.127484487559,12.581127484487558,0,0,1,0,2,0,4,0,False,False,NTNC,DAVENPORT BUILDING,CHESTERFIELD,1,,,,,,,,,,,False,,False,0.0,0.0,False,False,False,0
MA1060003,9727.446016980362,9.727446016980362,26488.04753517594,26.48804753517594,2138.7036267534804,2.1387036267534802,7072.962886423012,7.072962886423012,9410.471685948924,9.410471685948924,0,0,1,0,2,0,5,1,False,False,TNC,TOLGY WOOD CHESTERFIELD CAMP,CHESTERFIELD,3,,,,,,,,,,,False,,False,0.0,0.0,False,False,False,0
MA1060004,6926.508169870539,6.926508169870539,29734.708929261178,29.734708929261178,905.153594406973,0.905153594406973,10945.979346709993,10.945979346709994,13507.93373301608,13.50793373301608,1,0,1,0,2,0,4,0,False,False,NTNC,NEW HINGHAM REGIONAL ELEMENTARY SCHOOL,CHESTERFIELD,1,,,,,,,,,,,False,,False,0.0,0.0,False,False,False,0
MA1060005,7037.298387690346,7.037298387690346,28223.559263199786,28.223559263199785,2373.986288953877,2.373986288953877,10398.827245436069,10.398827245436069,12760.220448091508,12.760220448091507,0,0,1,0,2,0,4,0,False,False,TNC,CHESTERFIELD GENERAL STORE,CHESTERFIELD,1,,,,,,,,,,,False,,False,0.0,0.0,False,False,False,0
MA1060006,7686.4815621749485,7.686481562174949,27776.805158921172,27.77680515892117,2702.261865137939,2.702261865137939,9730.989902561867,9.730989902561866,12072.554830840496,12.072554830840495,0,0,1,0,2,0,4,0,False,False,NTNC,HILLTOWN COMMUNITY DEVELOPMENT CORP,CHESTERFIELD,1,,,,,,,,,,,False,,False,0.0,0.0,False,False,False,0
MA1060008,7428.99508738225,7.42899508738225,28006.2929033719,28.0062929033719,2498.5682921722037,2.4985682921722034,9999.90847169282,9.99990847169282,12359.149838858353,12.359149838858354,0,0,1,0,2,0,4,0,False,False,TNC,CHESTERFIELD CONGREGATIONAL CHURCH,CHESTERFIELD,1,,,,,,,,,,,False,,False,0.0,0.0,False,False,False,0
MA1063003,3197.56228849033,3.19756228849033,68730.3029364879,68.7303029364879,2839.8066310502186,2.8398066310502186,1698.088926581001,1.698088926581001,4157.552860307781,4.157552860307781,0,0,1,0,1,1,11,5,True,False,GW,RED MILLS SPRING,CLARKSBURG,1,,,,,,,,,,,False,,False,0.0,0.0,False,False,False,0
MA1063005,3919.7912724740895,3.9197912724740895,67623.40182146429,67.62340182146428,3933.7777381408614,3.9337777381408614,2614.3805616461154,2.6143805616461155,4773.028108935637,4.773028108935637,0,0,0,0,1,1,9,5,False,False,TNC,GOLDEN EAGLE RESTAURANT,CLARKSBURG,1,,,,,,,,,,,False,,False,0.0,0.0,False,False,False,0
MA1063008,1281.0942565951575,1.2810942565951575,70021.48112864091,70.02148112864091,592.2749524663813,0.5922749524663813,950.9932028443255,0.9509932028443255,2226.0017811607217,2.2260017811607216,1,0,1,1,1,2,14,5,False,False,NTNC,CLARKSBURG ELEMENTARY SCHOOL,CLARKSBURG,1,,,,,,,,,,,False,,False,0.0,0.0,False,False,False,0
MA1063009,4036.713773640849,4.036713773640849,70589.38104515542,70.58938104515542,2760.471874472398,2.7604718744723984,2608.4467136194926,2.6084467136194927,5039.19608381833,5.0391960838183305,0,0,1,0,1,0,9,3,False,False,TNC,DCR CLARKSBURG STATE FOREST,CLARKSBURG,2,,,,,,,,,,,False,,False,0.0,0.0,False,False,False,0
MA1063010,3165.344923842128,3.1653449238421283,69191.54998832659,69.19154998832659,2560.033891781604,2.560033891781604,1619.2514787027237,1.6192514787027237,4157.242976813299,4.157242976813299,0,0,1,0,1,1,12,4,False,False,TNC,NORTH ADAMS COUNTRY CLUB,CLARKSBURG,1,,,,,,,,,,,False,,False,0.0,0.0,False,False,False,0
MA1063012,1746.6026717840498,1.7466026717840497,70333.6426466744,70.3336426466744,399.92426003695664,0.39992426003695664,1105.9408424179542,1.1059408424179542,2678.517754238329,2.678517754238329,1,0,1,1,1,2,14,5,False,False,TNC,CLARKSBURG SENIOR CENTER,CLARKSBURG,1,,,,,,,,,,,False,,False,0.0,0.0,False,False,False,0
MA1066000,16349.125293883711,16.349125293883713,54236.01623936969,54.23601623936969,1144.2170257641656,1.1442170257641655,7650.847545795078,7.650847545795078,2239.8079156572417,2.2398079156572415,0,0,3,1,5,1,8,1,True,False,ESW,MOUNTAIN SPRING RESERVOIR,COLRAIN,2,,,,,,,,,,,False,,False,0.0,0.0,False,False,False,0
MA1066001,16814.973037155265,16.814973037155266,52653.78496855704,52.65378496855704,490.9503022343602,0.4909503022343602,5127.989004332982,5.127989004332982,738.6008956242841,0.7386008956242841,2,1,5,1,5,1,9,1,True,False,GW,WELL  #1,COLRAIN,1,,,,,,,,,,,False,,False,0.0,0.0,False,False,False,0
MA1066004,17065.235268829205,17.065235268829205,55160.57624691611,55.160576246916115,800.2445559875644,0.8002445559875644,8332.779883328438,8.332779883328438,2688.1833097421722,2.6881833097421723,1,0,2,1,4,1,5,1,False,False,NTNC,COLRAIN CENTRAL ELEM SCHOOL,COLRAIN,1,,,,,,,,,,,False,,False,0.0,0.0,False,False,False,0
MA1066005,14196.943362841312,14.196943362841312,51993.263941455196,51.9932639414552,1546.0554642479422,1.546055464247942,6821.32020745292,6.82132020745292,3200.116377407054,3.200116377407054,0,0,1,0,5,1,8,4,False,False,TNC,PINE HILL ORCHARDS,COLRAIN,1,,,,,,,,,,,False,,False,0.0,0.0,False,False,False,0
MA1066007,18828.7638605563,18.8287638605563,55922.80874481896,55.92280874481896,1233.1269604302481,1.2331269604302482,8090.518221260568,8.090518221260568,2548.028067546747,2.548028067546747,0,0,3,1,4,1,6,1,True,False,GW,WELL,COLRAIN,1,,,,,,,,,,,False,,False,0.0,0.0,False,False,False,0
MA1066008,20490.281776878102,20.490281776878103,56572.68734450278,56.57268734450278,3036.4091714007586,3.036409171400759,8140.784493694492,8.140784493694492,3470.0180972618277,3.4700180972618275,0,0,0,0,4,1,6,1,False,False,TNC,CATAMOUNT SPORTSMENS CLUB,COLRAIN,1,,,,,,,,,,,False,,False,0.0,0.0,False,False,False,0
MA1068003,17371.283463543834,17.371283463543833,37568.06125324411,37.56806125324411,1180.9251189789727,1.1809251189789727,7731.214697516588,7.731214697516588,8076.061263819167,8.076061263819167,0,0,2,0,2,0,9,1,False,False,TNC,BAKERS COUNTRY STORE,CONWAY,1,,,,,,,,,,,False,,False,0.0,0.0,False,False,False,0
MA1068004,16899.3068426488,16.899306842648798,37040.47960459972,37.040479604599724,1113.0781318534919,1.113078131853492,7856.9355197472205,7.85693551974722,7284.530214455317,7.284530214455317,0,0,2,0,2,0,9,1,False,False,TNC,HOLLY BARN,CONWAY,1,,,,,,,,,,,False,,False,0.0,0.0,False,False,False,0
MA1068005,17011.692613891228,17.011692613891228,37416.2279761858,37.4162279761858,1226.8276841443335,1.2268276841443335,8139.3822691512905,8.139382269151291,7670.135590524117,7.670135590524117,0,0,2,0,2,0,10,2,False,False,TNC,CONWAY INN,CONWAY,1,,,,,,,,,,,False,,False,0.0,0.0,False,False,False,0
MA1068006,15423.059601842484,15.423059601842484,37071.190893708335,37.071190893708334,2527.654915777873,2.527654915777873,6826.4195185097515,6.826419518509751,6124.397485347573,6.124397485347573,0,0,2,0,3,0,9,2,False,False,NTNC,CONWAY GRAMMAR SCHOOL,CONWAY,1,,,,,,,,,,,False,,False,0.0,0.0,False,False,False,0
MA1068010,17048.325747054278,17.048325747054278,37582.94196363159,37.58294196363159,1326.7747733966792,1.3267747733966793,7984.36011226014,7.98436011226014,7829.246368355079,7.829246368355078,0,0,2,0,2,0,10,2,False,False,TNC,PAGES COFFEE BAR,CONWAY,1,,,,,,,,,,,False,,False,0.0,0.0,False,False,False,0
MA1069001,7460.189600997895,7.460189600997895,36558.55673143606,36.55855673143606,2707.9662427815842,2.707966242781584,10960.960493566463,10.960960493566462,19198.037071654784,19.198037071654785,0,0,1,0,2,0,7,0,True,False,GW,FANNY RODGER SPRING (04G),CUMMINGTON,3,,,,,,,,,,,False,,False,0.0,0.0,False,False,False,0
MA1069002,6762.761736117468,6.762761736117468,43187.31892598885,43.187318925988855,1380.4857814671473,1.3804857814671472,11992.180732402947,11.992180732402947,14835.215801578168,14.835215801578167,0,0,1,0,2,0,6,0,True,False,GW,WELL #2,CUMMINGTON,1,,,,,,,,,,,False,,False,0.0,0.0,False,False,False,0
MA1069003,10812.28038683246,10.81228038683246,38456.15767601746,38.456157676017455,4879.209565508393,4.879209565508393,9064.726240691532,9.064726240691533,20079.0403841677,20.0790403841677,0,0,0,0,1,0,7,0,False,False,NTNC,SWIFT RIVER,CUMMINGTON,1,,,,,,,,,,,False,,False,0.0,0.0,False,False,False,0
MA1069007,9328.169955754423,9.328169955754424,36720.89692398306,36.72089692398306,5091.75074493035,5.0917507449303505,9734.697644056658,9.734697644056657,18782.226749528614,18.782226749528615,0,0,0,0,0,0,8,0,False,False,TNC,GREENWOOD MUSIC CAMP,CUMMINGTON,3,,,,,,,,,,,False,,False,0.0,0.0,False,False,False,0
MA1069009,9452.494102114711,9.452494102114711,38280.778404274926,38.280778404274926,3434.515803819859,3.434515803819859,10758.484819159998,10.758484819159998,20819.687799000934,20.819687799000935,0,0,0,0,3,0,6,0,False,False,TNC,SHIRE VILLAGE CAMP,CUMMINGTON,3,,,,,,,,,,,False,,False,0.0,0.0,False,False,False,0
MA1069010,8472.08626038331,8.47208626038331,37468.80820518733,37.46880820518733,3755.1656493096293,3.7551656493096295,11658.91599783559,11.658915997835589,20500.2148802768,20.5002148802768,0,0,0,0,2,0,6,0,False,False,TNC,OLD CREAMERY COOPERATIVE INC,CUMMINGTON,1,,,,,,,,,,,False,,False,0.0,0.0,False,False,False,0
MA1069011,9840.628160727454,9.840628160727453,39621.9901233751,39.6219901233751,1538.0174613405331,1.538017461340533,12187.428677123187,12.187428677123187,19079.705452017333,19.079705452017333,0,0,1,0,2,0,6,0,False,False,TNC,CUMMINGTON FARM STAND,CUMMINGTON,1,,,,,,,,,,,False,,False,0.0,0.0,False,False,False,0
MA1070000,4448.869800180124,4.448869800180124,48593.85833421408,48.593858334214076,2116.675552955522,2.116675552955522,2930.0973937577473,2.9300973937577472,2614.494573204799,2.614494573204799,0,0,2,1,2,7,9,23,True,False,ESW,WAHCONAH FALLS ROAD WELL (01G),DALTON,4,DALTON FIRE DISTRICT,6.0,174.0,False,False,,,0.0,10.5,False,True,False,True,0.29515368448337254,3706.0,True,False,False,1
MA1070003,5895.299983541572,5.895299983541572,50125.676161668205,50.1256761616682,3721.0676917903675,3.7210676917903673,3422.6562557244415,3.4226562557244415,2998.7532416170807,2.998753241617081,0,0,0,1,2,3,7,18,False,False,TNC,GARDEN AND NURSERY,DALTON,1,,,,,,,,,,,False,,False,0.0,0.0,False,False,False,0
MA1074000,7709.649301161138,7.7096493011611384,36848.597926374234,36.84859792637423,817.8542574305313,0.8178542574305313,957.3411306254063,0.9573411306254063,3702.684407006802,3.7026844070068017,1,0,1,0,2,2,9,8,True,False,GW,KEATS SPRING(02G),DEERFIELD,6,,,,,,,,,,,False,,True,1.1385685631075528e-06,1429.0,True,True,False,1
MA1074001,9062.402229443107,9.062402229443107,30827.915200594492,30.827915200594493,3165.8742857032903,3.1658742857032904,1399.963043789752,1.399963043789752,2457.3988998745076,2.4573988998745078,0,0,0,1,3,1,9,1,True,False,SW,CONWAY RESERVOIR (02S),DEERFIELD,3,SOUTH DEERFIELD WATER SUPPLY DISTRICT,4.0,116.0,False,False,,,0.0,10.5,False,True,False,False,0.0,0.0,False,False,False,0
MA1074002,6153.501631919119,6.153501631919119,40484.38530845565,40.48438530845565,3017.93026249698,3.01793026249698,2013.500125541184,2.0135001255411837,2051.925747679261,2.051925747679261,0,0,0,1,2,4,8,8,False,False,TNC,WOOLMAN HILL,DEERFIELD,2,,,,,,,,,,,False,,False,0.0,0.0,False,False,False,0
MA1074005,8332.23354498829,8.33223354498829,38430.94607166214,38.43094607166214,4252.605557399335,4.2526055573993355,1191.5035530185594,1.1915035530185594,4388.121315864488,4.388121315864487,0,0,0,0,2,2,8,8,True,False,GW,WELL #3,DEERFIELD,2,,,,,,,,,,,False,,False,0.0,0.0,False,False,False,0
MA1074008,6371.464735002626,6.371464735002626,41652.644824706156,41.65264482470616,1811.817942830697,1.8118179428306969,2397.185761579788,2.397185761579788,2282.9641916205524,2.2829641916205525,0,0,1,2,2,5,6,8,False,False,TNC,THE WOK,DEERFIELD,1,,,,,,,,,,,False,,False,0.0,0.0,False,False,False,0
MA1087000,4227.729011856203,4.227729011856203,10264.084064957658,10.26408406495766,1347.0274607024603,1.3470274607024604,1185.8059845737282,1.185805984573728,641.905971932146,0.641905971932146,0,2,2,4,7,6,16,42,True,False,GW,MALONEY WELL (07G),EASTHAMPTON,6,EASTHAMPTON WATER DEPT,8.0,232.0,False,False,,,0.0,10.5,False,True,False,True,0.216037596305497,4150.0,True,False,False,1
MA1090000,5577.67847525385,5.577678475253849,61603.512077994856,61.60351207799486,1613.8011723912464,1.6138011723912464,9934.47474378326,9.934474743783259,19482.106993615456,19.482106993615457,0,0,2,0,2,0,4,0,False,False,SW,KARNER BROOK RESERVOIR,"EGREMONT
",1,,,,,,,,,,,False,,False,0.0,0.0,False,False,False,0
MA1090002,3830.407561914791,3.8304075619147913,60576.535787100845,60.576535787100845,1839.192124280885,1.839192124280885,7261.298497784739,7.261298497784739,15944.012796257452,15.944012796257452,0,0,1,0,1,0,4,0,False,False,TNC,PROSPECT LAKE PARK,EGREMONT,1,,,,,,,,,,,False,,False,0.0,0.0,False,False,False,0
MA1090008,6112.456669004605,6.1124566690046045,60997.54098221381,60.99754098221381,103.67955095560026,0.10367955095560026,10412.153638568243,10.412153638568244,20151.97049528332,20.15197049528332,1,0,1,0,2,0,5,0,False,False,TNC,GUILDER HILLS HOMEOWNERS ASSOCIATION,EGREMONT,1,,,,,,,,,,,False,,False,0.0,0.0,False,False,False,0
MA1090009,3338.820923037476,3.338820923037476,59942.732774055665,59.94273277405566,2171.029848483004,2.171029848483004,6577.365692492143,6.577365692492143,15260.26757781098,15.26026757781098,0,0,1,0,2,0,4,0,False,False,TNC,ELM COURT RESTAURANT AND INN,EGREMONT,1,,,,,,,,,,,False,,False,0.0,0.0,False,False,False,0
MA1090012,4801.539778989347,4.801539778989347,61430.82075378178,61.43082075378178,1426.539282482808,1.426539282482808,9061.177961013002,9.061177961013001,18399.808911948392,18.39980891194839,0,0,2,0,2,0,4,0,False,False,TNC,HILLTOWN HOT PIES LLC,EGREMONT,1,,,,,,,,,,,False,,False,0.0,0.0,False,False,False,0
MA1090014,3312.5751702824327,3.312575170282433,59925.16655008407,59.92516655008407,2150.0677990034683,2.1500677990034682,6565.506061823224,6.565506061823224,15262.079411973978,15.262079411973978,0,0,1,0,2,0,4,0,False,False,TNC,NORTH  EGREMONT COUNTRY STORE INC,EGREMONT,1,,,,,,,,,,,False,,False,0.0,0.0,False,False,False,0
MA1090015,5593.001160356513,5.593001160356513,62319.51543209368,62.31951543209368,2068.5852253424655,2.0685852253424657,9771.650491754168,9.771650491754167,18950.745994413697,18.950745994413698,0,0,1,0,2,0,4,0,False,False,TNC,SHES SMILING LLC,SOUTH EGREMONT,1,,,,,,,,,,,False,,False,0.0,0.0,False,False,False,0
MA1090016,1646.448254421549,1.646448254421549,58344.84267904156,58.34484267904156,2552.5595909136628,2.552559590913663,5212.640453847113,5.212640453847113,14438.385286402334,14.438385286402333,0,0,1,0,2,0,5,0,False,False,NTNC,GREEN RIVER LUMBER INC,EGREMONT,1,,,,,,,,,,,False,,False,0.0,0.0,False,False,False,0
MA1090017,5710.6785567181905,5.71067855671819,60520.77608547137,60.52077608547137,507.23416398299594,0.5072341639829959,9983.86418525845,9.983864185258449,19742.068749591763,19.742068749591763,1,0,1,0,2,0,5,0,True,False,GW,SPRING,EGREMONT,1,,,,,,,,,,,False,,False,0.0,0.0,False,False,False,0
MA1090018,2202.5533672928595,2.2025533672928597,59027.494922292215,59.02749492229221,1900.1212074166635,1.9001212074166636,5922.457666566074,5.922457666566074,15076.521140538163,15.076521140538164,0,0,1,0,2,0,4,0,False,False,TNC,EGREMONT TOWN HALL,EGREMONT,1,,,,,,,,,,,False,,False,0.0,0.0,False,False,False,0
MA1091000,2494.708591507335,2.494708591507335,44162.265673401664,44.16226567340166,2190.0514683892957,2.1900514683892958,609.9283725545439,0.6099283725545439,2494.5967945491875,2.4945967945491874,0,0,2,1,3,3,10,9,True,False,GW,WELL #1,ERVING,1,,,,,,,,,,,False,,False,0.0,0.0,False,False,False,0
MA1091003,7045.852981030229,7.045852981030229,46989.649702643284,46.989649702643284,520.3615265928589,0.520361526592859,2014.613480164471,2.014613480164471,1383.4025215474871,1.3834025215474872,1,0,2,1,2,1,10,6,False,False,TNC,DCR ERVING STATE FOREST,ERVING,3,,,,,,,,,,,False,,False,0.0,0.0,False,False,False,0
MA1091004,9625.656512802228,9.625656512802228,46459.93905190301,46.459939051903014,946.7690998422244,0.9467690998422243,751.4129772419014,0.7514129772419015,1341.6203627491664,1.3416203627491663,1,0,2,1,3,1,8,6,False,False,TNC,ERVING TOWN OFFICES,ERVING,1,,,,,,,,,,,False,,False,0.0,0.0,False,False,False,0
MA1091005,8453.753681377159,8.453753681377158,46668.3391500868,46.6683391500868,186.00473205543793,0.18600473205543794,1374.7616922460177,1.3747616922460177,122.48985728318591,0.12248985728318591,1,1,2,1,3,1,7,5,False,False,NTNC,ERVING PAPER MILLS,ERVING,2,,,,,,,,,,,False,,False,0.0,0.0,False,False,False,0
MA1091006,7044.228323550775,7.044228323550775,46905.72408043486,46.905724080434865,561.1208141524626,0.5611208141524626,2914.477367571435,2.914477367571435,1353.6738053297772,1.3536738053297772,1,0,2,1,2,1,8,6,False,False,TNC,THE COPPER ANGEL,ERVING,1,,,,,,,,,,,False,,False,0.0,0.0,False,False,False,0
MA1091007,9728.812257546175,9.728812257546174,46344.209118776926,46.344209118776924,1094.8166328914424,1.0948166328914424,840.1410451779944,0.8401410451779945,1475.5384839867086,1.4755384839867085,0,0,2,1,3,2,8,6,False,False,TNC,ERVING STATION,ERVING,1,,,,,,,,,,,False,,False,0.0,0.0,False,False,False,0
MA1091009,2558.6698587134165,2.5586698587134165,44865.37067124238,44.86537067124238,2738.8873923501574,2.7388873923501573,1311.2516105235632,1.3112516105235632,2272.0702540458396,2.2720702540458397,0,0,1,2,3,3,9,9,False,False,TNC,FRENCH KING MOTOR INN,ERVING,1,,,,,,,,,,,False,,False,0.0,0.0,False,False,False,0
MA1091010,2866.3309776843525,2.8663309776843526,43787.199444249585,43.78719944424959,1673.111915847567,1.673111915847567,298.7689187483093,0.2987689187483093,2974.2356866314985,2.9742356866314985,0,0,2,1,3,3,11,9,True,False,GW,WELL 1,ERVING,1,,,,,,,,,,,False,,False,0.0,0.0,False,False,False,0
MA1091011,9644.88980004331,9.644889800043309,46353.111163422465,46.35311116342247,1012.4940118029461,1.0124940118029462,846.4865913946289,0.8464865913946289,1390.2817411775059,1.390281741177506,0,0,2,1,3,1,8,6,False,False,TNC,FREIGHT HOUSE ANTIQUES,ERVING,1,,,,,,,,,,,False,,False,0.0,0.0,False,False,False,0
MA1091012,9848.754746080998,9.848754746080997,46397.28755226052,46.397287552260515,1186.2067076155581,1.186206707615558,780.5502916833324,0.7805502916833323,1579.5049344384702,1.5795049344384702,0,0,2,1,3,2,9,6,False,False,TNC,BAGELS N MORE,ERVING,1,,,,,,,,,,,False,,False,0.0,0.0,False,False,False,0
MA1091014,9039.395197729464,9.039395197729464,46610.966443727964,46.61096644372797,325.0483914717832,0.3250483914717832,1009.1676158309374,1.0091676158309375,721.166799115457,0.721166799115457,1,1,2,1,3,1,7,5,False,False,TNC,CHARLES F ZILINSKI MEMORIAL FIELD,ERVING,1,,,,,,,,,,,False,,False,0.0,0.0,False,False,False,0
MA1091016,9812.160990955943,9.812160990955944,46400.70306950066,46.400703069500665,1149.672351061599,1.1496723510615992,777.5070146416946,0.7775070146416946,1542.2503276471987,1.5422503276471986,0,0,2,1,3,2,8,6,False,False,TNC,FLIS MARKET,ERVING,1,,,,,,,,,,,False,,False,0.0,0.0,False,False,False,0
MA1098004,6201.948445927416,6.201948445927417,65114.17882122862,65.11417882122862,3793.276574831447,3.793276574831447,5193.249181785929,5.193249181785929,6244.376380036379,6.244376380036378,0,0,0,0,1,0,11,5,False,False,NTNC,GABRIEL ABBOTT MEMORIAL SCHOOL,FLORIDA,1,,,,,,,,,,,False,,False,0.0,0.0,False,False,False,0
MA1098005,7600.347245376611,7.600347245376611,63830.50300509048,63.830503005090485,2448.5206632338427,2.4485206632338428,6582.189454897865,6.582189454897866,4293.55825828903,4.29355825828903,0,0,1,0,1,1,11,5,False,False,TNC,BLUE VISTA MOTOR LODGE,FLORIDA,3,,,,,,,,,,,False,,False,0.0,0.0,False,False,False,0
MA1098007,6229.819297836386,6.229819297836386,65272.43972482043,65.27243972482043,3912.051154054499,3.912051154054499,5175.2285261154775,5.175228526115477,6189.476455071612,6.1894764550716115,0,0,0,0,1,0,11,5,False,False,TNC,LILSTUGEN ICE CREAM SHOP,FLORIDA,1,,,,,,,,,,,False,,False,0.0,0.0,False,False,False,0
MA1098009,8265.761456535685,8.265761456535685,61289.12459709623,61.28912459709623,2996.699976326,2.996699976326,5594.651020162976,5.594651020162976,5610.846772846488,5.610846772846489,0,0,1,0,2,0,10,5,False,False,TNC,MANICE EDUCATION CENTER,FLORIDA,1,,,,,,,,,,,False,,False,0.0,0.0,False,False,False,0
MA1106002,8630.668107896967,8.630668107896966,52696.13474023786,52.69613474023786,1108.4477190658745,1.1084477190658746,5109.72298955361,5.10972298955361,2878.1062558803633,2.8781062558803634,0,0,3,1,5,1,6,7,True,False,GW,WELL #2,BERNARDSTON,3,,,,,,,,,,,False,,False,0.0,0.0,False,False,False,0
MA1106004,6709.660479915819,6.7096604799158195,50540.31640038741,50.54031640038741,2443.864847997364,2.443864847997364,5916.77871059479,5.91677871059479,4662.701231126695,4.662701231126696,0,0,2,0,3,2,9,8,False,False,NTNC,GILL ELEMENTARY SCHOOL,GILL,1,,,,,,,,,,,False,,False,0.0,0.0,False,False,False,0
MA1106006,1607.8864190951788,1.6078864190951787,45546.707212505986,45.546707212505986,2935.4684512365034,2.9354684512365035,1386.103010522223,1.386103010522223,1097.544280171663,1.097544280171663,0,0,1,3,1,5,8,9,False,False,TNC,BARTON COVE CAMPGROUND,GILL,1,,,,,,,,,,,False,,False,0.0,0.0,False,False,False,0
MA1106007,2141.481239991506,2.141481239991506,46056.272872994174,46.05627287299417,4566.436549819176,4.566436549819176,2961.980958030602,2.961980958030602,1186.6464709967654,1.1866464709967655,0,0,0,1,2,5,8,10,False,False,TNC,ALANS BAR B QUE,GILL,1,,,,,,,,,,,False,,False,0.0,0.0,False,False,False,0
MA1106008,5737.370217034812,5.737370217034813,49858.352847598035,49.858352847598034,2852.4903229583942,2.852490322958394,3884.8579310412592,3.8848579310412594,4292.47517333279,4.29247517333279,0,0,1,0,2,2,9,9,False,False,TNC,OAK RIDGE GOLF CLUB LLC,GILL,1,,,,,,,,,,,False,,False,0.0,0.0,False,False,False,0
MA1106009,3124.226549562792,3.1242265495627923,46918.4316122954,46.9184316122954,3819.4798109406433,3.8194798109406434,809.5165797963651,0.8095165797963652,1393.5432429810758,1.3935432429810757,0,0,0,2,1,5,8,10,False,False,TNC,F M KUZMESKUS INC,GILL,1,,,,,,,,,,,False,,False,0.0,0.0,False,False,False,0
MA1106011,5805.800477835428,5.805800477835428,49697.07038705736,49.697070387057366,3352.1810410134926,3.3521810410134925,5074.0802540014965,5.074080254001497,4177.599293687474,4.177599293687473,0,0,0,0,3,3,9,9,False,False,TNC,THE GILL TAVERN,GILL,1,,,,,,,,,,,False,,False,0.0,0.0,False,False,False,0
MA1108003,12214.734318172626,12.214734318172626,32266.19853678825,32.26619853678825,1748.1359303837153,1.7481359303837152,9039.516715443071,9.039516715443071,12035.16364666013,12.03516364666013,0,0,1,0,3,0,3,0,False,False,TNC,GOSHEN TOWN OFFICE,GOSHEN,1,,,,,,,,,,,False,,False,0.0,0.0,False,False,False,0
MA1108004,10934.24971564509,10.93424971564509,34555.11771158998,34.55511771158998,4574.543842289409,4.574543842289409,8540.313717778508,8.540313717778508,15161.651680047054,15.161651680047054,0,0,0,0,2,0,6,0,False,False,TNC,SPRUCE CORNER RESTAURANT,GOSHEN,1,,,,,,,,,,,False,,False,0.0,0.0,False,False,False,0
MA1108007,13021.60164641265,13.02160164641265,34462.5070993085,34.4625070993085,2714.7602976615467,2.7147602976615466,7452.669659681357,7.452669659681357,13894.653723545465,13.894653723545465,0,0,1,0,1,0,5,0,False,False,TNC,CAMP HOLY CROSS,GOSHEN,1,,,,,,,,,,,False,,False,0.0,0.0,False,False,False,0
MA1108008,13273.439851003726,13.273439851003726,33274.390620390775,33.274390620390776,1323.948719067102,1.323948719067102,8340.992397282667,8.340992397282667,12487.716953408077,12.487716953408077,0,0,1,0,1,0,5,0,False,False,TNC,4H CAMP HOWE INC,GOSHEN,2,,,,,,,,,,,False,,False,0.0,0.0,False,False,False,0
MA1108009,10899.298526664794,10.899298526664793,35127.96094368354,35.12796094368354,5173.386048051015,5.1733860480510145,8333.804348198106,8.333804348198106,15826.283297090944,15.826283297090944,0,0,0,0,0,0,7,0,True,False,GW,WELL #1,GOSHEN,1,,,,,,,,,,,False,,False,0.0,0.0,False,False,False,0
MA1108010,13122.013322310344,13.122013322310345,33966.19680728125,33.96619680728125,2123.5678878791014,2.1235678878791013,7162.36422266286,7.16236422266286,13302.30023104442,13.302300231044422,0,0,1,0,1,0,6,0,False,False,TNC,DCR DAR STATE FOREST,GOSHEN,2,,,,,,,,,,,False,,False,0.0,0.0,False,False,False,0
MA1108014,11238.15183451438,11.23815183451438,28497.63195878051,28.49763195878051,315.183296769476,0.315183296769476,6755.054812758498,6.755054812758498,9533.25395911695,9.53325395911695,1,0,1,0,3,0,4,1,False,False,TNC,HAMMOND ACRES WATER CORP,GOSHEN,1,,,,,,,,,,,False,,False,0.0,0.0,False,False,False,0
MA1111000,6877.037314377561,6.877037314377562,9585.49665218155,9.585496652181549,6175.613599823594,6.175613599823594,4576.167829799621,4.576167829799622,6920.088411965706,6.920088411965706,0,0,0,0,0,0,8,13,True,False,GW,WELL #1,GRANBY,2,,,,,,,,,,,False,,False,0.0,0.0,False,False,False,0
MA1111001,5021.655590879386,5.021655590879386,9960.122084125935,9.960122084125935,3958.8115727663258,3.958811572766326,5134.442760053048,5.134442760053048,5014.857261615461,5.014857261615461,0,0,0,0,2,0,7,8,True,False,GW,WELL #4,GRANBY,2,,,,,,,,,,,False,,False,0.0,0.0,False,False,False,0
MA1111002,5691.809501464313,5.691809501464313,6296.458691290489,6.296458691290489,2756.9248960348013,2.756924896034801,539.633035284754,0.539633035284754,3661.630317858095,3.661630317858095,0,0,1,0,3,3,10,35,True,False,GW,WELL #1,GRANBY,1,,,,,,,,,,,False,,False,0.0,0.0,False,False,False,0
MA1111003,5382.202813185994,5.3822028131859945,10340.421971551255,10.340421971551255,5545.499439838774,5.545499439838775,4212.540753881583,4.2125407538815836,7019.817053728669,7.019817053728668,0,0,0,0,0,0,13,27,True,False,GW,WELL #1,GRANBY,2,,,,,,,,,,,False,,False,0.0,0.0,False,False,False,0
MA1111006,6588.849006485201,6.588849006485201,8873.696123534794,8.873696123534794,5620.25695428918,5.62025695428918,4711.28551889934,4.71128551889934,6599.100914297273,6.599100914297273,0,0,0,0,0,0,8,11,False,False,NTNC,GRANBY JR SR HIGH AND EAST MEADOW SCHOOL,GRANBY,1,,,,,,,,,,,False,,False,0.0,0.0,False,False,False,0
MA1111007,7174.830460847483,7.174830460847483,7259.678924745348,7.259678924745348,4328.4505818731495,4.32845058187315,2594.4567671528744,2.594456767152874,5382.144619094058,5.382144619094058,0,0,0,0,1,0,8,19,False,False,TNC,GRANBY TOWN OFFICES,GRANBY,1,,,,,,,,,,,False,,False,0.0,0.0,False,False,False,0
MA1111009,7553.46759383774,7.55346759383774,8043.2155147942385,8.04321551479424,5402.911203772082,5.402911203772082,3772.6842582492304,3.7726842582492304,6479.269752864309,6.479269752864309,0,0,0,0,0,0,7,14,False,False,TNC,THE EARLEE MUG,GRANBY,1,,,,,,,,,,,False,,False,0.0,0.0,False,False,False,0
MA1111010,6311.7612343651035,6.311761234365104,6687.624196905297,6.687624196905297,3416.742234662497,3.416742234662497,1467.1186941710441,1.4671186941710441,4415.507588795967,4.415507588795967,0,0,0,0,3,3,11,27,False,False,TNC,KRUISIN CAFE  HAPPY DAYS MINI GOLF,GRANBY,1,,,,,,,,,,,False,,False,0.0,0.0,False,False,False,0
MA1111013,5479.868513243267,5.479868513243267,5505.442061747534,5.505442061747535,1763.5524489684892,1.7635524489684893,895.2433942567924,0.8952433942567923,2481.4587564370413,2.4814587564370414,0,0,2,2,3,6,11,48,False,False,TNC,STONY BROOK LODGE,GRANBY,1,,,,,,,,,,,False,,False,0.0,0.0,False,False,False,0
MA1111014,6900.422709392537,6.900422709392537,7208.637922873851,7.208637922873851,4169.562772678332,4.169562772678332,2332.717996117841,2.332717996117841,5207.245684935966,5.207245684935966,0,0,0,0,1,0,8,20,False,False,NTNC,WEST STREET SCHOOL,GRANBY,1,,,,,,,,,,,False,,False,0.0,0.0,False,False,False,0
MA1111015,5280.918207623252,5.280918207623252,5506.203199878172,5.506203199878172,1751.4757221097966,1.7514757221097965,1160.5062008058715,1.1605062008058715,2314.6309624104424,2.314630962410442,0,0,2,3,3,6,12,49,False,False,TNC,GRANBY MOTEL,GRANBY,1,,,,,,,,,,,False,,False,0.0,0.0,False,False,False,0
MA1111017,5326.895097647744,5.326895097647744,5623.650975527707,5.623650975527706,1873.0381001768503,1.8730381001768504,872.5427028278857,0.8725427028278857,2540.34800274033,2.5403480027403296,0,0,2,2,3,6,11,48,False,False,NTNC,INTER ALL CORPORATION,GRANBY,1,,,,,,,,,,,False,,False,0.0,0.0,False,False,False,0
MA1111020,5842.888437492603,5.8428884374926024,8995.284688693026,8.995284688693026,4792.969366124207,4.792969366124208,5599.10401681022,5.5991040168102195,5930.252183689492,5.930252183689492,0,0,0,0,1,0,7,9,False,False,TNC,CINDYS DRIVE IN,GRANBY,1,,,,,,,,,,,False,,False,0.0,0.0,False,False,False,0
MA1111022,7138.262283216953,7.138262283216953,7398.916984559275,7.398916984559275,4443.374115591777,4.4433741155917765,2646.8559092751134,2.6468559092751134,5491.364118662628,5.491364118662628,0,0,0,0,1,0,8,19,False,False,TNC,ALDRICH HALL,GRANBY,1,,,,,,,,,,,False,,False,0.0,0.0,False,False,False,0
MA1111025,5249.87098669205,5.24987098669205,6264.547720367446,6.264547720367446,2591.7420277302112,2.5917420277302115,17.056721651917062,0.017056721651917062,3385.0736638027356,3.3850736638027357,0,0,1,0,3,3,9,39,True,False,GW,WELL #2,GRANBY,2,,,,,,,,,,,False,,False,0.0,0.0,False,False,False,0
MA1111027,5483.42049128091,5.48342049128091,5934.777679814192,5.934777679814192,2268.6235564921894,2.2686235564921895,312.9336807337586,0.3129336807337586,3090.6477495281206,3.0906477495281206,0,0,1,0,3,4,9,40,False,False,TNC,HALON PLAZA,GRANBY,1,,,,,,,,,,,False,,False,0.0,0.0,False,False,False,0
MA1111028,5646.398919568216,5.646398919568216,5790.144348641643,5.790144348641643,2149.658287245598,2.149658287245598,465.59189771550365,0.46559189771550363,3008.6840533156637,3.0086840533156636,0,0,2,0,3,4,9,46,False,False,TNC,AMERICAN LEGION POST #266,GRANBY,1,,,,,,,,,,,False,,False,0.0,0.0,False,False,False,0
MA1111029,5349.158778414582,5.349158778414583,5655.567207075995,5.655567207075995,1911.2978425891351,1.9112978425891352,791.3732488874672,0.7913732488874672,2606.0783272431054,2.606078327243105,0,0,2,2,3,6,11,47,False,False,TNC,PIZZA PALACE,GRANBY,1,,,,,,,,,,,False,,False,0.0,0.0,False,False,False,0
MA1111031,5535.020717344038,5.535020717344038,5774.376519664259,5.774376519664259,2094.2818970161884,2.0942818970161885,481.51121708683445,0.4815112170868345,2910.858186438195,2.910858186438195,0,0,2,1,3,5,9,46,False,False,TNC,TANYA GETS YOU FIT,GRANBY,1,,,,,,,,,,,False,,False,0.0,0.0,False,False,False,0
MA1111032,6433.095146131943,6.433095146131943,6786.874532319127,6.786874532319127,3567.249186044297,3.5672491860442967,1648.2636431259662,1.648263643125966,4576.68065709132,4.5766806570913205,0,0,0,0,3,2,9,26,False,False,TNC,CHATEAU HARMONY,GRANBY,1,,,,,,,,,,,False,,False,0.0,0.0,False,False,False,0
MA1111033,5587.092364330689,5.5870923643306885,5905.335011556515,5.905335011556516,2266.702516677518,2.266702516677518,359.6534453390018,0.3596534453390018,3119.541042970711,3.119541042970711,0,0,1,0,3,3,9,40,False,False,TNC,CUMBERLAND FARMS #2403,GRANBY,1,,,,,,,,,,,False,,False,0.0,0.0,False,False,False,0
MA1111034,5479.143782212661,5.4791437822126605,5570.332645668565,5.570332645668565,1838.1020040394164,1.8381020040394165,793.5323836828653,0.7935323836828653,2579.2531470706945,2.5792531470706943,0,0,2,2,3,6,11,46,False,False,TNC,CHESTNUT MART,GRANBY,1,,,,,,,,,,,False,,False,0.0,0.0,False,False,False,0
MA1111035,7228.071439812978,7.228071439812978,8172.083993469864,8.172083993469863,5672.46428208238,5.67246428208238,4142.043445385961,4.14204344538596,6757.836056666674,6.757836056666674,0,0,0,0,0,0,7,14,False,False,TNC,UNION MART,GRANBY,1,,,,,,,,,,,False,,False,0.0,0.0,False,False,False,0
MA1111036,7526.715739486173,7.526715739486173,7690.188711986969,7.690188711986969,5218.564711248004,5.218564711248003,3808.8591798593425,3.8088591798593425,6308.141720455131,6.308141720455131,0,0,0,0,0,0,8,16,False,False,TNC,DUFRESNE RECREATIONAL AREA,GRANBY,1,,,,,,,,,,,False,,False,0.0,0.0,False,False,False,0
MA1111037,6286.555990025744,6.286555990025744,6597.982810755022,6.597982810755022,3312.962910931224,3.312962910931224,1382.5722650857927,1.3825722650857926,4310.490271315834,4.310490271315834,0,0,0,0,3,3,11,27,False,False,NTNC,ALPHABET SOUP CHILD CARE CENTER,GRANBY,1,,,,,,,,,,,False,,False,0.0,0.0,False,False,False,0
MA1111038,5168.7390872886845,5.168739087288684,6050.766458919707,6.050766458919707,2325.4622358441547,2.325462235844155,394.12516931876434,0.39412516931876435,3045.4428094265713,3.0454428094265715,0,0,1,0,3,4,9,42,False,False,NTNC,CHILDREN FIRST ENTERPRISES INC,GRANBY,1,,,,,,,,,,,False,,False,0.0,0.0,False,False,False,0
MA1111039,5545.303645367449,5.545303645367449,6218.948452746361,6.218948452746361,2619.085761495765,2.6190857614957648,310.97259763098424,0.3109725976309842,3486.4080296231396,3.4864080296231394,0,0,1,0,3,3,9,36,True,False,GW,WELL,GRANBY,1,,,,,,,,,,,False,,False,0.0,0.0,False,False,False,0
MA1111040,5426.022033510556,5.426022033510556,5454.298549225006,5.4542985492250065,1699.924899314405,1.699924899314405,1044.6360518898025,1.0446360518898026,2355.4343555529636,2.3554343555529638,0,0,2,3,3,6,12,49,False,False,TNC,GRANBY COUNCIL OF AGING,GRANBY,1,,,,,,,,,,,False,,False,0.0,0.0,False,False,False,0
MA1111041,7191.998601653031,7.191998601653031,7635.16243492573,7.63516243492573,4683.025339020843,4.683025339020842,2834.989818899839,2.8349898188998393,5727.91549954953,5.72791549954953,0,0,0,0,1,0,8,19,False,False,TNC,GRANBY PUBLIC SAFETY COMPLEX,GRANBY,1,,,,,,,,,,,False,,False,0.0,0.0,False,False,False,0
MA1111042,7545.973445490628,7.545973445490628,7784.9576606437495,7.78495766064375,4955.542617066241,4.955542617066241,3199.203162677301,3.1992031626773008,6015.318049483431,6.015318049483431,0,0,0,0,1,0,7,16,False,False,TNC,NEW GRANBY PUBLIC LIBRARY,GRANBY,1,,,,,,,,,,,False,,False,0.0,0.0,False,False,False,0
MA1111043,5449.5107164538595,5.44951071645386,5777.609807600188,5.7776098076001885,2073.776283294299,2.073776283294299,516.0597805087325,0.5160597805087325,2855.602406318725,2.855602406318725,0,0,2,1,3,5,9,44,False,False,TNC,SUBWAY GRANBY,GRANBY,1,,,,,,,,,,,False,,False,0.0,0.0,False,False,False,0
MA1111044,6379.153024150665,6.379153024150665,6753.012764292753,6.753012764292753,3511.108811715853,3.511108811715853,1575.2130742098866,1.5752130742098867,4515.793091240436,4.515793091240436,0,0,0,0,3,2,10,26,False,False,TNC,SOMETHING SPECIAL CATERING SERVICE INC,GRANBY,1,,,,,,,,,,,False,,False,0.0,0.0,False,False,False,0
MA1111045,6495.6113373558555,6.4956113373558555,6625.01219546572,6.62501219546572,3427.0604168395903,3.4270604168395904,1604.39956663475,1.6043995666347501,4446.085037120877,4.446085037120877,0,0,0,0,3,2,10,27,False,False,TNC,DOLLAR GENERAL,GRANBY,1,,,,,,,,,,,False,,False,0.0,0.0,False,False,False,0
MA1112000,1157.091654873102,1.157091654873102,16813.863249199785,16.813863249199784,2146.1029889733395,2.1461029889733396,10566.857259818331,10.566857259818331,9962.63578745847,9.96263578745847,0,0,1,0,1,0,3,1,True,False,GW,WELL #1 SPRING,GRANVILLE,3,,,,,,,,,,,False,,False,0.0,0.0,False,False,False,0
MA1112002,6301.83725644277,6.30183725644277,24206.708651969846,24.206708651969844,8798.842740747881,8.798842740747881,17239.002786033903,17.239002786033904,17124.411003376677,17.12441100337668,0,0,0,0,0,0,1,0,False,False,TNC,DCR GRANVILLE STATE FOREST,GRANVILLE,1,,,,,,,,,,,False,,False,0.0,0.0,False,False,False,0
MA1112003,1889.1668708510979,1.8891668708510978,19468.089959624926,19.468089959624926,4992.101662679867,4.992101662679867,12664.525206363713,12.664525206363713,13061.365216199943,13.061365216199944,0,0,0,0,1,0,2,0,False,False,TNC,PROSPECT MOUNTAIN CAMPGROUND,GRANVILLE,3,,,,,,,,,,,False,,False,0.0,0.0,False,False,False,0
MA1112005,3121.3906401920085,3.1213906401920086,16207.703403982383,16.207703403982382,308.5799759403139,0.3085799759403139,8632.870838358613,8.632870838358613,8250.586306160512,8.250586306160512,1,0,1,0,2,0,4,3,False,False,TNC,NOBLE AND COOLEY COMPANY,GRANVILLE,1,,,,,,,,,,,False,,False,0.0,0.0,False,False,False,0
MA1112006,3244.661884203294,3.244661884203294,15356.465214663254,15.356465214663254,1113.8223197455168,1.1138223197455168,7943.0531880364615,7.943053188036462,7431.516597769172,7.431516597769172,0,0,1,0,2,0,4,3,False,False,NTNC,GRANVILLE VILLAGE SCHOOL,GRANVILLE,1,,,,,,,,,,,False,,False,0.0,0.0,False,False,False,0
MA1112008,4062.7774316885348,4.062777431688534,16728.35432532063,16.72835432532063,1072.6712885300085,1.0726712885300085,8044.847689923876,8.044847689923875,7882.372675410299,7.882372675410299,0,0,1,0,2,0,4,3,False,False,TNC,GRANVILLE COUNTRY STORE,GRANVILLE,1,,,,,,,,,,,False,,False,0.0,0.0,False,False,False,0
MA1112009,3227.2999571260243,3.227299957126024,15821.353753343465,15.821353753343464,712.6769662869855,0.7126769662869855,8508.724652183431,8.508724652183432,8023.507025723243,8.023507025723243,1,0,1,0,2,0,4,3,False,False,TNC,GRAN VAL FARM,GRANVILLE,1,,,,,,,,,,,False,,False,0.0,0.0,False,False,False,0
MA1112010,7841.640116937562,7.841640116937562,20568.569538340125,20.568569538340125,4795.743942275371,4.795743942275371,11090.838252207855,11.090838252207856,13862.06074110537,13.86206074110537,0,0,0,0,1,0,2,0,False,False,TNC,MAPLE CORNER FARM,GRANVILLE,1,,,,,,,,,,,False,,False,0.0,0.0,False,False,False,0
MA1113000,1596.1620970393535,1.5961620970393535,52539.667942595355,52.53966794259536,3247.863985645937,3.247863985645937,2247.0565208733633,2.2470565208733633,11098.867566403125,11.098867566403126,0,0,0,0,2,0,6,0,True,False,ESW,EAST MT RESERVOIR,GREAT BARRINGTON,2,GREAT BARRINGTON FIRE DIST,2.0,58.0,False,False,,,0.0,10.5,False,True,False,True,0.2860668800840981,1466.0,True,True,False,2
MA1113001,8656.072481585259,8.656072481585259,50773.71789809117,50.77371789809117,2109.303409406568,2.109303409406568,1542.107023392639,1.5421070233926388,5577.148822831727,5.5771488228317265,0,0,1,0,1,0,9,2,False,False,TNC,MADDEN OPEN HEART CLUB,GREAT BARRINGTON,1,,,,,,,,,,,False,,False,0.0,0.0,False,False,False,0
MA1113003,4798.238878886841,4.798238878886841,56015.26063443252,56.015260634432515,931.8936258027516,0.9318936258027516,3093.381318348634,3.093381318348634,10037.534346341155,10.037534346341156,1,0,1,0,1,0,7,0,False,False,SW,LONG POND (01S),GREAT BARRINGTON,1,,,,,,,,,,,False,,True,0.16711506620068456,647.0,True,False,False,1
MA1113006,6830.347642806382,6.830347642806382,49941.55509241085,49.941555092410844,4453.575327500934,4.453575327500934,4070.6347676394307,4.07063476763943,10341.574578924656,10.341574578924655,0,0,0,0,1,0,4,0,False,False,TNC,BUTTERNUT BASIN INC,GREAT BARRINGTON,2,,,,,,,,,,,False,,False,0.0,0.0,False,False,False,0
MA1113010,3761.1843678157506,3.761184367815751,53360.569793481205,53.360569793481204,1301.8315546644699,1.3018315546644699,3864.8282637508128,3.864828263750813,13087.582906821355,13.087582906821355,0,0,1,0,1,0,7,0,False,False,TNC,BOGIES RESTAURANT,GREAT BARRINGTON,1,,,,,,,,,,,False,,False,0.0,0.0,False,False,False,0
MA1113012,4441.134734751514,4.441134734751514,52440.406723052125,52.44040672305213,2191.861125321127,2.191861125321127,3342.6312955058693,3.3426312955058695,12130.296949150961,12.130296949150962,0,0,1,0,1,0,7,0,False,False,TNC,UAHC EISNER CAMP INSTITUTE,GREAT BARRINGTON,2,,,,,,,,,,,False,,False,0.0,0.0,False,False,False,0
MA1113013,578.3328551772149,0.5783328551772149,57289.58215436018,57.289582154360176,3271.6706723863795,3.2716706723863793,4425.64010227162,4.42564010227162,13880.543434662944,13.880543434662945,0,0,0,0,3,0,5,0,False,False,NTNC,BERKSHIRE WALDORF SCHOOL,GREAT BARRINGTON,2,,,,,,,,,,,False,,False,0.0,0.0,False,False,False,0
MA1113015,8462.807993960121,8.462807993960121,51893.61381558975,51.89361381558975,1022.4075431684072,1.0224075431684072,527.5402214593412,0.5275402214593412,5568.048121630948,5.568048121630948,0,0,1,0,3,0,8,2,False,False,TNC,BRIARCLIFF MOTEL,GREAT BARRINGTON,2,,,,,,,,,,,False,,False,0.0,0.0,False,False,False,0
MA1113016,9551.629035503747,9.551629035503748,51271.107947418976,51.271107947418976,415.3563351110122,0.41535633511101216,616.285643076991,0.6162856430769911,4374.3366411116,4.374336641111601,1,0,1,0,3,1,8,2,False,False,NTNC,MONUMENT MTN REGIONAL HS,GREAT BARRINGTON,2,,,,,,,,,,,False,,False,0.0,0.0,False,False,False,0
MA1113017,2827.335733850309,2.827335733850309,55700.30047922619,55.70030047922619,1032.689718880639,1.032689718880639,2170.3811561832567,2.170381156183257,11042.45044032606,11.04245044032606,0,0,1,0,1,0,7,0,True,False,GW,WELL #1 LIEBOWITZ,GREAT BARRINGTON,5,,,,,,,,,,,False,,False,0.0,0.0,False,False,False,0
MA1113022,4292.663038867838,4.292663038867838,56179.368663641384,56.179368663641384,424.1047597019495,0.4241047597019495,2981.7613317617747,2.9817613317617746,10484.207672408513,10.484207672408512,1,0,1,0,1,0,6,0,False,False,NTNC,"EAGLETON SCHOOL, DORMS",GREAT BARRINGTON,1,,,,,,,,,,,False,,False,0.0,0.0,False,False,False,0
MA1113023,8663.537194356024,8.663537194356024,48019.68800451382,48.01968800451382,4375.973661677828,4.375973661677828,5571.121177095396,5.571121177095396,9961.67893421144,9.961678934211442,0,0,0,0,1,0,5,1,False,False,NTNC,EAGLETON SCHOOL MAIN CAMPUS,GREAT BARRINGTON,3,,,,,,,,,,,False,,False,0.0,0.0,False,False,False,0
MA1113027,6620.1893688870805,6.620189368887081,52316.06516317303,52.31606516317303,3038.7833664211557,3.0387833664211557,2324.548454884917,2.3245484548849173,7480.874497445379,7.480874497445379,0,0,0,0,2,0,9,1,False,False,TNC,THORNEWOOD INN,GREAT BARRINGTON,1,,,,,,,,,,,False,,False,0.0,0.0,False,False,False,0
MA1113028,4829.845087121597,4.829845087121598,56313.400999478254,56.313400999478255,918.5601087178081,0.9185601087178081,3376.432861810985,3.3764328618109847,10221.148175859664,10.221148175859664,1,0,1,0,1,0,7,0,False,False,NTNC,AMERICAN INSTITUTE FOR ECONOMIC RESEARCH,GREAT BARRINGTON,1,,,,,,,,,,,False,,False,0.0,0.0,False,False,False,0
MA1113030,4095.3088706698495,4.095308870669849,53601.25651696167,53.60125651696167,160.33151815227245,0.16033151815227245,5005.593426532052,5.005593426532052,14209.648400801929,14.209648400801928,1,0,1,0,1,0,5,0,False,False,TNC,FIDDLEHEAD GRILL,GREAT BARRINGTON,1,,,,,,,,,,,False,,False,0.0,0.0,False,False,False,0
MA1113031,2471.198561564531,2.4711985615645307,56947.037598888404,56.94703759888841,3396.006332280936,3.396006332280936,6178.5900214736175,6.178590021473617,15981.746207565133,15.981746207565132,0,0,0,0,3,0,5,0,False,False,TNC,EGREMONT COUNTRY CLUB,GREAT BARRINGTON,1,,,,,,,,,,,False,,False,0.0,0.0,False,False,False,0
MA1114000,7163.706428516368,7.163706428516368,50137.34304255612,50.13734304255612,3410.2347608729647,3.4102347608729646,4305.550265837886,4.305550265837886,4126.669416929727,4.126669416929727,0,0,0,0,1,2,8,10,True,False,GW,GREEN RIVER (03S),GREENFIELD,6,GREENFIELD WATER DEPARTMENT,6.0,174.0,False,False,,,0.0,10.5,False,True,False,True,0.350009335984451,10579.0,True,True,False,2
MA1117002,2231.543594270775,2.231543594270775,15795.129410233372,15.795129410233372,2795.2637692397902,2.7952637692397904,1780.180782691445,1.780180782691445,1884.5338753603226,1.8845338753603225,0,0,1,4,2,14,10,25,True,False,GW,WELL #2  MT. WARNER,HADLEY,4,HADLEY DPW WATER DIVISION,4.0,116.0,False,False,,,0.0,10.5,False,True,False,True,6.472777462184668e-06,6571.0,True,True,False,2
MA1117006,3064.07843519327,3.0640784351932697,12621.271721633324,12.621271721633324,2733.1904772359467,2.7331904772359468,6643.450809894991,6.643450809894991,2969.3657460538147,2.9693657460538145,0,0,1,1,2,5,10,28,False,False,TNC,DCR SKINNER STATE PARK,HADLEY,1,,,,,,,,,,,False,,False,0.0,0.0,False,False,False,0
MA1120001,7520.874212182954,7.520874212182954,17302.79216867411,17.30279216867411,1430.509355357589,1.430509355357589,5207.8584418645305,5.207858441864531,5451.8178683577125,5.451817868357713,0,0,1,0,4,0,9,10,True,False,GW,WELL #2,HAMPDEN,2,,,,,,,,,,,False,,False,0.0,0.0,False,False,False,0
MA1120002,7716.8855805337735,7.7168855805337735,17209.698748439376,17.209698748439376,1433.0341832587922,1.433034183258792,4799.755720298697,4.799755720298697,5034.142926300997,5.034142926300997,0,0,1,0,6,0,9,10,True,False,GW,WELL #1,HAMPDEN,1,,,,,,,,,,,False,,False,0.0,0.0,False,False,False,0
MA1120004,7236.48382259519,7.23648382259519,16872.785761427112,16.872785761427114,1014.0311159504283,1.0140311159504283,4900.289467434393,4.900289467434393,5166.434351426784,5.166434351426784,0,0,1,0,6,0,9,12,False,False,TNC,LA CUCINA DE HAMPDEN,HAMPDEN,1,,,,,,,,,,,False,,False,0.0,0.0,False,False,False,0
MA1120005,6582.963647620247,6.582963647620247,17891.66111766084,17.89166111766084,529.4374693863118,0.5294374693863119,7944.925158593597,7.944925158593597,8244.08669150035,8.24408669150035,1,0,1,0,2,0,14,9,False,False,TNC,LAUGHING BROOK EDUCATION CTR  SANCTUARY,HAMPDEN,2,,,,,,,,,,,False,,False,0.0,0.0,False,False,False,0
MA1120006,6538.355359373645,6.538355359373645,16404.366338451855,16.404366338451855,583.0371131455083,0.5830371131455083,4962.68412605509,4.96268412605509,5260.713692155007,5.260713692155007,1,0,1,0,5,0,12,23,False,False,NTNC,THORNTON BURGESS MIDDLE SCHOOL,HAMPDEN,2,,,,,,,,,,,False,,False,0.0,0.0,False,False,False,0
MA1120008,6251.093414870758,6.251093414870758,16251.137205146793,16.251137205146794,704.7916072132882,0.7047916072132883,5315.369729869227,5.315369729869227,5633.41781716491,5.63341781716491,1,0,2,0,5,0,12,23,False,False,NTNC,GREATHORSE COUNTRY CLUB,HAMPDEN,2,,,,,,,,,,,False,,False,0.0,0.0,False,False,False,0
MA1120009,6617.07124105152,6.61707124105152,17435.42700704684,17.43542700704684,1697.6564561744974,1.6976564561744973,6849.198869220741,6.84919886922074,7142.008507723315,7.1420085077233155,0,0,2,0,3,0,12,12,False,False,TNC,LOUIES RESTAURANT,HAMPDEN,1,,,,,,,,,,,False,,False,0.0,0.0,False,False,False,0
MA1120011,6328.790257261183,6.328790257261183,17536.209756199158,17.536209756199156,972.4946476947075,0.9724946476947075,7608.876052808475,7.608876052808475,7915.671073941088,7.9156710739410885,1,0,1,0,2,0,13,10,False,False,NTNC,GREEN MEADOWS SCHOOL,HAMPDEN,1,,,,,,,,,,,False,,False,0.0,0.0,False,False,False,0
MA1120013,6964.956727048107,6.964956727048107,16367.572399728675,16.367572399728676,606.2239380514291,0.606223938051429,4495.581139189458,4.495581139189458,4785.353248298689,4.785353248298689,1,0,1,0,8,1,9,23,False,False,TNC,UNIVERSAL ADEPT SWIM INSTITUTE,HAMPDEN,1,,,,,,,,,,,False,,False,0.0,0.0,False,False,False,0
MA1120015,6709.09685911328,6.70909685911328,17137.238427834825,17.137238427834827,1615.8666325775353,1.6158666325775353,6085.688346857329,6.085688346857329,6373.392032825285,6.3733920328252855,0,0,2,0,4,0,9,12,True,False,GW,WELL #2,HAMPDEN,2,,,,,,,,,,,False,,False,0.0,0.0,False,False,False,0
MA1120017,7266.401937497416,7.266401937497416,16839.798074115246,16.839798074115247,1001.2044612756725,1.0012044612756725,4807.16039172755,4.80716039172755,5072.27411363745,5.07227411363745,0,0,1,0,6,0,9,12,False,False,TNC,ROHA ENTERPRISES II  LTD,HAMPDEN,1,,,,,,,,,,,False,,False,0.0,0.0,False,False,False,0
MA1120019,7482.600614304484,7.482600614304484,17136.196111444442,17.13619611144444,1284.3414165537947,1.2843414165537947,4992.4115316463985,4.992411531646399,5241.820023174706,5.241820023174706,0,0,1,0,5,0,9,10,False,False,TNC,THE BAGEL NOOK,HAMPDEN,1,,,,,,,,,,,False,,False,0.0,0.0,False,False,False,0
MA1120020,7531.225941387871,7.531225941387871,17234.150907161646,17.234150907161645,1373.1884503047872,1.3731884503047873,5088.6698813600615,5.088669881360062,5334.458085497369,5.334458085497369,0,0,1,0,4,0,9,10,False,False,TNC,HAMPDEN VILLAGE FOOD MART,HAMPDEN,1,,,,,,,,,,,False,,False,0.0,0.0,False,False,False,0
MA1120021,7558.967557331851,7.558967557331851,17205.31924630749,17.20531924630749,1358.9058022457423,1.3589058022457423,5003.106630423308,5.003106630423308,5247.417271992657,5.247417271992657,0,0,1,0,5,0,9,10,False,False,TNC,OCONNELL CONVENIENCE PLUS STORE #13,HAMPDEN,1,,,,,,,,,,,False,,False,0.0,0.0,False,False,False,0
MA1120022,7177.9623399261845,7.177962339926185,16849.7177818368,16.8497177818368,981.6928214831019,0.9816928214831019,4943.612168279106,4.943612168279106,5213.092128930514,5.213092128930514,1,0,1,0,6,0,9,12,False,False,NTNC,2 ALLEN ST PROFESSIONAL BLDG,HAMPDEN,1,,,,,,,,,,,False,,False,0.0,0.0,False,False,False,0
MA1120023,6525.892848850397,6.525892848850397,17776.530437273104,17.776530437273106,761.3236911662528,0.7613236911662529,7778.066553695342,7.778066553695342,8077.63951701038,8.077639517010379,1,0,1,0,2,0,14,9,True,False,GW,WELL #1,HAMPDEN,2,,,,,,,,,,,False,,False,0.0,0.0,False,False,False,0
MA1120024,6747.558807921699,6.747558807921699,16232.722230386707,16.232722230386706,400.00399512366096,0.40000399512366097,4594.257579213307,4.5942575792133065,4896.333299231257,4.896333299231257,1,0,2,0,7,1,12,24,False,False,TNC,HAMPDEN SENIOR CENTER,HAMPDEN,1,,,,,,,,,,,False,,False,0.0,0.0,False,False,False,0
MA1120025,6230.214294579678,6.230214294579678,17039.051564855206,17.039051564855207,1850.284725655917,1.8502847256559172,6716.028401860857,6.716028401860857,7025.03444921531,7.02503444921531,0,0,2,0,4,0,13,13,False,False,TNC,HAMPDEN RECREATION PARK,HAMPDEN,1,,,,,,,,,,,False,,False,0.0,0.0,False,False,False,0
MA1120026,6630.68587585502,6.630685875855019,17441.389886098983,17.44138988609898,1710.2485621451563,1.7102485621451562,6837.860055762317,6.837860055762317,7130.062164835995,7.130062164835994,0,0,2,0,3,0,12,12,False,False,TNC,GHS REALTY INC,HAMPDEN,1,,,,,,,,,,,False,,False,0.0,0.0,False,False,False,0
MA1120027,7286.471179765723,7.286471179765723,17411.569633804083,17.411569633804085,1599.876954008403,1.5998769540084028,5740.488201319126,5.740488201319127,5999.672544191648,5.999672544191648,0,0,2,0,3,0,9,10,False,False,TNC,VFW POST #9397,HAMPDEN,1,,,,,,,,,,,False,,False,0.0,0.0,False,False,False,0
MA1120028,6626.969014135849,6.626969014135849,17331.32634234629,17.331326342346287,1926.1618735175152,1.9261618735175152,6621.725748171419,6.621725748171419,6913.802973084518,6.913802973084518,0,0,2,0,3,0,12,12,False,False,TNC,CFI DBA DAILY MART,HAMPDEN,1,,,,,,,,,,,False,,False,0.0,0.0,False,False,False,0
MA1120029,6471.578424851541,6.471578424851541,17436.557476890368,17.436557476890368,1432.45004230002,1.43245004230002,7110.454374251104,7.110454374251104,7409.9308181496735,7.4099308181496735,0,0,2,0,2,0,13,12,False,False,TNC,HAMPDEN TOWN HALL,HAMPDEN,1,,,,,,,,,,,False,,False,0.0,0.0,False,False,False,0
MA1120030,7145.268379091139,7.145268379091139,16702.924006997422,16.70292400699742,862.9600520293044,0.8629600520293044,4757.014397574033,4.757014397574033,5030.679778791851,5.030679778791852,1,0,1,0,7,0,9,14,False,False,TNC,MT VIEW DRIVE IN,HAMPDEN,1,,,,,,,,,,,False,,False,0.0,0.0,False,False,False,0
MA1120031,6627.494157182782,6.627494157182782,17395.31533567948,17.39531533567948,1798.7291826679257,1.7987291826679257,6749.202274087508,6.749202274087508,7041.389579998846,7.041389579998846,0,0,2,0,3,0,12,12,False,False,TNC,VILLAGE COUNTRY KITCHEN,HAMPDEN,1,,,,,,,,,,,False,,False,0.0,0.0,False,False,False,0
MA1120033,7207.35244263427,7.20735244263427,16929.008285308697,16.929008285308697,1055.9010472527395,1.0559010472527395,5030.787334735866,5.030787334735867,5297.627539525284,5.297627539525284,0,0,1,0,5,0,9,12,False,False,NTNC,REDIKER SOFTWARE,HAMPDEN,1,,,,,,,,,,,False,,False,0.0,0.0,False,False,False,0
MA1120034,7049.488541692483,7.049488541692482,16088.286684224387,16.08828668422439,798.15905383464,0.7981590538346399,3991.4811260637844,3.9914811260637846,4287.015320495398,4.287015320495398,1,0,2,0,8,2,10,25,False,False,TNC,BETHLEHEM BAPTIST CHURCH,HAMPDEN,1,,,,,,,,,,,False,,False,0.0,0.0,False,False,False,0
MA1120035,6667.401327500184,6.667401327500184,17344.99369256024,17.34499369256024,1970.7908779046925,1.9707908779046925,6581.1714603821165,6.581171460382117,6871.41855238398,6.87141855238398,0,0,2,0,3,0,11,12,False,False,NTNC,NEW ENGLAND EQUITIES LLC,HAMPDEN,1,,,,,,,,,,,False,,False,0.0,0.0,False,False,False,0
MA1121001,6830.626633251492,6.830626633251493,62959.009442231545,62.95900944223155,9310.945294179282,9.310945294179282,5281.632988739593,5.281632988739593,4009.818617757075,4.009818617757075,0,0,0,0,0,2,4,8,True,False,GW,WELL 2,HANCOCK,2,,,,,,,,,,,False,,False,0.0,0.0,False,False,False,0
MA1121002,16440.903016132845,16.440903016132843,68241.53367128527,68.24153367128527,5302.907441433805,5.302907441433804,15068.16475467394,15.06816475467394,8707.466249323972,8.707466249323971,0,0,0,0,0,0,4,1,False,False,TNC,HUTTOPIA BERKSHIRE LLC,HANCOCK,4,,,,,,,,,,,False,,False,0.0,0.0,False,False,False,0
MA1121004,12704.037536723761,12.704037536723762,64194.32540321283,64.19432540321283,3765.3413349545085,3.7653413349545084,11723.099958692957,11.723099958692957,5188.290126406295,5.188290126406295,0,0,0,0,1,0,4,6,True,False,GW,WELL #1,HANCOCK,6,,,,,,,,,,,False,,False,0.0,0.0,False,False,False,0
MA1121005,13981.492202016423,13.981492202016423,68493.48376849286,68.49348376849287,916.7354828656372,0.9167354828656372,14023.04081942184,14.02304081942184,11006.415390820574,11.006415390820573,1,0,2,0,2,0,5,0,False,False,TNC,BERKSHIRE VALLEY INN,HANCOCK,1,,,,,,,,,,,False,,False,0.0,0.0,False,False,False,0
MA1121008,13643.179155079626,13.643179155079626,65154.06722099222,65.15406722099222,4697.84948618082,4.697849486180821,12564.813772547566,12.564813772547566,6038.727515350326,6.038727515350326,0,0,0,0,1,0,4,1,False,False,TNC,BLUEBIRD AND CO,HANCOCK,1,,,,,,,,,,,False,,False,0.0,0.0,False,False,False,0
MA1121009,15604.216450656313,15.604216450656313,66875.40883104906,66.87540883104906,4205.214353084617,4.205214353084617,14637.577795846017,14.637577795846017,8106.186460420166,8.106186460420167,0,0,0,0,2,0,5,1,False,False,NTNC,HANCOCK ELEMENTARY SCHOOL,HANCOCK,1,,,,,,,,,,,False,,False,0.0,0.0,False,False,False,0
MA1121010,13934.131323331918,13.934131323331918,65262.668287934204,65.2626682879342,4781.452423121107,4.781452423121107,13028.632083818871,13.028632083818872,6494.2326054721225,6.494232605472122,0,0,0,0,1,0,4,1,False,False,NTNC,VACATION VILLAGE IN THE BERKSHIRES,HANCOCK,1,,,,,,,,,,,False,,False,0.0,0.0,False,False,False,0
MA1121011,15678.995591905506,15.678995591905506,66794.23916691286,66.79423916691286,3762.6864771769656,3.7626864771769655,14842.141546053383,14.842141546053382,8307.933014847502,8.307933014847501,0,0,0,0,2,0,5,1,True,False,GW,WELL #2,HANCOCK,2,,,,,,,,,,,False,,False,0.0,0.0,False,False,False,0
MA1121013,4604.6141412326215,4.604614141232622,60299.10987223259,60.29910987223259,7877.1965116210895,7.877196511621089,2414.7691160254853,2.4147691160254854,1249.708206635552,1.249708206635552,0,0,0,2,0,2,5,13,False,False,TNC,LIBERTY PLAZA,HANCOCK,1,,,,,,,,,,,False,,False,0.0,0.0,False,False,False,0
MA1121014,12846.415087654299,12.846415087654298,66121.77030898817,66.12177030898818,5975.901252144771,5.975901252144771,12028.698588608806,12.028698588608806,6278.268370435525,6.278268370435525,0,0,0,0,0,0,3,1,False,False,TNC,HILLCREST ITU,HANCOCK,1,,,,,,,,,,,False,,False,0.0,0.0,False,False,False,0
MA1121015,14203.103873113443,14.203103873113443,65868.42431322804,65.86842431322803,5286.3064979689125,5.286306497968912,12895.164826881177,12.895164826881176,6434.773689222413,6.434773689222413,0,0,0,0,0,0,4,1,False,False,TNC,IOKA VALLEY FARM,HANCOCK,1,,,,,,,,,,,False,,False,0.0,0.0,False,False,False,0
MA1124000,5472.910621899197,5.472910621899198,32841.13919906851,32.84113919906851,3595.912116558491,3.595912116558491,4377.694557414546,4.377694557414546,10849.43152576343,10.84943152576343,0,0,0,0,4,0,6,0,True,False,GW,RUGGLES HILL WELL,HARDWICK,1,,,,,,,,,,,False,,False,0.0,0.0,False,False,False,0
MA1124001,2991.971085956181,2.991971085956181,30765.867693990887,30.765867693990888,1263.8378097740974,1.2638378097740974,1624.7997692750025,1.6247997692750025,6319.765289381522,6.319765289381522,0,0,2,0,3,0,11,6,True,False,GW,GP WELL #2,HARDWICK,2,,,,,,,,,,,False,,True,0.9605995861941149,856.0,True,False,False,1
MA1124002,892.32863000662,0.89232863000662,37025.50850667536,37.02550850667536,5066.2858119452585,5.066285811945258,385.2308036947861,0.38523080369478613,10640.684065467149,10.640684065467148,0,0,0,0,0,0,9,0,True,False,GW,GP WELL # 3,HARDWICK,2,,,,,,,,,,,False,,False,0.0,0.0,False,False,False,0
MA1124003,5863.640453137245,5.863640453137244,33507.04807775261,33.50704807775261,2473.3761589130713,2.473376158913071,4959.1483201876445,4.959148320187644,12242.830574588881,12.242830574588881,0,0,1,0,2,0,6,0,True,False,GW,WELL #4,HARDWICK,2,,,,,,,,,,,False,,False,0.0,0.0,False,False,False,0
MA1124007,3297.4544115825215,3.2974544115825215,27927.430466155616,27.927430466155617,2910.4810179354176,2.9104810179354175,2036.560695378793,2.036560695378793,5443.47943291729,5.44347943291729,0,0,1,0,4,0,9,4,False,False,TNC,ALLIANCE FOR THE HOMELESS,HARDWICK,1,,,,,,,,,,,False,,False,0.0,0.0,False,False,False,0
MA1124008,4630.596257887225,4.630596257887225,31871.6070502667,31.8716070502667,507.5124547003615,0.5075124547003615,2085.7636756606307,2.0857636756606306,7951.806778861051,7.951806778861051,2,0,2,0,4,0,10,5,False,False,NTNC,HARDWICK ELEMENTARY SCHOOL,HARDWICK,1,,,,,,,,,,,False,,False,0.0,0.0,False,False,False,0
MA1124009,3562.12052616142,3.56212052616142,31026.752575134098,31.026752575134097,666.8594445993759,0.666859444599376,1388.5196485109295,1.3885196485109295,6888.403478047385,6.888403478047385,1,0,2,0,4,0,11,5,False,False,TNC,HARDWICK CROSSING COUNTRY CLUB,HARDWICK,1,,,,,,,,,,,False,,False,0.0,0.0,False,False,False,0
MA1124011,2829.6719072752353,2.829671907275235,35046.04198128331,35.04604198128332,3148.7287080141323,3.1487287080141324,1671.6164411179097,1.6716164411179097,10400.297167085073,10.400297167085073,0,0,0,0,3,0,8,0,False,False,TNC,OLD FURNACE GENERAL STORE,HARDWICK,1,,,,,,,,,,,False,,False,0.0,0.0,False,False,False,0
MA1124012,5762.395999699242,5.762395999699241,27807.528207483174,27.807528207483173,1255.8424239194917,1.2558424239194916,3916.6598473797408,3.9166598473797407,6635.3354640724965,6.635335464072496,0,0,1,0,1,0,9,4,False,False,TNC,HARDWICK VINEYARD AND WINERY,HARDWICK,1,,,,,,,,,,,False,,False,0.0,0.0,False,False,False,0
MA1127000,5878.690203837258,5.878690203837258,22077.779959813288,22.077779959813288,2634.19174019161,2.6341917401916097,2886.3656993677287,2.8863656993677287,1103.6386411804572,1.103638641180457,0,0,1,1,4,10,9,22,True,False,GW,OMASTA WELL (02G),HATFIELD,3,HATFIELD WATER DEPT,8.0,232.0,True,False,,,4.0,10.5,False,True,True,False,0.0,0.0,False,False,False,0
MA1129003,10828.490923955125,10.828490923955126,47764.04972471136,47.76404972471136,3978.782150464465,3.9787821504644647,9909.367634372558,9.909367634372558,14940.04325159928,14.94004325159928,0,0,0,0,2,0,5,0,False,False,TNC,DCR DUBUQUE STATE FOREST,HAWLEY,2,,,,,,,,,,,False,,False,0.0,0.0,False,False,False,0
MA1130002,22930.71651892264,22.93071651892264,61251.291786711314,61.25129178671131,6923.137889561705,6.923137889561706,9169.726846581683,9.169726846581684,10821.564676335238,10.821564676335237,0,0,0,0,0,0,5,0,False,False,TNC,JACOBS ROAD MUNICIPAL CENTER,HEATH,1,,,,,,,,,,,False,,False,0.0,0.0,False,False,False,0
MA1130003,24202.480576752547,24.202480576752546,57609.13532596872,57.609135325968715,4175.054915716936,4.175054915716936,8655.564501313891,8.655564501313892,6933.797611233625,6.933797611233625,0,0,0,0,1,0,5,1,False,False,TNC,MOHAWK ESTATES,HEATH,2,,,,,,,,,,,False,,False,0.0,0.0,False,False,False,0
MA1130004,23923.75576074227,23.92375576074227,57937.790731585985,57.937790731585984,3610.4133281955355,3.6104133281955355,6861.978249430239,6.861978249430239,9020.987252473027,9.020987252473027,0,0,0,0,1,0,7,1,False,False,TNC,HEATH TOWN HALL AND SENIOR CENTER,HEATH,1,,,,,,,,,,,False,,False,0.0,0.0,False,False,False,0
MA1130005,23784.603018059217,23.78460301805922,56436.241888481025,56.43624188848103,2190.253569438232,2.190253569438232,5437.609736499716,5.437609736499716,9276.04294139959,9.27604294139959,0,0,1,0,1,0,6,1,False,False,TNC,WHITMORE SPRING,HEATH,1,,,,,,,,,,,False,,False,0.0,0.0,False,False,False,0
MA1132000,5202.193429022777,5.202193429022778,46876.19693107734,46.876196931077345,1659.8984465312633,1.6598984465312634,3499.095019763471,3.499095019763471,4682.820436670797,4.682820436670797,0,0,1,0,1,3,7,25,False,False,SW,BELMONT RESERVOIR,HINSDALE,1,,,,,,,,,,,False,,True,0.4503247375794543,574.0,True,False,False,1
MA1132001,5684.422016638522,5.684422016638522,45381.045325410705,45.3810453254107,5681.68315213681,5.68168315213681,2325.969929824286,2.3259699298242857,5945.699396915338,5.945699396915338,0,0,0,0,0,0,6,11,True,False,GW,DEEP WELL #2,HINSDALE,2,,,,,,,,,,,False,,False,0.0,0.0,False,False,False,0
MA1132002,7139.250858230011,7.13925085823001,44047.85428008162,44.04785428008162,4628.671887876245,4.628671887876245,1864.3075827106697,1.8643075827106697,6680.690374184862,6.680690374184862,0,0,0,0,1,0,7,10,True,False,GW,WELL #1,HINSDALE,2,,,,,,,,,,,False,,False,0.0,0.0,False,False,False,0
MA1132006,6355.738362433082,6.355738362433082,45174.36572931681,45.174365729316804,4765.393321126291,4.765393321126291,1407.4348176945205,1.4074348176945204,5524.79659586051,5.52479659586051,0,0,0,0,1,0,6,11,False,False,TNC,CAMP TACONIC,HINSDALE,3,,,,,,,,,,,False,,False,0.0,0.0,False,False,False,0
MA1132008,5918.0637706664065,5.918063770666406,45292.92509030941,45.29292509030941,5464.380962648409,5.464380962648409,2123.3884545608134,2.1233884545608133,5918.306999435684,5.918306999435684,0,0,0,0,0,0,6,11,True,False,GW,WELL #1 SHORE DRIVE,HINSDALE,2,,,,,,,,,,,False,,False,0.0,0.0,False,False,False,0
MA1132009,3207.662474597953,3.207662474597953,43093.43017077836,43.09343017077836,2552.1583338039954,2.5521583338039955,5318.427430560621,5.318427430560622,8658.262253979223,8.658262253979222,0,0,1,0,2,0,5,10,True,False,GW,WELL #1,HINSDALE,2,,,,,,,,,,,False,,False,0.0,0.0,False,False,False,0
MA1132011,6983.468023150944,6.983468023150944,43664.796578262234,43.664796578262234,5291.523088021878,5.2915230880218775,2580.2459295611216,2.5802459295611215,7280.674192136543,7.2806741921365425,0,0,0,0,0,0,4,6,False,False,TNC,BERKSHIRE LAKE CAMP,HINSDALE,1,,,,,,,,,,,False,,False,0.0,0.0,False,False,False,0
MA1132012,7157.610333873938,7.157610333873937,44166.23126484945,44.16623126484945,4691.965204662751,4.6919652046627505,1868.3236893064006,1.8683236893064006,6643.482551827027,6.643482551827027,0,0,0,0,1,0,7,10,True,False,GW,WELL #1,HINSDALE,1,,,,,,,,,,,False,,False,0.0,0.0,False,False,False,0
MA1132013,5970.446834675684,5.970446834675684,45819.5521018627,45.8195521018627,1057.655754413294,1.057655754413294,2532.154966616584,2.532154966616584,4928.76693587019,4.92876693587019,0,0,1,0,1,1,6,21,False,False,TNC,FERNWOOD FOREST CAMPGROUND INC,HINSDALE,2,,,,,,,,,,,False,,False,0.0,0.0,False,False,False,0
MA1132014,6050.502345187068,6.050502345187068,46929.08739072098,46.92908739072098,3000.45053378042,3.0004505337804197,1677.0647079154858,1.6770647079154857,3659.8975094329235,3.6598975094329234,0,0,0,0,1,3,6,19,False,False,TNC,HINSDALE TRADING COMPANY,HINSDALE,1,,,,,,,,,,,False,,False,0.0,0.0,False,False,False,0
MA1135001,10743.94929992081,10.74394929992081,34523.39045919037,34.52339045919037,1350.9681640935792,1.3509681640935791,8984.36168282414,8.98436168282414,7217.580078493592,7.217580078493592,0,0,3,0,5,0,7,5,False,False,TNC,PJS TAVERN,HOLLAND,1,,,,,,,,,,,False,,False,0.0,0.0,False,False,False,0
MA1135003,10054.944214145611,10.05494421414561,34071.84804290401,34.07184804290401,300.85700151130175,0.30085700151130174,8122.9187678972185,8.122918767897218,6223.286374295693,6.223286374295693,2,0,3,0,5,0,8,6,False,False,NTNC,HOLLAND ELEMENTARY SCHOOL,HOLLAND,1,,,,,,,,,,,False,,False,0.0,0.0,False,False,False,0
MA1135007,8998.051857440523,8.998051857440522,33186.57835851321,33.18657835851321,688.1043415748467,0.6881043415748467,7594.4963993059655,7.5944963993059655,5310.152019173712,5.310152019173712,1,0,2,0,4,0,8,6,False,False,TNC,LAKE SIOG PARK,HOLLAND,1,,,,,,,,,,,False,,False,0.0,0.0,False,False,False,0
MA1135008,11156.84257823789,11.15684257823789,35320.44233914621,35.32044233914621,1128.3796008257953,1.1283796008257954,9197.00808127618,9.19700808127618,7610.85961126929,7.61085961126929,0,0,4,0,5,0,6,5,False,False,TNC,CAUSEWAY TAVERN,HOLLAND,1,,,,,,,,,,,False,,False,0.0,0.0,False,False,False,0
MA1135011,10737.830647055356,10.737830647055356,34527.06564975501,34.52706564975501,1372.9955481971344,1.3729955481971345,8948.914532505269,8.948914532505269,7182.136963104581,7.182136963104581,0,0,3,0,5,0,7,5,False,False,TNC,HOLLANDS  MAINE ATTRACTION,HOLLAND,1,,,,,,,,,,,False,,False,0.0,0.0,False,False,False,0
MA1135012,10618.33427102733,10.61833427102733,34436.008621447094,34.436008621447094,1225.616308739696,1.225616308739696,8853.373288901998,8.853373288901997,7064.104264694412,7.0641042646944125,0,0,3,0,5,0,7,5,False,False,TNC,HOLLAND MARKET,HOLLAND,1,,,,,,,,,,,False,,False,0.0,0.0,False,False,False,0
MA1135013,9415.188895359739,9.415188895359739,33493.6403094433,33.4936403094433,142.0555538790421,0.1420555538790421,8005.540847728182,8.00554084772818,5888.908766045313,5.888908766045313,2,0,3,0,5,0,8,6,False,False,TNC,HOLLAND SENIOR CENTER,HOLLAND,1,,,,,,,,,,,False,,False,0.0,0.0,False,False,False,0
MA1135014,9728.124759542054,9.728124759542053,33722.88322539191,33.72288322539191,329.2557959125639,0.3292557959125639,8293.844479906384,8.293844479906383,6302.1408759102,6.3021408759102,2,0,3,0,5,0,8,5,False,False,TNC,BALDERELLI INC,HOLLAND,1,,,,,,,,,,,False,,False,0.0,0.0,False,False,False,0
MA1137000,4499.403207930394,4.499403207930394,4477.736802978433,4.477736802978433,2095.869985424275,2.095869985424275,3077.149249257915,3.077149249257915,1695.713479053844,1.695713479053844,0,0,2,6,3,21,22,96,False,False,ESW,MCLEAN RESERVOIR (03S),HOLYOKE,4,HOLYOKE WATER WORKS,8.0,207.0,False,False,,,0.0,10.5,False,True,False,True,0.478651003900453,30507.0,True,True,True,4
MA1137003,3059.431684310321,3.0594316843103213,11606.223333575846,11.606223333575846,1169.5585936119246,1.1695585936119246,2961.8346998384463,2.9618346998384464,2648.0287050640013,2.6480287050640015,0,0,2,2,4,5,16,38,False,False,TNC,DCR MT TOM STATE RESERVATION,HOLYOKE,1,,,,,,,,,,,False,,False,0.0,0.0,False,False,False,0
MA1143000,13446.490747683569,13.446490747683569,18152.472526061913,18.152472526061914,2299.916464358275,2.299916464358275,2244.5545739288928,2.244554573928893,2372.8196880759647,2.372819688075965,0,0,3,1,4,1,11,1,True,False,GW,WELL #2,HUNTINGTON,2,,,,,,,,,,,False,,False,0.0,0.0,False,False,False,0
MA1143002,13679.85127674157,13.679851276741571,18105.81583844457,18.10581583844457,1737.9128343030916,1.7379128343030916,4578.112088648428,4.578112088648428,4809.612171761085,4.809612171761085,0,0,1,0,4,1,10,1,False,False,TNC,THE RAPIDS BAR AND GRILL,HUNTINGTON,1,,,,,,,,,,,False,,False,0.0,0.0,False,False,False,0
MA1143003,14667.255303978478,14.667255303978479,16523.903213633424,16.523903213633425,944.3590934618194,0.9443590934618193,1955.8605105357244,1.9558605105357245,2162.601025371365,2.162601025371365,1,0,3,1,4,1,9,1,False,False,NTNC,GATEWAY REGIONAL SCHOOL,HUNTINGTON,1,,,,,,,,,,,False,,False,0.0,0.0,False,False,False,0
MA1143004,13250.073520132115,13.250073520132116,18401.677844847192,18.401677844847192,2598.7397408213105,2.5987397408213107,2543.20383332471,2.5432038333247102,2664.604863172185,2.664604863172185,0,0,2,1,4,1,11,1,False,False,TNC,COUNTY LINE TAVERN,HUNTINGTON,1,,,,,,,,,,,False,,False,0.0,0.0,False,False,False,0
MA1143006,13111.493373195122,13.111493373195122,18330.195059943602,18.330195059943602,2701.4937412463664,2.701493741246366,8089.78580665112,8.08978580665112,8269.953543235233,8.269953543235234,0,0,1,0,1,0,7,1,False,False,TNC,THE RETREAT AT NORWICH LAKE,HUNTINGTON,1,,,,,,,,,,,False,,False,0.0,0.0,False,False,False,0
MA1143007,14162.776611297955,14.162776611297955,17744.732099263038,17.744732099263036,2280.565175264985,2.280565175264985,4039.4018099179275,4.039401809917927,4267.867229310874,4.267867229310874,0,0,1,0,4,1,10,1,False,False,TNC,DCR C M GARDNER STATE FOREST,HUNTINGTON,1,,,,,,,,,,,False,,False,0.0,0.0,False,False,False,0
MA1143008,11906.116254529807,11.906116254529806,19644.48526948064,19.64448526948064,3140.5727541135952,3.1405727541135953,9136.883307892866,9.136883307892866,9337.255350614854,9.337255350614853,0,0,0,0,1,0,6,1,False,False,TNC,YMCA CAMP NORWICH,HUNTINGTON,1,,,,,,,,,,,False,,False,0.0,0.0,False,False,False,0
MA1143010,13721.538331180987,13.721538331180987,17670.168239992432,17.67016823999243,1480.8557782192759,1.480855778219276,5862.522994190514,5.862522994190513,6054.4178555445205,6.0544178555445205,0,0,1,0,2,0,7,1,False,False,TNC,NEBBS WELL,HUNTINGTON,1,,,,,,,,,,,False,,False,0.0,0.0,False,False,False,0
MA1143011,8561.754143356638,8.561754143356639,18914.1044902718,18.9141044902718,208.26234284180472,0.20826234284180473,5835.10074346379,5.835100743463791,6070.138118008783,6.070138118008783,1,0,1,0,2,0,8,1,False,False,TNC,KNIGHTVILLE DAM WATER SYSTEM,HUNTINGTON,3,,,,,,,,,,,False,,False,0.0,0.0,False,False,False,0
MA1143013,12542.813823696182,12.542813823696182,18814.564003004936,18.814564003004936,1884.982519573793,1.884982519573793,7689.363519112532,7.689363519112532,7889.427572755204,7.889427572755204,0,0,1,0,1,0,6,1,False,False,TNC,NORWICH LAKE FARM  LOWER SYSTEM,HUNTINGTON,1,,,,,,,,,,,False,,False,0.0,0.0,False,False,False,0
MA1143014,11685.856848088226,11.685856848088227,19722.877273345737,19.722877273345738,2429.8186381274977,2.4298186381274975,8568.221992480745,8.568221992480746,8779.208639187016,8.779208639187017,0,0,1,0,1,0,6,1,False,False,TNC,NORWICH LAKE FARM  UPPER SYSTEM,HUNTINGTON,1,,,,,,,,,,,False,,False,0.0,0.0,False,False,False,0
MA1148000,6558.418640965529,6.558418640965529,57956.509732063765,57.956509732063765,2577.729438563503,2.577729438563503,6659.190929605486,6.6591909296054865,2789.595494700304,2.7895954947003037,0,0,1,3,1,4,10,27,True,False,GW,GP WELL #2 TOWN BROOK,LANESBOROUGH,2,,,,,,,,,,,False,,False,0.0,0.0,False,False,False,0
MA1148007,8644.733951789272,8.644733951789272,57771.80509041491,57.771805090414915,4690.938862611714,4.6909388626117146,7622.844543098868,7.622844543098868,3476.0619489469564,3.476061948946956,0,0,0,0,1,5,10,21,False,False,TNC,CAMP MOHAWK IN THE BERKSHIRES,LANESBOROUGH,1,,,,,,,,,,,False,,False,0.0,0.0,False,False,False,0
MA1148008,10063.605553790461,10.063605553790461,60833.35617165681,60.83335617165681,2604.3585040993826,2.6043585040993826,10096.074248780742,10.096074248780742,4339.333907603291,4.339333907603291,0,0,1,0,1,1,10,17,True,False,GW,WELL #7 (02G),LANESBOROUGH,2,,,,,,,,,,,False,,False,0.0,0.0,False,False,False,0
MA1148009,4175.612675050455,4.175612675050456,54708.75093519858,54.70875093519858,2365.655382028126,2.365655382028126,4105.933258018873,4.105933258018873,414.83815872938595,0.41483815872938595,0,3,2,7,4,14,9,27,False,False,TNC,ARIZONA PIZZA COMPANY,LANESBOROUGH,1,,,,,,,,,,,False,,False,0.0,0.0,False,False,False,0
MA1148010,9851.72972315941,9.851729723159409,60210.687484345995,60.210687484345996,3303.929460387124,3.303929460387124,9716.516205657621,9.716516205657621,4913.337507210632,4.913337507210632,0,0,0,0,1,1,11,18,False,False,TNC,THE BROOK PUB  GRILL,LANESBOROUGH,1,,,,,,,,,,,False,,False,0.0,0.0,False,False,False,0
MA1148014,4082.565437984519,4.0825654379845195,54695.960162715004,54.695960162715004,2388.4421848306015,2.3884421848306014,4106.957599498781,4.106957599498781,347.8379795896804,0.3478379795896804,0,3,2,7,4,15,9,27,False,False,TNC,VS DOG HOUSE,LANESBOROUGH,1,,,,,,,,,,,False,,False,0.0,0.0,False,False,False,0
MA1148016,10890.239055866052,10.890239055866052,60937.18234327892,60.93718234327892,4051.830905546047,4.051830905546047,10597.073965043122,10.597073965043123,5409.013851572959,5.409013851572959,0,0,0,0,2,0,8,13,False,False,TNC,MT GREYLOCK CAMPSITE PARK LLC,LANESBOROUGH,2,,,,,,,,,,,False,,False,0.0,0.0,False,False,False,0
MA1148017,6034.069686399776,6.034069686399777,55200.11403957512,55.20011403957512,3013.281422837052,3.013281422837052,4792.448339282371,4.792448339282371,2121.110435420944,2.121110435420944,0,0,0,3,2,11,9,27,False,False,TNC,PITTSFIELD MOLD  TOOL,LANESBOROUGH,1,,,,,,,,,,,False,,False,0.0,0.0,False,False,False,0
MA1148018,8620.122067816672,8.620122067816672,60623.08660107214,60.62308660107214,2278.324005135761,2.278324005135761,6863.164218555087,6.863164218555087,970.9471766791175,0.9709471766791176,0,1,1,1,1,1,6,24,False,False,TNC,PONDEROSA CAMPGROUND,LANESBOROUGH,1,,,,,,,,,,,False,,False,0.0,0.0,False,False,False,0
MA1148019,9520.87167967987,9.520871679679871,59865.32590081041,59.865325900810404,3287.4762350551982,3.2874762350551983,9364.688861277738,9.364688861277738,4818.809912556801,4.818809912556801,0,0,0,0,1,1,11,21,False,False,TNC,VILLAGE AT GREYLOCK,LANESBOROUGH,1,,,,,,,,,,,False,,False,0.0,0.0,False,False,False,0
MA1148020,14206.007819439152,14.206007819439153,64365.4245976928,64.3654245976928,2398.822232488316,2.3988222324883157,12417.038666347251,12.417038666347251,7930.485085232393,7.930485085232394,0,0,2,0,3,0,6,5,False,False,TNC,DONNYBROOK COUNTRY CLUB,LANESBOROUGH,1,,,,,,,,,,,False,,False,0.0,0.0,False,False,False,0
MA1148022,13402.113706699116,13.402113706699115,64078.78229975742,64.07878229975742,3584.5568970134264,3.5845568970134263,13088.849094118359,13.088849094118359,6740.295409117962,6.740295409117961,0,0,0,0,3,0,6,6,False,False,TNC,RAMBLEWILD LLC,LANESBOROUGH,1,,,,,,,,,,,False,,False,0.0,0.0,False,False,False,0
MA1148023,9479.114770462707,9.479114770462708,59846.311183117075,59.84631118311707,3243.765066528004,3.243765066528004,9338.609464513958,9.338609464513958,4769.420245113715,4.769420245113715,0,0,0,0,1,1,11,21,False,False,TNC,PATRIOTS RESORTS WELCOME CENTER,LANESBOROUGH,1,,,,,,,,,,,False,,False,0.0,0.0,False,False,False,0
MA1150000,4527.736978362719,4.527736978362719,44267.46202252034,44.26746202252034,1460.9951144332567,1.4609951144332567,2995.1109020396825,2.9951109020396824,1725.6469261890402,1.7256469261890401,0,0,2,1,7,2,13,5,False,False,SW,VANETTI RESERVOIR (02S),LEE,4,LEE WATER DEPT,4.0,116.0,False,False,,,0.0,10.5,False,True,False,True,0.09697054078685605,956.0,True,False,False,1
MA1150002,12540.761521217913,12.540761521217913,45479.45371169997,45.47945371169997,1914.4959887681619,1.9144959887681618,2240.391955122783,2.2403919551227833,1317.6719939537468,1.3176719939537467,0,0,4,1,4,2,15,3,False,False,TNC,COLD SPRING,LEE,1,,,,,,,,,,,False,,False,0.0,0.0,False,False,False,0
MA1150003,11875.441386211778,11.875441386211778,51404.192571519096,51.4041925715191,3002.862338392518,3.002862338392518,3082.488419867991,3.082488419867991,4943.652985478619,4.943652985478619,0,0,0,0,4,2,17,4,True,False,GW,SPRING (01G),LEE,1,,,,,,,,,,,False,,False,0.0,0.0,False,False,False,0
MA1150005,9586.131058950137,9.586131058950137,42994.07816507585,42.99407816507585,1587.2006878396717,1.5872006878396716,4217.355218289009,4.217355218289009,4149.365588159247,4.149365588159247,0,0,2,0,3,1,11,3,False,False,TNC,BEAVER AUCTIONS & APPRAISALS,LEE,1,,,,,,,,,,,False,,False,0.0,0.0,False,False,False,0
MA1150012,8225.568572309956,8.225568572309957,47350.11193860325,47.35011193860325,352.23898662155966,0.35223898662155967,3366.111916779098,3.366111916779098,753.9734083932352,0.7539734083932352,2,1,4,1,5,1,11,5,False,False,TNC,MAPLE GLADE CAMPGROUNDS,LEE,1,,,,,,,,,,,False,,False,0.0,0.0,False,False,False,0
MA1150013,8832.983515319898,8.832983515319897,39799.90086566174,39.79990086566174,4127.1889493848375,4.127188949384838,7568.414984498127,7.568414984498126,7461.553151828835,7.461553151828835,0,0,0,0,3,0,12,2,False,False,TNC,NEW BELDEN TAVERN,LEE,1,,,,,,,,,,,False,,False,0.0,0.0,False,False,False,0
MA1152000,6858.7186707674755,6.858718670767476,55564.295084378326,55.56429508437832,3400.9780197851155,3.4009780197851156,4673.464743230115,4.673464743230116,6106.146418643053,6.106146418643053,0,0,0,0,4,0,12,5,False,False,SW,LOWER ROOT RESERVOIR (01S),LENOX,2,LENOX DPW WATER DIVISION,4.0,116.0,False,False,,,0.0,10.5,False,True,False,True,0.15963065430480836,1518.0,True,False,False,1
MA1152010,4746.31020752466,4.74631020752466,54405.08139234479,54.40508139234479,2483.9048125284753,2.4839048125284755,3009.799450602689,3.009799450602689,3796.212430791495,3.796212430791495,0,0,1,0,1,2,11,14,False,False,TNC,PLEASANT VALLEY WILDLIFE SANCTUARY,LENOX,1,,,,,,,,,,,False,,False,0.0,0.0,False,False,False,0
MA1154000,11647.867303541767,11.647867303541767,33771.322320319734,33.77132232031973,2430.57710639809,2.4305771063980903,9260.496080553636,9.260496080553636,11403.933571028383,11.403933571028382,0,0,1,0,1,0,7,0,False,False,TNC,LEVERETT VILLAGE CO OP,LEVERETT,1,,,,,,,,,,,False,,False,0.0,0.0,False,False,False,0
MA1154001,8942.370109444582,8.942370109444582,30058.103423970133,30.058103423970135,3268.253884600837,3.268253884600837,6179.299470328937,6.179299470328937,8923.243040857136,8.923243040857136,0,0,0,0,1,0,5,2,False,False,NTNC,LEVERETT ELEMENTARY SCHOOL,LEVERETT,1,,,,,,,,,,,False,,False,0.0,0.0,False,False,False,0
MA1154003,7275.774836691613,7.275774836691613,29114.885066802213,29.114885066802213,3955.106833486728,3.9551068334867283,3716.491894452587,3.716491894452587,7606.208720580874,7.606208720580874,0,0,0,0,2,0,6,3,False,False,TNC,MT TOBY MEETINGHOUSE,LEVERETT,1,,,,,,,,,,,False,,False,0.0,0.0,False,False,False,0
MA1154004,5230.003474119477,5.230003474119477,27054.01442803788,27.05401442803788,3490.4604446044373,3.4904604446044374,3397.2781403339386,3.3972781403339387,5745.624410099511,5.745624410099511,0,0,0,0,1,0,7,7,False,False,NTNC,HAMPSHIRE FRANKLIN CHILDRENS DAY CARE,LEVERETT,1,,,,,,,,,,,False,,False,0.0,0.0,False,False,False,0
MA1156001,14048.100488348196,14.048100488348197,55775.81163560791,55.77581163560791,6709.669138520916,6.709669138520916,10841.485644852404,10.841485644852405,8170.270130537544,8.170270130537544,0,0,0,0,0,0,5,2,False,False,NTNC,PEARL RHODES ELEM SCHOOL,LEYDEN,1,,,,,,,,,,,False,,False,0.0,0.0,False,False,False,0
MA1159001,3100.4050443560836,3.1004050443560836,14579.735659813825,14.579735659813824,817.6031720133618,0.8176031720133619,2673.381102732999,2.673381102732999,2661.497434767164,2.6614974347671643,1,0,7,2,13,22,23,72,False,False,TNC,PIONEER VALLEY YACHT CLUB,LONGMEADOW,1,,,,,,,,,,,False,,False,0.0,0.0,False,False,False,0
MA1159002,6880.78267610727,6.880782676107271,17037.51943707133,17.037519437071328,3438.161115272153,3.438161115272153,2757.7934490242324,2.7577934490242324,524.186570190348,0.524186570190348,0,1,0,5,7,7,23,39,False,False,TNC,FIELD CLUB OF LONGMEADOW,LONGMEADOW,1,,,,,,,,,,,False,,False,0.0,0.0,False,False,False,0
MA1161002,3636.0579057949817,3.636057905794982,10293.238781112677,10.293238781112677,5995.141641570767,5.9951416415707675,5094.736612425836,5.094736612425836,4577.607812631113,4.577607812631113,0,0,0,0,0,2,10,24,False,False,TNC,VILLA ROSE RESTAURANT,LUDLOW,1,,,,,,,,,,,False,,False,0.0,0.0,False,False,False,0
MA1161004,2780.525083427027,2.780525083427027,2744.116783242543,2.7441167832425433,1718.1985238044783,1.7181985238044784,4044.1306676559884,4.044130667655988,2355.7410673924232,2.3557410673924233,0,0,3,4,5,10,14,79,False,False,TNC,WESTOVER GOLF COURSE,LUDLOW,2,,,,,,,,,,,False,,False,0.0,0.0,False,False,False,0
MA1161005,3269.7325865508305,3.2697325865508304,3194.737584431808,3.194737584431808,2297.9838107505116,2.2979838107505115,3389.9616656622443,3.3899616656622444,1151.5306890588554,1.1515306890588555,0,0,1,3,4,11,16,77,False,False,TNC,CHURCH OF JESUS CHRIST OF LDS,LUDLOW,1,,,,,,,,,,,False,,False,0.0,0.0,False,False,False,0
MA1161006,3321.786935746611,3.321786935746611,3696.8881632480447,3.696888163248045,2591.9398836405,2.5919398836405,3136.437386742076,3.136437386742076,1325.9531448443245,1.3259531448443245,0,0,1,3,3,10,16,71,False,False,TNC,LUPA ZOO,LUDLOW,1,,,,,,,,,,,False,,False,0.0,0.0,False,False,False,0
MA1183002,4270.889950832915,4.270889950832915,32457.95436598378,32.45795436598378,214.16850757118874,0.21416850757118874,13260.27211259914,13.26027211259914,16911.889203336315,16.911889203336315,1,0,2,0,3,0,8,0,False,False,TNC,AZUREGREEN,WALES,1,,,,,,,,,,,False,,False,0.0,0.0,False,False,False,0
MA1190000,13839.833424850754,13.839833424850754,65682.70954822365,65.68270954822364,609.1676049881072,0.6091676049881072,315.26004252355875,0.31526004252355877,4448.362105388264,4.448362105388265,1,0,2,0,2,1,5,1,False,False,SW,PHELPS BROOK RESERVOIR,MONROE,1,,,,,,,,,,,False,,True,0.9999999999999923,2294.0,True,False,False,1
MA1191000,4578.847920615262,4.578847920615263,19574.783438837418,19.574783438837418,1615.017084342484,1.615017084342484,731.1730936513251,0.7311730936513251,160.02476877398817,0.16002476877398816,0,2,2,5,3,8,11,11,True,False,GW,BUNYAN ROAD REPLACEMENT WELL #1,MONSON,4,MONSON WATER AND SEWER DEPT,7.0,174.0,False,False,,,0.0,10.5,False,True,False,True,0.33368516859312003,1136.0,True,False,False,1
MA1191001,3810.19294238861,3.81019294238861,24292.19413875017,24.29219413875017,3088.299623987681,3.088299623987681,4029.904192345952,4.029904192345952,3894.022509828135,3.894022509828135,0,0,0,0,2,3,11,6,False,False,TNC,PARTRIDGE HOLLOW CAMPING,MONSON,1,,,,,,,,,,,False,,False,0.0,0.0,False,False,False,0
MA1191003,2663.432761005514,2.663432761005514,19746.159193240695,19.746159193240697,3725.272975041209,3.725272975041209,4454.3900882162925,4.454390088216292,5199.466716340048,5.199466716340048,0,0,0,0,2,0,9,5,False,False,TNC,SPRINGFIELD SPORTSMANS CLUB,MONSON,2,,,,,,,,,,,False,,False,0.0,0.0,False,False,False,0
MA1191004,2542.3847513746646,2.5423847513746645,21393.416800203926,21.393416800203926,2474.629933183876,2.4746299331838757,2261.2000260814416,2.2612000260814415,1141.657907182743,1.141657907182743,0,0,2,4,4,5,10,10,False,False,TNC,SUNSETVIEW FARM CAMPING AREA,MONSON,3,,,,,,,,,,,False,,False,0.0,0.0,False,False,False,0
MA1191005,5266.748211319671,5.266748211319671,14012.146556983567,14.012146556983568,4170.160045977977,4.170160045977976,4009.523125562294,4.009523125562294,3077.6240817892008,3.077624081789201,0,0,0,0,4,5,10,24,False,False,TNC,QUEST ENTERPRISES,MONSON,1,,,,,,,,,,,False,,False,0.0,0.0,False,False,False,0
MA1191007,3328.7857262011266,3.3287857262011267,23144.629981112812,23.14462998111281,3073.106079429047,3.073106079429047,2875.000667076321,2.875000667076321,2633.8417584456224,2.6338417584456226,0,0,0,1,3,3,9,9,False,False,TNC,WESTVIEW FARM,MONSON,1,,,,,,,,,,,False,,False,0.0,0.0,False,False,False,0
MA1191008,5481.525132757349,5.481525132757349,14106.603886970406,14.106603886970406,4041.4004763489934,4.0414004763489935,3793.608827181363,3.793608827181363,2901.122337758345,2.9011223377583453,0,0,0,1,4,5,10,24,False,False,TNC,MAGIC LANTERN,PALMER,1,,,,,,,,,,,False,,False,0.0,0.0,False,False,False,0
MA1191011,6241.9831513239,6.2419831513238995,14716.769785972741,14.716769785972742,3392.2060107301772,3.392206010730177,3066.79240283865,3.06679240283865,2593.0046016904,2.5930046016904,0,0,0,1,2,6,10,21,False,False,TNC,ASYLUM FITNESS,MONSON,1,,,,,,,,,,,False,,False,0.0,0.0,False,False,False,0
MA1191012,3783.0210546102394,3.783021054610239,13840.450840218838,13.840450840218839,3890.3177259271547,3.890317725927155,5583.5021293861455,5.5835021293861455,4693.397639718302,4.693397639718302,0,0,0,0,4,1,12,28,False,False,TNC,SILVER BELL FARM LLC,MONSON,1,,,,,,,,,,,False,,False,0.0,0.0,False,False,False,0
MA1191013,5680.354489689682,5.680354489689682,14449.206592079276,14.449206592079276,3701.952593494397,3.701952593494397,3632.8849534253336,3.6328849534253336,2972.2012035778157,2.9722012035778156,0,0,0,1,3,5,10,22,False,False,TNC,ARDOR CROSSFIT AND FITNESS,MONSON,1,,,,,,,,,,,False,,False,0.0,0.0,False,False,False,0
MA1191014,4641.840295273738,4.641840295273738,18077.049085776598,18.077049085776597,1886.4413815493617,1.8864413815493617,2587.401920686314,2.587401920686314,3206.6539258199264,3.2066539258199263,0,0,1,0,2,3,12,11,False,False,TNC,ECHO HILL ORCHARDS AND WINERY,MONSON,1,,,,,,,,,,,False,,False,0.0,0.0,False,False,False,0
MA1192000,3011.550105485434,3.011550105485434,38329.80784058063,38.32980784058063,3317.747201964849,3.317747201964849,1701.894891438047,1.701894891438047,3904.6544680734255,3.9046544680734256,0,0,0,0,3,3,9,10,True,False,ESW,HANNEGAN BROOK WELL,MONTAGUE,4,TURNERS FALLS WATER DEPT,4.0,116.0,False,False,,,0.0,10.5,False,True,False,True,0.31267682608777364,4036.0,True,False,False,1
MA1192003,7131.512520978785,7.131512520978784,37043.51372199152,37.043513721991516,2407.581623736134,2.4075816237361343,6127.318978564063,6.127318978564063,5563.445200085094,5.563445200085094,0,0,1,0,2,0,8,8,True,False,GW,WELL #1,MONTAGUE,1,,,,,,,,,,,False,,False,0.0,0.0,False,False,False,0
MA1192006,8506.132274875941,8.506132274875942,35875.122911726714,35.87512291172671,1483.449944388721,1.483449944388721,6603.2964873243145,6.6032964873243145,7992.056944563001,7.992056944563001,0,0,2,0,2,0,7,4,False,False,TNC,MONTAGUE RETREAT CENTER,MONTAGUE,1,,,,,,,,,,,False,,False,0.0,0.0,False,False,False,0
MA1192007,7372.632658341251,7.372632658341251,36776.97021854551,36.77697021854551,2119.483536018284,2.119483536018284,6221.949861339793,6.221949861339793,5948.397351398062,5.948397351398062,0,0,1,0,2,0,8,7,False,False,TNC,COMMON VARIETY,MONTAGUE,1,,,,,,,,,,,False,,False,0.0,0.0,False,False,False,0
MA1193000,13300.883024975152,13.300883024975152,40288.070707131155,40.288070707131155,3454.0604071782213,3.4540604071782215,9547.519279956237,9.547519279956237,13582.153799964053,13.582153799964054,0,0,0,0,1,0,5,0,True,False,ESW,SANDISFIELD RD. RESERVOIR (01S),MONTEREY,2,,,,,,,,,,,False,,False,0.0,0.0,False,False,False,0
MA1193003,11313.580116549507,11.313580116549506,43279.975244013454,43.27997524401346,818.5448711952274,0.8185448711952275,10725.006800808125,10.725006800808126,12404.074615535288,12.404074615535288,1,0,1,0,1,0,4,0,True,False,GW,WELL #2,MONTEREY,2,,,,,,,,,,,False,,False,0.0,0.0,False,False,False,0
MA1193008,14246.043139807864,14.246043139807863,38411.04938786343,38.41104938786343,5290.078836801251,5.290078836801251,8029.562463558746,8.029562463558745,14897.552209332276,14.897552209332277,0,0,0,0,0,0,6,0,False,False,TNC,HUME NEW ENGLAND 2,MONTEREY,2,,,,,,,,,,,False,,False,0.0,0.0,False,False,False,0
MA1193011,10605.093617691053,10.605093617691052,46340.84338749346,46.340843387493464,2652.388836252403,2.652388836252403,7905.008358257488,7.905008358257488,11467.35673407505,11.46735673407505,0,0,1,0,1,0,5,0,False,False,TNC,CAMP KIMAMA HALFMOON,MONTEREY,1,,,,,,,,,,,False,,False,0.0,0.0,False,False,False,0
MA1193015,9588.333169324089,9.58833316932409,44447.338945713025,44.44733894571303,2030.735253943816,2.0307352539438157,5695.457838217624,5.695457838217624,7999.162372881633,7.999162372881633,0,0,1,0,1,0,8,1,False,False,TNC,DCR BEARTOWN STATE FOREST,MONTEREY,3,,,,,,,,,,,False,,False,0.0,0.0,False,False,False,0
MA1193019,9449.536850039838,9.449536850039838,47455.6647866768,47.455664786676806,3762.555105789847,3.762555105789847,6937.7749815567995,6.9377749815567995,11460.091008160927,11.460091008160926,0,0,0,0,1,0,5,0,False,False,TNC,KSA MASS LLC,GREAT BARRINGTON,2,,,,,,,,,,,False,,False,0.0,0.0,False,False,False,0
MA1193020,14935.727400299422,14.935727400299422,37832.0317816753,37.832031781675305,5929.662708144109,5.929662708144109,7362.087845318663,7.362087845318663,15103.049780610028,15.103049780610029,0,0,0,0,0,0,6,0,False,False,TNC,HUME NEW ENGLAND 1,MONTEREY,1,,,,,,,,,,,False,,False,0.0,0.0,False,False,False,0
MA1193022,12821.127335506892,12.821127335506892,43643.119756824985,43.64311975682499,860.656951061754,0.860656951061754,9976.942604007381,9.976942604007382,10791.054132664964,10.791054132664964,1,0,1,0,1,0,3,0,False,False,TNC,ROADSIDE CAFE,MONTEREY,2,,,,,,,,,,,False,,False,0.0,0.0,False,False,False,0
MA1193023,14353.887558169992,14.353887558169992,41022.57178893248,41.02257178893248,2995.5853105376254,2.9955853105376256,9725.034982371026,9.725034982371026,11742.862584091697,11.742862584091698,0,0,1,0,2,0,5,0,False,False,TNC,LSGPO ASSOCIATION,MONTEREY,1,,,,,,,,,,,False,,False,0.0,0.0,False,False,False,0
MA1194001,7196.801360808156,7.196801360808156,8948.035353436751,8.948035353436751,3978.4708102168906,3.9784708102168906,4928.2730348017,4.9282730348017,6037.896434459572,6.037896434459572,0,0,0,0,2,0,11,15,False,False,TNC,MONTGOMERY MARKET PLACE,MONTGOMERY,2,,,,,,,,,,,False,,False,0.0,0.0,False,False,False,0
MA1194002,8591.14075295346,8.59114075295346,10349.031615106624,10.349031615106624,3213.18188209474,3.21318188209474,4310.296367554581,4.310296367554581,5644.679740671998,5.6446797406719975,0,0,0,0,2,0,12,10,False,False,TNC,MONTGOMERY TOWN BUILDINGS,MONTGOMERY,1,,,,,,,,,,,False,,False,0.0,0.0,False,False,False,0
MA1195001,11055.914643490756,11.055914643490755,60764.20856417719,60.76420856417719,6023.871324555255,6.023871324555255,16768.364056449733,16.768364056449734,26407.01637847055,26.40701637847055,0,0,0,0,0,0,2,0,False,False,TNC,YMCA CAMP HI ROCK,MOUNT WASHINGTON,4,,,,,,,,,,,False,,False,0.0,0.0,False,False,False,0
MA1195004,11984.660647672164,11.984660647672165,62255.913021313354,62.255913021313354,6578.096171182162,6.578096171182162,15879.77327616366,15.87977327616366,25648.017320270155,25.648017320270156,0,0,0,0,0,0,2,0,False,False,TNC,DCR MT WASHINGTON STATE FOREST,MOUNT WASHINGTON,1,,,,,,,,,,,False,,False,0.0,0.0,False,False,False,0
MA1200002,11178.312010205642,11.178312010205643,65742.5125917155,65.7425125917155,1942.4505404398342,1.9424505404398342,9849.015971356248,9.849015971356248,8452.33296330112,8.452332963301119,0,0,2,0,4,0,6,3,False,False,TNC,CARRIAGE HOUSE MOTEL,NEW ASHFORD,1,,,,,,,,,,,False,,False,0.0,0.0,False,False,False,0
MA1200005,13101.113632322633,13.101113632322633,65020.68460443208,65.02068460443208,1151.0691255529,1.1510691255529,11159.873922280654,11.159873922280655,8016.045054985048,8.016045054985048,0,0,2,0,3,0,6,4,False,False,TNC,SPRINGS MOTEL,NEW ASHFORD,2,,,,,,,,,,,False,,False,0.0,0.0,False,False,False,0
MA1200006,11114.75729597561,11.114757295975611,65806.04538280495,65.80604538280495,1971.708199487448,1.971708199487448,9842.54377572062,9.84254377572062,8513.491321514673,8.513491321514673,0,0,2,0,4,0,7,3,False,False,TNC,BONDU LLC,NEW ASHFORD,1,,,,,,,,,,,False,,False,0.0,0.0,False,False,False,0
MA1200007,11774.236705496756,11.774236705496756,65693.46783341227,65.69346783341227,1367.374084028524,1.367374084028524,10366.44888879298,10.36644888879298,8456.961819193091,8.456961819193092,0,0,2,0,3,0,6,3,False,False,TNC,NEW ASHFORD MOTOR INN,NEW ASHFORD,1,,,,,,,,,,,False,,False,0.0,0.0,False,False,False,0
MA1200008,13178.26265849736,13.17826265849736,65822.64741204622,65.82264741204622,427.01710370259707,0.42701710370259705,12077.269163505676,12.077269163505676,8967.85017196934,8.967850171969339,1,0,3,0,3,0,6,4,False,False,TNC,SNOWY OWL RESORT,NEW ASHFORD,3,,,,,,,,,,,False,,False,0.0,0.0,False,False,False,0
MA1200010,11227.940478453487,11.227940478453487,65681.72958785886,65.68172958785887,1928.6925114915662,1.928692511491566,9845.123248700635,9.845123248700634,8393.324041900201,8.393324041900202,0,0,2,0,4,0,6,3,False,False,TNC,RONNIES CYCLE,NEW ASHFORD,1,,,,,,,,,,,False,,False,0.0,0.0,False,False,False,0
MA1203000,4932.159459497789,4.932159459497789,45637.30336812791,45.63730336812791,5385.496422226745,5.385496422226745,13404.671470877087,13.404671470877087,18550.63925679432,18.55063925679432,0,0,0,0,0,0,4,0,True,False,GW,SPRING (01G),NEW MARLBOROUGH,2,,,,,,,,,,,False,,False,0.0,0.0,False,False,False,0
MA1203002,6664.340072496176,6.664340072496175,43161.14484222059,43.16114484222059,2965.0771088071415,2.9650771088071415,15920.072445538168,15.920072445538167,20110.8332014417,20.1108332014417,0,0,1,0,1,0,3,0,True,False,GW,DRILLED WELL (01G),NEW MARLBOROUGH,1,,,,,,,,,,,False,,False,0.0,0.0,False,False,False,0
MA1203003,6069.44422142981,6.069444221429809,42937.197544917224,42.937197544917225,2827.4798117674286,2.8274798117674287,14003.530091139095,14.003530091139096,18303.156865615074,18.303156865615072,0,0,1,0,1,0,3,0,True,False,GW,WELL  5 MAIN OFFICE,NEW MARLBOROUGH,3,,,,,,,,,,,False,,False,0.0,0.0,False,False,False,0
MA1203006,10198.768934722737,10.198768934722738,44847.87748198749,44.84787748198749,1850.217803506545,1.8502178035065449,9708.080145905602,9.708080145905601,12714.816884474689,12.714816884474688,0,0,1,0,1,0,4,0,False,False,TNC,HILLSIDE RESTAURANT,NEW MARLBOROUGH,1,,,,,,,,,,,False,,False,0.0,0.0,False,False,False,0
MA1203007,10719.994752546549,10.71999475254655,39000.80659255749,39.000806592557495,2183.4390192915334,2.1834390192915336,13531.611197525135,13.531611197525136,21822.420379217197,21.8224203792172,0,0,1,0,2,0,3,0,False,False,TNC,DCR SANDISFIELD STATE FOREST,NEW MARLBOROUGH,1,,,,,,,,,,,False,,False,0.0,0.0,False,False,False,0
MA1203009,5712.466430228991,5.712466430228991,44145.64905106412,44.145649051064126,4932.634647396858,4.932634647396858,17631.799296523302,17.6317992965233,22491.40567471963,22.49140567471963,0,0,0,0,1,0,2,0,False,False,TNC,CAMP WA WA SEGOWEA,NEW MARLBOROUGH,2,,,,,,,,,,,False,,False,0.0,0.0,False,False,False,0
MA1203011,5577.280470514892,5.577280470514892,45937.00866720297,45.937008667202974,5929.637603802276,5.929637603802276,12202.496517787105,12.202496517787106,17332.17170181515,17.33217170181515,0,0,0,0,0,0,4,0,False,False,NTNC,NEW MARLBOROUGH CENTRAL SCHOOL,NEW MARLBOROUGH,1,,,,,,,,,,,False,,False,0.0,0.0,False,False,False,0
MA1203012,8375.556925265855,8.375556925265855,42968.32669227283,42.96832669227283,3778.0947151117334,3.7780947151117332,13350.668295580012,13.350668295580011,16601.475793644036,16.601475793644035,0,0,0,0,1,0,3,0,False,False,TNC,CMC BERKSHIRE,NEW MARLBOROUGH,2,,,,,,,,,,,False,,False,0.0,0.0,False,False,False,0
MA1203014,8404.408065476884,8.404408065476884,42279.679997251886,42.27967999725188,2629.999909363058,2.629999909363058,13748.56556097177,13.748565560971771,17694.835349072713,17.69483534907271,0,0,1,0,1,0,3,0,False,False,TNC,GEDNEY FARM,NEW MARLBOROUGH,1,,,,,,,,,,,False,,False,0.0,0.0,False,False,False,0
MA1203015,8001.908369469815,8.001908369469815,42759.34749147995,42.75934749147995,3023.0240932857505,3.0230240932857506,14145.50004077035,14.14550004077035,17592.26959570326,17.59226959570326,0,0,0,0,1,0,3,0,False,False,TNC,OLD INN ON THE GREEN,NEW MARLBOROUGH,1,,,,,,,,,,,False,,False,0.0,0.0,False,False,False,0
MA1203017,6606.371127677194,6.6063711276771935,43211.696502653955,43.21169650265396,3025.1528987704523,3.025152898770452,15977.186376072706,15.977186376072707,20151.696908975166,20.151696908975165,0,0,0,0,1,0,3,0,False,False,TNC,THE BUGGY WHIP FACTORY LLC,NEW MARLBOROUGH,1,,,,,,,,,,,False,,False,0.0,0.0,False,False,False,0
MA1203018,7746.27677526348,7.74627677526348,43137.886739545174,43.13788673954517,3400.9572136332604,3.4009572136332604,13840.078453823711,13.840078453823711,17421.789799979317,17.421789799979315,0,0,0,0,1,0,3,0,False,False,TNC,CANTINA 229,NEW MARLBOROUGH,1,,,,,,,,,,,False,,False,0.0,0.0,False,False,False,0
MA1204001,7853.786303159987,7.853786303159987,39134.680122018864,39.134680122018864,1668.7113107951236,1.6687113107951237,8453.38048682653,8.45338048682653,4023.631440831355,4.023631440831355,0,0,1,0,2,1,5,3,False,False,NTNC,SWIFT RIVER ELEMENTARY SCHOOL,NEW SALEM,1,,,,,,,,,,,False,,False,0.0,0.0,False,False,False,0
MA1204002,10208.127120029438,10.208127120029438,36189.75580919652,36.18975580919652,2452.237761374279,2.4522377613742794,11366.8529107975,11.3668529107975,6055.939380934583,6.055939380934583,0,0,1,0,1,0,2,2,False,False,TNC,HAMILTON ORCHARDS,NEW SALEM,1,,,,,,,,,,,False,,False,0.0,0.0,False,False,False,0
MA1204003,8092.820833005063,8.092820833005064,38301.41739647084,38.30141739647084,1125.6949714009593,1.1256949714009592,9312.928127914149,9.312928127914148,3950.910265795774,3.950910265795774,0,0,1,0,1,1,2,2,False,False,TNC,NEW SALEM GENERAL STORE,NEW SALEM,1,,,,,,,,,,,False,,False,0.0,0.0,False,False,False,0
MA1209000,1301.6824873053376,1.3016824873053376,66903.38666168286,66.90338666168286,1493.6685580597155,1.4936685580597155,2769.576817429931,2.769576817429931,1078.3691452827388,1.0783691452827389,0,0,2,2,7,4,14,5,True,False,SW,GREYLOCK WELL (01G),NORTH ADAMS,3,NORTH ADAMS WATER DEPT,5.0,116.0,True,True,5.9,,1.0,14.4,False,True,True,True,0.8067622020638425,10728.0,True,False,False,1
MA1209001,3003.4472841740608,3.0034472841740607,66050.74727703747,66.05074727703747,1686.31117766194,1.6863111776619402,2490.588351047817,2.490588351047817,3031.3419023722395,3.0313419023722394,0,0,1,0,6,4,13,5,False,False,TNC,HISTORIC VALLEY CAMPGROUND,NORTH ADAMS,2,,,,,,,,,,,False,,False,0.0,0.0,False,False,False,0
MA1209002,3830.008572051885,3.830008572051885,66466.27853373709,66.46627853373708,3863.2230430278764,3.8632230430278764,3006.2108772731003,3.0062108772731,4452.533693201078,4.452533693201078,0,0,0,0,2,1,9,5,False,False,TNC,WIGWAM WESTERN SUMMIT LLC,NORTH ADAMS,1,,,,,,,,,,,False,,False,0.0,0.0,False,False,False,0
MA1214000,5736.83603373447,5.736836033734471,18749.51236987444,18.749512369874438,1636.530806943987,1.636530806943987,1396.177563516985,1.3961775635169849,771.4369529527006,0.7714369529527006,0,1,1,2,5,16,15,22,True,False,SW,WEST WHATELY RESERVOIR,NORTHAMPTON,5,NORTHAMPTON WATER DEPT,9.0,232.0,False,False,,,0.0,10.5,False,True,False,True,0.22403949578116947,10076.0,True,True,False,2
MA1214001,7346.478163701548,7.346478163701548,22512.4149869311,22.512414986931102,925.4296573147285,0.9254296573147285,3738.885547326705,3.738885547326705,737.4858700704829,0.7374858700704828,1,1,2,1,2,4,13,20,True,False,GW,WELL #1 (NORTH),NORTHAMPTON,2,,,,,,,,,,,False,,False,0.0,0.0,False,False,False,0
MA1214005,8946.669131212839,8.946669131212838,19107.452700893176,19.107452700893177,3517.842441851225,3.517842441851225,4636.931814534177,4.636931814534177,3747.9295707292226,3.7479295707292226,0,0,0,0,3,2,13,21,False,False,TNC,MINERAL HILLS WINERY/GODARD RED HEN FARM,FLORENCE,1,,,,,,,,,,,False,,False,0.0,0.0,False,False,False,0
MA1217000,12950.921981051602,12.950921981051602,55821.06297945448,55.82106297945448,1587.241997014081,1.5872419970140812,1363.3047295998947,1.3633047295998948,3248.4192967975846,3.2484192967975845,0,0,2,0,4,1,6,3,True,False,GW,GP WELL #1 MILL BROOK,NORTHFIELD,1,,,,,,,,,,,False,,False,0.0,0.0,False,False,False,0
MA1217001,16432.792395537672,16.43279239553767,59077.02866832149,59.07702866832149,4408.222391696249,4.408222391696249,2910.881588030644,2.910881588030644,5619.668765568914,5.619668765568914,0,0,0,0,2,0,5,1,False,False,SW,GRANDIN RESERVOIR (01S),NORTHFIELD,1,,,,,,,,,,,False,,False,0.0,0.0,False,False,False,0
MA1217002,10647.77905257269,10.647779052572691,54519.40746629933,54.51940746629933,1832.129536852523,1.832129536852523,3759.5258709972854,3.7595258709972854,1338.5136301929065,1.3385136301929064,0,0,4,1,5,1,5,5,False,False,NTNC,PIONEER VALLEY REGIONAL SCHOOL,NORTHFIELD,1,,,,,,,,,,,False,,False,0.0,0.0,False,False,False,0
MA1217003,4846.234685377808,4.846234685377808,46402.93156475194,46.40293156475194,2913.407050031603,2.9134070500316027,2688.706605305179,2.688706605305179,213.04561463526463,0.21304561463526464,0,2,1,2,3,3,10,9,False,False,NTNC,NORTHFIELD MTN STATION  VISITOR CENTER,NORTHFIELD,1,,,,,,,,,,,False,,False,0.0,0.0,False,False,False,0
MA1217005,4343.542718192535,4.343542718192535,46730.00791174265,46.73000791174265,3805.3408336553543,3.8053408336553542,3248.4036888977957,3.248403688897796,836.6812653946341,0.8366812653946342,0,1,0,2,3,3,11,10,False,False,TNC,RIVERVIEW PICNIC AREA,NORTHFIELD,1,,,,,,,,,,,False,,False,0.0,0.0,False,False,False,0
MA1217006,8778.472458580181,8.77847245858018,51143.74671472581,51.14374671472581,2742.142068767927,2.7421420687679268,5826.61476506578,5.826614765065781,4208.045958070488,4.208045958070488,0,0,1,0,3,2,10,6,True,False,GW,WELL #4,NORTHFIELD,1,,,,,,,,,,,False,,False,0.0,0.0,False,False,False,0
MA1217007,5766.295701911507,5.766295701911507,48836.50729105592,48.836507291055916,4011.261227484365,4.011261227484365,4901.745461163517,4.901745461163516,2465.9163055767253,2.4659163055767253,0,0,0,2,2,3,11,9,False,False,TNC,THE BREWERY AT FOUR STAR FARMS,NORTHFIELD,1,,,,,,,,,,,False,,False,0.0,0.0,False,False,False,0
MA1223000,2240.480389391588,2.2404803893915877,44286.26214809471,44.286262148094714,2954.7682323468543,2.9547682323468543,2038.2998053038848,2.0382998053038848,2255.3086245517898,2.2553086245517897,0,0,1,2,3,3,8,7,True,False,GW,LAKE MATTAWA (01S),ORANGE,7,ORANGE WATER DEPT,9.0,261.0,True,False,,,1.0,13.3,False,True,True,True,0.4995747796820593,2703.0,True,False,False,1
MA1223001,6604.686649989416,6.604686649989416,53389.217778484686,53.389217778484685,2367.3970193724504,2.3673970193724503,5480.925016376856,5.4809250163768555,4907.254228029638,4.907254228029639,0,0,2,0,2,1,6,5,False,False,TNC,JOLLY BROOK INN,ORANGE,1,,,,,,,,,,,False,,False,0.0,0.0,False,False,False,0
MA1223005,4722.124899956713,4.722124899956714,47716.39954971037,47.71639954971037,3043.846556030081,3.043846556030081,2742.2286299795946,2.7422286299795946,4046.938050613997,4.0469380506139965,0,0,0,0,3,2,8,7,False,False,TNC,ORIENTAL HOUSE INC,ORANGE,1,,,,,,,,,,,False,,False,0.0,0.0,False,False,False,0
MA1223006,2471.070084359524,2.471070084359524,43944.296017073575,43.944296017073576,4873.981264905518,4.8739812649055185,4116.387065055629,4.116387065055629,1814.495094539639,1.814495094539639,0,0,0,2,1,3,7,7,False,False,TNC,DANIEL SHAYS PACKAGE STORE,ORANGE,1,,,,,,,,,,,False,,False,0.0,0.0,False,False,False,0
MA1223010,6855.643826814575,6.855643826814575,53848.052776863275,53.84805277686328,2883.1984120178886,2.8831984120178884,5651.611529764321,5.651611529764321,5087.441243417318,5.087441243417318,0,0,2,0,2,0,6,5,False,False,NTNC,GALE BROOK SCHOOL,ORANGE,1,,,,,,,,,,,False,,False,0.0,0.0,False,False,False,0
MA1223011,6536.763788365983,6.536763788365983,53140.7287459296,53.1407287459296,2198.428821264748,2.198428821264748,5451.456984944079,5.451456984944079,4876.507147939601,4.876507147939601,0,0,2,0,2,1,6,5,False,False,TNC,KDMK LLC,ORANGE,1,,,,,,,,,,,False,,False,0.0,0.0,False,False,False,0
MA1223012,4620.762601305111,4.6207626013051115,51409.608455699956,51.40960845569995,2182.5240046265453,2.1825240046265453,3254.730715426763,3.2547307154267626,2540.3319263966087,2.5403319263966084,0,0,2,4,3,4,5,6,False,False,TNC,THE FARM SCHOOL,ORANGE,1,,,,,,,,,,,False,,False,0.0,0.0,False,False,False,0
MA1223013,4420.488981372853,4.420488981372853,50648.51322671919,50.64851322671919,2221.923233805782,2.2219232338057817,3245.396357215741,3.245396357215741,3335.807074748178,3.335807074748178,0,0,1,0,3,5,5,7,False,False,TNC,GREEN KARMA FARM,ORANGE,1,,,,,,,,,,,False,,False,0.0,0.0,False,False,False,0
MA1223017,6222.094783400252,6.222094783400252,52836.816290470146,52.836816290470146,1856.3448160812675,1.8563448160812674,5160.56954817531,5.16056954817531,4585.691495555078,4.5856914955550785,0,0,2,0,2,2,5,5,False,False,TNC,CAMP SELAH,ORANGE,1,,,,,,,,,,,False,,False,0.0,0.0,False,False,False,0
MA1225003,14503.08264374494,14.50308264374494,25897.30662528341,25.89730662528341,4617.979309799113,4.6179793097991135,6916.785411412887,6.916785411412887,14942.260209611048,14.942260209611048,0,0,0,0,1,0,4,0,False,False,TNC,LAUREL RIDGE CAMPING AREA,OTIS,1,,,,,,,,,,,False,,False,0.0,0.0,False,False,False,0
MA1225006,15856.988514438077,15.856988514438077,26483.938848566537,26.483938848566538,4758.005757310832,4.7580057573108325,5676.930473019306,5.676930473019306,14690.506318521284,14.690506318521283,0,0,0,0,1,0,5,0,False,False,TNC,KNOX TRAIL INN,OTIS,1,,,,,,,,,,,False,,False,0.0,0.0,False,False,False,0
MA1225009,15435.73362428487,15.43573362428487,28149.666496032976,28.149666496032975,1782.6816080158565,1.7826816080158565,5700.503302047194,5.700503302047194,17497.51997720961,17.49751997720961,0,0,1,0,1,0,4,0,False,False,TNC,CAMP OVERFLOW,OTIS,4,,,,,,,,,,,False,,False,0.0,0.0,False,False,False,0
MA1225011,14597.05039799097,14.59705039799097,31394.93613528245,31.39493613528245,2090.857636395594,2.090857636395594,805.350793511284,0.805350793511284,17162.995650850487,17.162995650850487,0,0,1,0,2,0,6,0,False,False,TNC,FRATELLIS RESTAURANT AND PIZZERIA,OTIS,1,,,,,,,,,,,False,,False,0.0,0.0,False,False,False,0
MA1225012,16371.07876201192,16.37107876201192,28359.32195563579,28.359321955635792,3097.375441465945,3.097375441465945,4438.460563488155,4.438460563488155,16553.88046612675,16.55388046612675,0,0,0,0,1,0,5,0,False,False,TNC,BERKSHIRE SPORTS ACADEMY,OTIS,1,,,,,,,,,,,False,,False,0.0,0.0,False,False,False,0
MA1225013,14415.487154610448,14.415487154610448,32100.196063590185,32.10019606359018,1412.671452417299,1.412671452417299,624.3222933014955,0.6243222933014955,16373.154326407228,16.373154326407228,0,0,1,0,1,0,6,0,False,False,TNC,OTIS RIDGE SKI AREA,OTIS,1,,,,,,,,,,,False,,False,0.0,0.0,False,False,False,0
MA1225014,16366.118167716348,16.366118167716348,29647.41252410441,29.64741252410441,722.5005940575201,0.7225005940575201,6134.730415664241,6.134730415664241,18931.922251647335,18.931922251647336,1,0,1,0,1,0,3,0,False,False,TNC,MOUNTAIN VIEW CAMPGROUND INC,OTIS,2,,,,,,,,,,,False,,False,0.0,0.0,False,False,False,0
MA1225016,13165.493870089236,13.165493870089236,26819.993876526398,26.819993876526397,5886.176202289528,5.886176202289528,4838.017616404485,4.8380176164044855,13673.412224690077,13.673412224690077,0,0,0,0,0,0,5,0,False,False,TNC,CAMP BONNIE BRAE,OTIS,1,,,,,,,,,,,False,,False,0.0,0.0,False,False,False,0
MA1225017,12596.676527373596,12.596676527373596,32453.475337170665,32.453475337170666,554.8489719057164,0.5548489719057165,1759.251751746771,1.7592517517467712,14459.36476148308,14.45936476148308,1,0,1,0,1,0,6,0,False,False,NTNC,KLONDIKE CAMPGROUND,OTIS,6,,,,,,,,,,,False,,False,0.0,0.0,False,False,False,0
MA1225019,15010.24078206862,15.010240782068621,32255.614294572224,32.255614294572226,1913.708755186436,1.913708755186436,1164.4634026225065,1.1644634026225065,16572.62651716266,16.572626517162657,0,0,1,0,1,0,6,0,False,False,TNC,OTIS RIDGE SKI CAMP,OTIS,1,,,,,,,,,,,False,,False,0.0,0.0,False,False,False,0
MA1225022,14435.258413443675,14.435258413443675,27035.403494061782,27.035403494061782,2760.7308073203267,2.7607308073203267,6926.066491115039,6.926066491115039,16576.012207887336,16.576012207887334,0,0,1,0,1,0,4,0,False,False,TNC,DCR TOLLAND STATE FOREST,OTIS,4,,,,,,,,,,,False,,False,0.0,0.0,False,False,False,0
MA1225028,14628.72634930481,14.628726349304811,31464.41861091494,31.46441861091494,2062.9630780751577,2.0629630780751578,804.6490876819325,0.8046490876819326,17114.275132857158,17.11427513285716,0,0,1,0,2,0,6,0,False,False,TNC,OTIS MUNICIPAL BUILDING,OTIS,1,,,,,,,,,,,False,,False,0.0,0.0,False,False,False,0
MA1225031,15964.527834905637,15.964527834905637,28136.495168641057,28.13649516864106,2364.6066227378287,2.3646066227378286,5705.660902069332,5.705660902069332,17069.050147710197,17.069050147710197,0,0,1,0,1,0,4,0,False,False,TNC,GATE ISLAND WATER SUPPLY,OTIS,1,,,,,,,,,,,False,,False,0.0,0.0,False,False,False,0
MA1225033,15830.040151677173,15.830040151677172,26433.280451700783,26.43328045170078,4807.792147045911,4.8077921470459115,5714.420601104767,5.714420601104767,14638.673522213428,14.638673522213429,0,0,0,0,1,0,5,0,False,False,TNC,HALLS STORE,OTIS,1,,,,,,,,,,,False,,False,0.0,0.0,False,False,False,0
MA1225034,11250.644377364833,11.250644377364834,33632.964532260834,33.632964532260836,2697.226429233208,2.6972264292332078,3906.229843061508,3.906229843061508,13339.445330622395,13.339445330622395,0,0,1,0,2,0,6,0,False,False,TNC,OTIS POULTRY FARM INC,OTIS,2,,,,,,,,,,,False,,False,0.0,0.0,False,False,False,0
MA1225036,14821.895392687647,14.821895392687647,31175.221003351413,31.175221003351414,2446.684906555387,2.446684906555387,1143.0775822570179,1.1430775822570178,17501.827926544753,17.501827926544753,0,0,1,0,2,0,6,0,False,False,TNC,FARMINGTON RIVER DINER,OTIS,1,,,,,,,,,,,False,,False,0.0,0.0,False,False,False,0
MA1225039,15764.674480818478,15.764674480818478,27441.550886737594,27.441550886737595,4115.570663926962,4.115570663926962,4806.763261413001,4.806763261413001,15478.296860531364,15.478296860531364,0,0,0,0,1,0,5,0,False,False,TNC,BERKSHIRE HILLBILLIES,OTIS,1,,,,,,,,,,,False,,False,0.0,0.0,False,False,False,0
MA1225040,13315.155874038148,13.315155874038147,31804.93244836609,31.80493244836609,917.8958430388273,0.9178958430388272,665.6135820802556,0.6656135820802556,16090.685891286339,16.090685891286338,1,0,1,0,1,0,6,0,False,False,NTNC,FARMINGTON RIVER REG ELEM SCHOOL,OTIS,1,,,,,,,,,,,False,,False,0.0,0.0,False,False,False,0
MA1225041,15830.182356585397,15.830182356585398,26471.373501057154,26.471373501057155,4751.326202941401,4.751326202941401,5700.212076172464,5.7002120761724635,14693.491362971004,14.693491362971004,0,0,0,0,1,0,5,0,False,False,TNC,KATIES COUNTRY STORE,OTIS,1,,,,,,,,,,,False,,False,0.0,0.0,False,False,False,0
MA1225042,13559.907613666604,13.559907613666605,27152.748250998757,27.152748250998755,5598.0754941150935,5.598075494115093,4478.434290654227,4.478434290654227,14168.925937380214,14.168925937380214,0,0,0,0,0,0,5,0,False,False,TNC,WESTFIELD CAMPING CLUB,OTIS,1,,,,,,,,,,,False,,False,0.0,0.0,False,False,False,0
MA1225043,13447.348834564002,13.447348834564002,28088.595047263847,28.088595047263848,4665.372322114054,4.665372322114054,3543.7254292751727,3.5437254292751725,14984.76447036827,14.98476447036827,0,0,0,0,1,0,4,0,False,False,TNC,LION HILL ROAD ASSOCIATION,OTIS,1,,,,,,,,,,,False,,False,0.0,0.0,False,False,False,0
MA1225044,15482.632398548567,15.482632398548567,26192.58074943706,26.19258074943706,4851.268755221494,4.8512687552214935,6044.917483308937,6.044917483308938,14567.563300492653,14.567563300492653,0,0,0,0,1,0,5,0,False,False,TNC,PAPAS HEALTHY FOOD AND FUEL,OTIS,1,,,,,,,,,,,False,,False,0.0,0.0,False,False,False,0
MA1225045,15277.99676322149,15.27799676322149,31494.907880682204,31.494907880682202,2619.6343505447867,2.6196343505447865,1456.2850252237204,1.4562850252237203,17471.719100894094,17.471719100894095,0,0,1,0,2,0,6,0,False,False,TNC,OTIS WOODLANDS CLUB INC,OTIS,1,,,,,,,,,,,False,,False,0.0,0.0,False,False,False,0
MA1225046,13865.406239614997,13.865406239614996,31495.167636681057,31.495167636681057,1472.9556454072008,1.4729556454072008,135.9337449259595,0.1359337449259595,16669.301250481705,16.669301250481706,0,0,1,0,1,0,6,0,False,False,TNC,MAPLEWOOD 1850 HOUSE,OTIS,1,,,,,,,,,,,False,,False,0.0,0.0,False,False,False,0
MA1225047,18107.145828347642,18.107145828347644,31190.32523145833,31.19032523145833,875.549570360693,0.875549570360693,5565.2052032189295,5.565205203218929,20117.040467603194,20.117040467603193,1,0,1,0,2,0,4,0,False,False,TNC,OTIS RECREATION CENTER,OTIS,1,,,,,,,,,,,False,,False,0.0,0.0,False,False,False,0
MA1227000,5959.327047998634,5.959327047998634,18422.355064232044,18.422355064232043,336.9022411438343,0.3369022411438343,2770.138742093549,2.770138742093549,573.0612972782659,0.5730612972782659,1,1,1,5,4,8,12,10,True,False,GW,GP WELL #2 (02G),PALMER,4,PALMER WATER DISTRICT NO.1,8.0,232.0,False,False,,,0.0,10.5,False,True,False,True,0.2661098863826806,3083.0,True,False,False,1
MA1227002,4550.453331984444,4.5504533319844445,14067.507616586412,14.067507616586411,3230.6761368033194,3.230676136803319,1250.1464174536156,1.2501464174536157,1258.8175082762175,1.2588175082762174,0,0,0,1,2,2,10,11,True,False,GW,WELL #2,PALMER,4,,,,,,,,,,,False,,False,0.0,0.0,False,False,False,0
MA1227003,4646.878154954366,4.646878154954367,15070.505207206317,15.070505207206317,2340.7471327174385,2.3407471327174383,1774.3503997055982,1.7743503997055983,1726.3765440679722,1.7263765440679721,0,0,1,5,2,5,9,14,True,False,GW,WELL #3,PALMER,2,,,,,,,,,,,False,,True,0.041873377692438964,2203.0,True,False,False,1
MA1227005,6674.906398583253,6.674906398583253,14933.911443135674,14.933911443135674,3202.3598366843876,3.2023598366843875,2631.269683643166,2.631269683643166,2352.8883698756217,2.3528883698756218,0,0,0,1,1,6,9,19,False,False,TNC,MANGOS CAFE,PALMER,1,,,,,,,,,,,False,,False,0.0,0.0,False,False,False,0
MA1227007,5571.369480980481,5.571369480980481,14149.429152370609,14.149429152370608,3987.5027630742284,3.9875027630742284,3703.5161424799626,3.7035161424799625,2831.0277205365414,2.8310277205365413,0,0,0,1,3,5,10,24,False,False,TNC,CJS RESTAURANT,PALMER,1,,,,,,,,,,,False,,False,0.0,0.0,False,False,False,0
MA1227010,856.4894234886744,0.8564894234886744,18703.45668914622,18.70345668914622,511.2178826156605,0.5112178826156605,3325.4688235816707,3.3254688235816707,3510.232239367556,3.510232239367556,1,0,3,0,3,4,10,14,False,False,TNC,CAMP RAMAH,PALMER,2,,,,,,,,,,,False,,False,0.0,0.0,False,False,False,0
MA1227012,3464.030205657971,3.464030205657971,21345.646904242218,21.34564690424222,1231.3792924651339,1.231379292465134,4591.3459662881305,4.591345966288131,1772.6343132120994,1.7726343132120994,0,0,1,3,4,8,10,11,False,False,TNC,CROSS ROADS,PALMER,1,,,,,,,,,,,False,,False,0.0,0.0,False,False,False,0
MA1227013,5755.2280230098595,5.75522802300986,14296.412494010287,14.296412494010287,3827.1834648408058,3.8271834648408056,3524.5092305008784,3.5245092305008785,2742.193194095691,2.742193194095691,0,0,0,1,3,5,10,22,False,False,TNC,THE BARN TAVERN,PALMER,1,,,,,,,,,,,False,,False,0.0,0.0,False,False,False,0
MA1227014,7191.944214318766,7.191944214318766,17445.84977147171,17.445849771471707,987.7223707637166,0.9877223707637166,2472.2380105046996,2.4722380105046997,1397.8832137480563,1.3978832137480564,1,0,1,5,2,9,12,12,False,False,TNC,STEAMING TENDER,PALMER,1,,,,,,,,,,,False,,False,0.0,0.0,False,False,False,0
MA1227015,4416.105554277731,4.416105554277731,20268.797253717705,20.268797253717704,2213.603771946877,2.2136037719468766,4440.356556957838,4.440356556957838,734.3835250129085,0.7343835250129085,0,1,2,4,3,8,10,11,True,False,GW,WELL #1,PALMER,2,,,,,,,,,,,False,,False,0.0,0.0,False,False,False,0
MA1227016,4029.162333409456,4.029162333409456,20729.648025158385,20.729648025158387,1848.520148659954,1.848520148659954,4481.220428735938,4.481220428735938,1169.9228846665474,1.1699228846665473,0,0,2,4,3,8,10,11,False,False,TNC,ROUTE 20 BATTING CAGES,PALMER,1,,,,,,,,,,,False,,False,0.0,0.0,False,False,False,0
MA1227017,4570.32143924006,4.570321439240059,15218.468543983152,15.218468543983152,2318.7690348426045,2.3187690348426044,2079.5335403235135,2.0795335403235136,1534.4021958267515,1.5344021958267515,0,0,1,3,2,5,9,13,False,False,TNC,BURGUNDY BROOK FARM,PALMER,1,,,,,,,,,,,False,,False,0.0,0.0,False,False,False,0
MA1227018,1475.954941131348,1.475954941131348,19190.584275996844,19.190584275996844,1112.9194390183266,1.1129194390183266,3846.7948141090137,3.8467948141090136,3972.362559332036,3.972362559332036,0,0,3,0,3,4,10,14,False,False,TNC,RONDEAUS DAIRY BAR,PALMER,2,,,,,,,,,,,False,,False,0.0,0.0,False,False,False,0
MA1227019,1442.0819126952808,1.4420819126952809,18735.342276346102,18.735342276346103,947.6686256504859,0.9476686256504858,3408.6102893718567,3.4086102893718566,3516.1357700208264,3.5161357700208264,1,0,3,0,3,4,10,15,False,False,TNC,RUSSOS SEAFOOD AND STEAK HOUSE,PALMER,1,,,,,,,,,,,False,,False,0.0,0.0,False,False,False,0
MA1227020,5269.719113732058,5.269719113732058,23914.20519681614,23.91420519681614,2353.2135706319687,2.3532135706319686,3313.7324074701514,3.3137324074701513,2546.6918702034777,2.5466918702034778,0,0,2,2,4,3,11,9,False,False,TNC,PALMER MOTORSPORTS PARK,PALMER,1,,,,,,,,,,,False,,False,0.0,0.0,False,False,False,0
MA1230001,10766.84831537119,10.76684831537119,24805.20645427048,24.80520645427048,7375.713703818283,7.375713703818283,9491.564986607284,9.491564986607283,9322.40717924339,9.32240717924339,0,0,0,0,0,0,3,1,False,False,TNC,REBEL CAFE,PELHAM,1,,,,,,,,,,,False,,False,0.0,0.0,False,False,False,0
MA1233002,6359.747856752312,6.359747856752312,43133.42034057934,43.133420340579335,5521.130379034036,5.5211303790340365,2800.6332317101023,2.800633231710102,7423.17924896599,7.42317924896599,0,0,0,0,0,0,4,4,False,False,TNC,CAMP DANBEE,PERU,5,,,,,,,,,,,False,,False,0.0,0.0,False,False,False,0
MA1234001,5431.825186356575,5.4318251863565745,47039.738012907015,47.039738012907016,4127.8227331481485,4.1278227331481485,6814.55241631896,6.814552416318961,7022.012979284435,7.022012979284434,0,0,0,0,1,0,5,5,False,False,NTNC,HARVARD FOREST,PETERSHAM,2,,,,,,,,,,,False,,False,0.0,0.0,False,False,False,0
MA1234003,4323.379527567863,4.323379527567863,45994.08834754086,45.99408834754086,2734.2286082718542,2.734228608271854,8836.982324626095,8.836982324626096,8920.893523794837,8.920893523794836,0,0,1,0,1,0,3,4,False,False,NTNC,THE QUABBIN RETREAT,PETERSHAM,1,,,,,,,,,,,False,,False,0.0,0.0,False,False,False,0
MA1234004,2829.643027225152,2.829643027225152,43471.30032647541,43.47130032647541,1537.5668903859864,1.5375668903859865,11692.107327643638,11.692107327643638,11590.951337888368,11.590951337888368,0,0,1,0,1,0,2,0,False,False,TNC,PETERSHAM TOWN HALL,PETERSHAM,1,,,,,,,,,,,False,,False,0.0,0.0,False,False,False,0
MA1234005,4845.862334811867,4.8458623348118675,46534.82169120983,46.53482169120983,3319.084377560632,3.3190843775606322,8290.57430336901,8.290574303369011,8454.745459254433,8.454745459254433,0,0,0,0,1,0,3,4,False,False,TNC,PETERSHAM CURLING CLUB,PETERSHAM,1,,,,,,,,,,,False,,False,0.0,0.0,False,False,False,0
MA1234006,2479.7286057574192,2.479728605757419,42978.54338792252,42.978543387922514,1478.877286087303,1.478877286087303,11677.217723459791,11.67721772345979,11719.38318144466,11.71938318144466,0,0,1,0,1,0,2,0,False,False,NTNC,PETERSHAM CENTER SCHOOL,PETERSHAM,1,,,,,,,,,,,False,,False,0.0,0.0,False,False,False,0
MA1234010,4923.453048901116,4.9234530489011155,46610.66286938404,46.610662869384036,3381.1861448374407,3.3811861448374407,8320.309740012897,8.320309740012897,8505.427419905542,8.505427419905542,0,0,0,0,1,0,3,4,False,False,TNC,PETERSHAM COUNTRY CLUB,PETERSHAM,1,,,,,,,,,,,False,,False,0.0,0.0,False,False,False,0
MA1234011,2508.493920236326,2.5084939202363263,42760.97888902402,42.760978889024024,1684.053330745666,1.684053330745666,11491.219298098318,11.491219298098319,11832.722882002487,11.832722882002487,0,0,1,0,1,0,2,0,False,False,TNC,PETERSHAM MONTESSORI SCHOOL,PETERSHAM,1,,,,,,,,,,,False,,False,0.0,0.0,False,False,False,0
MA1234012,2831.2339988500025,2.8312339988500024,43521.699926317575,43.521699926317574,1504.3123681753075,1.5043123681753074,11702.764357935443,11.702764357935443,11532.153784047037,11.532153784047038,0,0,1,0,1,0,2,0,False,False,TNC,PETERSHAM COUNTRY STORE,PETERSHAM,1,,,,,,,,,,,False,,False,0.0,0.0,False,False,False,0
MA1234013,3102.7516898253157,3.1027516898253156,43072.800323956544,43.07280032395654,2128.8020062511337,2.1288020062511337,11031.623836305898,11.031623836305899,12302.852849401752,12.302852849401752,0,0,1,0,1,0,2,0,False,False,TNC,QUABBIN WOODS RESTAURANT,PETERSHAM,1,,,,,,,,,,,False,,False,0.0,0.0,False,False,False,0
MA1236000,2030.8566587699024,2.0308566587699026,44217.522568841116,44.21752256884112,2494.213777406548,2.4942137774065483,2788.26271689155,2.78826271689155,3566.444242481143,3.5664442424811433,0,0,1,0,2,1,11,26,False,False,SW,ASHLEY INTAKE RESERVOIR (03S),PITTSFIELD,6,PITTSFIELD DPU WATER DEPT,9.0,207.0,False,False,,,0.0,10.5,False,True,False,True,0.2586521733481949,21375.0,True,True,False,3
MA1236011,6912.643144791499,6.912643144791499,60743.88803496017,60.743888034960165,4525.6603004628,4.5256603004628,6174.012340608297,6.1740123406082965,3012.584550035535,3.012584550035535,0,0,0,0,2,1,4,25,False,False,TNC,DCR PITTSFIELD STATE FOREST,PITTSFIELD,2,,,,,,,,,,,False,,False,0.0,0.0,False,False,False,0
MA1236013,5873.5356750925885,5.8735356750925884,58785.52255449544,58.78552255449544,2699.6921100423533,2.699692110042353,4264.064157000735,4.2640641570007345,3184.44030972342,3.1844403097234197,0,0,1,0,2,10,6,27,False,False,TNC,CAMP WINADU,PITTSFIELD,3,,,,,,,,,,,False,,False,0.0,0.0,False,False,False,0
MA1236015,1399.150396629096,1.399150396629096,54841.46586329077,54.841465863290765,4783.679589880166,4.783679589880165,3054.4178825500617,3.054417882550062,2003.2046771829353,2.0032046771829353,0,0,0,2,1,12,7,27,False,False,TNC,BOUSQUET SPORT,PITTSFIELD,1,,,,,,,,,,,False,,False,0.0,0.0,False,False,False,0
MA1236016,2562.1296744044002,2.5621296744044004,53753.0305349348,53.7530305349348,4716.61691447673,4.71661691447673,2750.7067303600647,2.7507067303600645,1463.7275094443637,1.4637275094443638,0,0,0,4,1,12,8,28,False,False,TNC,DCR BERKSHIRE REGIONAL HQ,PITTSFIELD,1,,,,,,,,,,,False,,False,0.0,0.0,False,False,False,0
MA1237001,14577.445272304025,14.577445272304026,41632.059212317356,41.63205921231736,3026.993737511856,3.026993737511856,6726.05871699656,6.72605871699656,20170.9234018252,20.1709234018252,0,0,0,0,2,0,6,0,False,False,TNC,PEPPERMINT PARK CAMPING RESORT,PLAINFIELD,4,,,,,,,,,,,False,,False,0.0,0.0,False,False,False,0
MA1237003,9394.980406108718,9.394980406108719,42180.13638919218,42.18013638919218,1384.2390028869172,1.3842390028869171,13064.33067063285,13.064330670632849,17564.602672085628,17.564602672085627,0,0,2,0,4,0,5,0,False,False,TNC,EARTHDANCE,PLAINFIELD,1,,,,,,,,,,,False,,False,0.0,0.0,False,False,False,0
MA1237005,8164.206125950449,8.164206125950448,47598.28313743769,47.59828313743769,4738.51520135463,4.73851520135463,12339.580486867288,12.339580486867288,15691.037747591294,15.691037747591293,0,0,0,0,2,0,5,0,False,False,TNC,PUB 116,PLAINFIELD,1,,,,,,,,,,,False,,False,0.0,0.0,False,False,False,0
MA1249000,7303.88983297305,7.30388983297305,59657.95089922323,59.65795089922323,3435.5479659788666,3.435547965978867,3797.3871269246856,3.7973871269246855,4589.080769029679,4.589080769029679,0,0,0,0,3,1,7,4,False,False,TNC,RICHMOND CONGREGATIONAL CHURCH,RICHMOND,1,,,,,,,,,,,False,,False,0.0,0.0,False,False,False,0
MA1249004,7637.093894587748,7.637093894587748,59166.77159489741,59.166771594897405,2671.7089865588005,2.6717089865588006,4218.795520218984,4.218795520218984,5175.146917851605,5.175146917851605,0,0,3,0,3,0,7,4,False,False,NTNC,RICHMOND CONSOLIDATED SCHOOL,RICHMOND,1,,,,,,,,,,,False,,False,0.0,0.0,False,False,False,0
MA1249005,2333.641466400987,2.3336414664009872,57226.48618975894,57.226486189758944,6029.465169828789,6.029465169828789,1233.7759069542751,1.233775906954275,1835.6530981953058,1.8356530981953059,0,0,0,2,0,4,7,14,False,False,TNC,CAMP MARION WHITE,RICHMOND,1,,,,,,,,,,,False,,False,0.0,0.0,False,False,False,0
MA1249006,7053.610252884122,7.053610252884122,60259.79984384082,60.25979984384082,4326.804033411426,4.326804033411426,3523.939732186666,3.523939732186666,4044.7646695963826,4.044764669596383,0,0,0,0,3,1,5,4,False,False,TNC,PEIRSON PLACE,RICHMOND,1,,,,,,,,,,,False,,False,0.0,0.0,False,False,False,0
MA1249008,4097.737392230812,4.097737392230812,56073.751464509434,56.073751464509435,4183.865221651738,4.183865221651738,2306.457170505039,2.306457170505039,3705.3943716475214,3.7053943716475213,0,0,0,0,1,4,10,14,True,False,GW,WELL #1,RICHMOND,1,,,,,,,,,,,False,,False,0.0,0.0,False,False,False,0
MA1249009,8436.50649667505,8.436506496675051,58943.50677643717,58.94350677643717,1668.3753806757072,1.6683753806757071,4328.709040252567,4.328709040252567,6141.589617523626,6.141589617523626,0,0,3,0,4,0,7,4,False,False,TNC,SOMA CATERING,RICHMOND,1,,,,,,,,,,,False,,False,0.0,0.0,False,False,False,0
MA1249010,3028.48645704448,3.02848645704448,57437.35579937456,57.437355799374565,5923.985820008246,5.923985820008246,673.9464622088619,0.6739464622088619,1816.394574938414,1.816394574938414,0,0,0,2,0,4,8,13,False,False,TNC,BRANCH FARM CONDO ASSN,RICHMOND,1,,,,,,,,,,,False,,False,0.0,0.0,False,False,False,0
MA1249011,3248.4139410250596,3.2484139410250594,56126.66867721484,56.12666867721484,4519.929229451954,4.519929229451954,1966.9354870468023,1.9669354870468023,3216.8141988901157,3.2168141988901158,0,0,0,0,1,4,10,15,False,False,TNC,BARTLETTS ORCHARD LLC,RICHMOND,1,,,,,,,,,,,False,,False,0.0,0.0,False,False,False,0
MA1249012,3215.99428998902,3.21599428998902,57529.4652501406,57.5294652501406,5947.0070788349885,5.9470070788349885,391.94260952749505,0.39194260952749505,1626.8704555100726,1.6268704555100726,0,0,0,2,0,3,8,13,False,False,TNC,CAMP RUSSELL,RICHMOND,2,,,,,,,,,,,False,,False,0.0,0.0,False,False,False,0
MA1249013,8486.33460844219,8.48633460844219,61408.03782341997,61.40803782341997,4220.16892018499,4.220168920184991,4969.535754405519,4.969535754405519,5345.239511249049,5.34523951124905,0,0,0,0,3,0,5,2,False,False,TNC,HILLTOP ORCHARD AND FURNACE BROOK WINERY,RICHMOND,1,,,,,,,,,,,False,,False,0.0,0.0,False,False,False,0
MA1253002,17421.36522298428,17.42136522298428,61512.64442856144,61.512644428561444,2996.7948338648353,2.9967948338648354,4807.034469771545,4.807034469771545,5244.1520935760345,5.244152093576035,0,0,1,0,4,0,6,1,False,False,TNC,ROWE TOWN HALL,ROWE,1,,,,,,,,,,,False,,False,0.0,0.0,False,False,False,0
MA1253003,17574.931184731176,17.574931184731177,60828.52752571127,60.82852752571127,2684.122004127271,2.684122004127271,5298.344694806427,5.298344694806427,5265.379574066629,5.265379574066629,0,0,2,0,3,0,6,1,False,False,TNC,ROWE CAMP AND CONFERENCE CENTER,ROWE,2,,,,,,,,,,,False,,False,0.0,0.0,False,False,False,0
MA1253004,17014.54601721397,17.01454601721397,61217.22907485171,61.21722907485171,2379.3290204729306,2.3793290204729307,4760.9864937731145,4.760986493773115,4742.877533284066,4.742877533284066,0,0,2,0,4,1,6,1,False,False,TNC,ROWE COMMUNITY / AVERY FOUNTAIN,ROWE,1,,,,,,,,,,,False,,False,0.0,0.0,False,False,False,0
MA1253007,18242.487501377957,18.242487501377955,62394.71377296918,62.39471377296918,4003.467215641687,4.003467215641686,4995.019383032322,4.995019383032322,6370.774721283085,6.370774721283085,0,0,0,0,4,0,5,1,False,False,NTNC,ROWE ELEMENTARY SCHOOL,ROWE,1,,,,,,,,,,,False,,False,0.0,0.0,False,False,False,0
MA1253009,18305.85066958052,18.30585066958052,62021.086490785725,62.02108649078573,4194.516854019088,4.194516854019088,5194.423406319891,5.194423406319891,6315.640461939846,6.3156404619398465,0,0,0,0,4,0,5,1,False,False,TNC,PELHAM LAKE PARK,ROWE,1,,,,,,,,,,,False,,False,0.0,0.0,False,False,False,0
MA1255000,7055.907075341243,7.055907075341244,45083.51697839216,45.08351697839216,1319.0143998612075,1.3190143998612074,170.45345919218005,0.17045345919218005,7458.275309794695,7.458275309794695,0,0,1,0,1,0,8,5,True,False,GW,BLOSSOM STREET ROCK WELL,ROYALSTON,1,,,,,,,,,,,False,,False,0.0,0.0,False,False,False,0
MA1255001,10033.39255790017,10.03339255790017,49215.96603302215,49.215966033022156,318.29069678516043,0.3182906967851604,5790.251021601296,5.790251021601296,8302.806120040366,8.302806120040366,1,0,1,0,1,0,6,2,False,False,NTNC,RAYMOND SCHOOL,ROYALSTON,1,,,,,,,,,,,False,,False,0.0,0.0,False,False,False,0
MA1255002,7726.7659581370135,7.726765958137014,45878.392207651275,45.878392207651274,1992.8718653476096,1.9928718653476096,1503.5951384232617,1.5035951384232618,7571.820409664939,7.571820409664939,0,0,1,0,2,0,7,6,False,False,TNC,CAMP CARAVAN,ROYALSTON,1,,,,,,,,,,,False,,False,0.0,0.0,False,False,False,0
MA1255003,7191.31915092258,7.19131915092258,50422.55862494824,50.42255862494824,3068.7718260088423,3.068771826008842,5594.546430845639,5.594546430845639,6186.652774278007,6.1866527742780075,0,0,0,0,3,0,5,4,False,False,TNC,TULLY LAKE CAMPGROUND,ROYALSTON,1,,,,,,,,,,,False,,False,0.0,0.0,False,False,False,0
MA1255004,11572.632178783015,11.572632178783016,46007.93091974376,46.007930919743764,3557.4488092110773,3.557448809211077,5235.813059099024,5.235813059099024,4803.727825747935,4.803727825747934,0,0,0,0,4,1,7,2,False,False,NTNC,ROYALSTON COMMUNITY SCHOOL,ROYALSTON,1,,,,,,,,,,,False,,False,0.0,0.0,False,False,False,0
MA1255005,7939.173994450323,7.939173994450323,45707.00968881413,45.707009688814125,1872.5975189133228,1.8725975189133228,1532.1099294814842,1.5321099294814842,7341.929144196636,7.341929144196636,0,0,1,0,2,0,7,5,False,False,NTNC,VILLAGE SCHOOL,ROYALSTON,1,,,,,,,,,,,False,,False,0.0,0.0,False,False,False,0
MA1256000,5837.999654280502,5.837999654280502,9606.330307890505,9.606330307890504,1065.3427992681654,1.0653427992681654,329.2686746149276,0.3292686746149276,3006.044402182301,3.006044402182301,0,0,2,0,6,1,9,15,True,False,ESW,RUSSELL RESERVOIR,RUSSELL,4,,,,,,,,,,,False,,False,0.0,0.0,False,False,False,0
MA1256002,6412.628066097179,6.412628066097179,12983.41457919415,12.98341457919415,3530.033103499274,3.530033103499274,3696.6614438067036,3.6966614438067036,8307.325851306177,8.307325851306178,0,0,0,0,2,0,8,1,False,False,TNC,H A MOSES SCOUT RESERVATION,RUSSELL,2,,,,,,,,,,,False,,False,0.0,0.0,False,False,False,0
MA1256003,6434.506780963223,6.434506780963223,12054.249201463299,12.0542492014633,2241.596261891549,2.2415962618915493,2629.311692192129,2.6293116921921293,7717.307691609898,7.717307691609898,0,0,1,0,2,0,9,4,False,False,TNC,BREAD BASKET,RUSSELL,1,,,,,,,,,,,False,,False,0.0,0.0,False,False,False,0
MA1256004,4356.234866040191,4.356234866040191,12272.475460106945,12.272475460106945,5536.249213249319,5.536249213249319,4176.908338814562,4.176908338814562,9172.388577855558,9.172388577855557,0,0,0,0,0,0,8,7,False,False,TNC,AMC NOBLE VIEW OUTDOOR CENTER,RUSSELL,1,,,,,,,,,,,False,,False,0.0,0.0,False,False,False,0
MA1260001,14954.493068047246,14.954493068047245,30870.301179725913,30.870301179725914,5766.4889762067405,5.76648897620674,11900.568104337359,11.900568104337358,22869.185993344592,22.86918599334459,0,0,0,0,0,0,2,0,True,False,GW,WELL #1,SANDISFIELD,1,,,,,,,,,,,False,,False,0.0,0.0,False,False,False,0
MA1260002,12955.082916978057,12.955082916978057,36921.571928675236,36.921571928675235,1767.571604553912,1.767571604553912,10813.030786406476,10.813030786406475,20750.45148203803,20.750451482038027,0,0,1,0,2,0,4,0,False,False,TNC,MS MURPHYS RESTAURANT  SPIRITS,SANDISFIELD,1,,,,,,,,,,,False,,False,0.0,0.0,False,False,False,0
MA1260003,16658.307346008343,16.658307346008343,32208.159870719548,32.20815987071955,3955.711269824106,3.9557112698241057,10930.03821902504,10.93003821902504,23447.409965185463,23.447409965185464,0,0,0,0,1,0,3,0,False,False,TNC,CONNIES SILVERBROOK CAFE LLC,SANDISFIELD,1,,,,,,,,,,,False,,False,0.0,0.0,False,False,False,0
MA1260005,16768.43804243634,16.76843804243634,32955.3954144949,32.9553954144949,2793.4186943268014,2.7934186943268013,10234.461323976977,10.234461323976976,23643.597218985196,23.643597218985196,0,0,1,0,2,0,3,0,False,False,NTNC,SANDISFIELD PUBLIC SCHOOL,SANDISFIELD,1,,,,,,,,,,,False,,False,0.0,0.0,False,False,False,0
MA1260007,14882.300024461054,14.882300024461054,30772.6572362297,30.7726572362297,5803.774435754725,5.803774435754725,11842.236023079435,11.842236023079435,22761.31754083472,22.76131754083472,0,0,0,0,0,0,2,0,False,False,TNC,NEW BOSTON INN,SANDISFIELD,1,,,,,,,,,,,False,,False,0.0,0.0,False,False,False,0
MA1260009,13986.319945718693,13.986319945718693,30510.447526779426,30.510447526779426,7342.959568961397,7.342959568961397,13585.743253978222,13.585743253978222,23445.97970336358,23.44597970336358,0,0,0,0,0,0,2,0,False,False,TNC,M J TUCKERS LLC,SANDISFIELD,1,,,,,,,,,,,False,,False,0.0,0.0,False,False,False,0
MA1260010,14458.424981519383,14.458424981519384,30672.273358847004,30.672273358847004,6517.935702377556,6.517935702377556,12704.303520745583,12.704303520745583,23119.5349530983,23.1195349530983,0,0,0,0,0,0,2,0,False,False,TNC,VILLA MIA RESTAURANT,SANDISFIELD,1,,,,,,,,,,,False,,False,0.0,0.0,False,False,False,0
MA1260011,14663.775288368653,14.663775288368653,30533.749605647932,30.533749605647934,5975.958743278435,5.975958743278435,11812.325805178993,11.812325805178993,22553.00517373176,22.55300517373176,0,0,0,0,0,0,2,0,False,False,TNC,NEW BOSTON STORE,SANDISFIELD,1,,,,,,,,,,,False,,False,0.0,0.0,False,False,False,0
MA1263002,8120.007588782569,8.120007588782569,49480.60931292987,49.480609312929865,2881.137079185151,2.8811370791851507,12003.880515584658,12.003880515584658,14347.953704435464,14.347953704435463,0,0,1,0,1,0,5,0,False,False,TNC,SHADY PINES CAMPGROUND,SAVOY,1,,,,,,,,,,,False,,False,0.0,0.0,False,False,False,0
MA1263003,8881.608547737222,8.88160854773722,51246.573786799425,51.24657378679942,1118.1900369971488,1.118190036997149,11514.416524670403,11.514416524670404,12741.158289138417,12.741158289138417,0,0,1,0,1,0,4,0,False,False,NTNC,SAVOY ELEMENTARY SCHOOL,SAVOY,1,,,,,,,,,,,False,,False,0.0,0.0,False,False,False,0
MA1263005,7173.922001126749,7.173922001126749,60703.68367744413,60.70368367744413,3300.058950033239,3.300058950033239,4524.542934742984,4.524542934742984,4604.622417355074,4.604622417355073,0,0,0,0,5,1,8,5,False,False,TNC,DCR SAVOY STATE FOREST,SAVOY,3,,,,,,,,,,,False,,False,0.0,0.0,False,False,False,0
MA1267000,2518.398203697025,2.518398203697025,52057.48505987253,52.05748505987253,3092.7675581397557,3.0927675581397556,11075.150220174623,11.075150220174622,19301.81163398478,19.30181163398478,0,0,0,0,1,0,3,0,True,False,GW,HUBBARD BROOK WELL (05G),SHEFFIELD,2,,,,,,,,,,,False,,True,0.48805541517889345,508.0,True,False,False,1
MA1267001,7876.457931283292,7.876457931283292,58112.21396574,58.11221396574,4196.405154312175,4.196405154312175,11293.174600158005,11.293174600158006,20935.11738126859,20.93511738126859,0,0,0,0,2,0,4,0,True,False,GW,WELL #2,SHEFFIELD,4,,,,,,,,,,,False,,False,0.0,0.0,False,False,False,0
MA1267002,8746.067388498723,8.746067388498723,58236.12701261328,58.23612701261328,3199.5431808232975,3.1995431808232975,14256.271673904386,14.256271673904386,23686.53971637252,23.686539716372522,0,0,0,0,1,0,3,0,False,False,TNC,RACE BROOK LODGE,SHEFFIELD,1,,,,,,,,,,,False,,False,0.0,0.0,False,False,False,0
MA1267005,3416.7471687121792,3.4167471687121793,49939.13577679871,49.93913577679871,7746.030012012211,7.746030012012211,18215.57244683402,18.21557244683402,25260.212281312306,25.260212281312306,0,0,0,0,0,0,1,0,False,False,TNC,THE LANTERN,SHEFFIELD,1,,,,,,,,,,,False,,False,0.0,0.0,False,False,False,0
MA1267006,5646.686833585535,5.646686833585536,53586.46298276147,53.58646298276147,1937.4438384673037,1.9374438384673038,7091.631562474044,7.091631562474044,16084.364518425708,16.08436451842571,0,0,1,0,1,0,5,0,False,False,TNC,SHEAS PINE TREE INN,SHEFFIELD,1,,,,,,,,,,,False,,False,0.0,0.0,False,False,False,0
MA1267008,10233.51731552064,10.23351731552064,59899.66105415676,59.89966105415676,6012.290716445246,6.012290716445246,17980.032168548314,17.980032168548313,27366.426694044116,27.366426694044115,0,0,0,0,0,0,1,0,False,False,NTNC,OPTION INSTITUTE AND FELLOWSHIP,SHEFFIELD,3,,,,,,,,,,,False,,False,0.0,0.0,False,False,False,0
MA1267010,3558.9540076142584,3.5589540076142585,50265.516049464706,50.26551604946471,4944.910044598617,4.9449100445986165,11237.463482340458,11.237463482340457,18658.885949616528,18.65888594961653,0,0,0,0,1,0,3,0,False,False,NTNC,CUSTOM EXTRUSION INC,SHEFFIELD,2,,,,,,,,,,,False,,False,0.0,0.0,False,False,False,0
MA1268000,15765.659792030085,15.765659792030085,51416.026107065554,51.416026107065555,1153.6070277032475,1.1536070277032475,4180.388595560516,4.180388595560515,1520.2744610047448,1.5202744610047447,0,0,4,1,5,1,9,3,True,False,GW,FOX BROOK RESERVOIR,SHELBURNE,3,,,,,,,,,,,False,,True,0.6298997461047873,2653.0,True,False,False,1
MA1268001,12987.20787012016,12.98720787012016,46101.336534312984,46.101336534312985,3595.24601220641,3.59524601220641,4526.202525086938,4.526202525086938,5550.757694620288,5.550757694620288,0,0,0,0,4,0,9,5,False,False,TNC,SHELBURNE SPRINGS,SHELBURNE,3,,,,,,,,,,,False,,False,0.0,0.0,False,False,False,0
MA1268002,15322.756675541976,15.322756675541976,45810.577221100626,45.81057722110062,1114.1078489410922,1.1141078489410923,3128.365478620669,3.128365478620669,7559.488718134158,7.559488718134158,0,0,3,0,3,0,13,3,False,False,TNC,GOULDS SUGAR HOUSE,SHELBURNE,1,,,,,,,,,,,False,,False,0.0,0.0,False,False,False,0
MA1268003,16120.09300429941,16.12009300429941,46678.50229691644,46.67850229691644,765.074355410131,0.765074355410131,2115.476151893957,2.115476151893957,7169.232365391841,7.169232365391841,3,0,3,0,3,0,12,2,False,False,NTNC,CLARKS CORVAIR PARTS,SHELBURNE,1,,,,,,,,,,,False,,False,0.0,0.0,False,False,False,0
MA1268005,12352.889677468816,12.352889677468816,47626.35728878849,47.62635728878849,3007.4228922662064,3.0074228922662063,5260.006027086912,5.260006027086912,5750.4124949708485,5.750412494970848,0,0,0,0,1,0,10,7,False,False,TNC,TRAIL DUCK POND RESTAURANT INC.,SHELBURNE,1,,,,,,,,,,,False,,False,0.0,0.0,False,False,False,0
MA1268007,14766.07860282743,14.766078602827431,48315.36871896414,48.315368718964145,3251.126221850862,3.251126221850862,2852.113169826936,2.852113169826936,5085.353328763578,5.085353328763579,0,0,0,0,6,0,10,4,False,False,TNC,SPRINGBROOK FAMILY CAMPING,SHELBURNE,1,,,,,,,,,,,False,,False,0.0,0.0,False,False,False,0
MA1268010,12960.227151756557,12.960227151756557,50129.55288628309,50.12955288628309,771.3173101421877,0.7713173101421877,6023.210625711864,6.023210625711864,4196.34247589658,4.19634247589658,1,0,1,0,4,1,9,5,False,False,TNC,VIPASSANA MEDITATION CENTER,SHELBURNE,2,,,,,,,,,,,False,,False,0.0,0.0,False,False,False,0
MA1268011,12561.900366725211,12.561900366725212,45610.89822226736,45.61089822226736,3917.3177311579525,3.9173177311579526,5118.725265675911,5.118725265675911,5010.6784811712,5.010678481171199,0,0,0,0,3,0,11,6,True,False,GW,WELL #1,SHELBURNE,3,,,,,,,,,,,False,,False,0.0,0.0,False,False,False,0
MA1268013,16527.126486244702,16.527126486244704,46895.135874078056,46.89513587407806,575.4771523807061,0.5754771523807061,1819.1403318719656,1.8191403318719657,7115.06479489132,7.11506479489132,3,0,3,0,3,0,12,2,False,False,TNC,DEUCE BAR & GRILL,SHELBURNE,1,,,,,,,,,,,False,,False,0.0,0.0,False,False,False,0
MA1268014,12283.735776854028,12.283735776854028,47598.8325952584,47.5988325952584,3038.354172836236,3.038354172836236,5326.864725663461,5.326864725663461,5691.233950107835,5.691233950107835,0,0,0,0,1,0,10,7,False,False,TNC,SHELBURNE FALLS COFFEE ROASTERS,SHELBURNE,1,,,,,,,,,,,False,,False,0.0,0.0,False,False,False,0
MA1268015,14775.017690104107,14.775017690104107,45450.76242374469,45.450762423744685,1665.6769063295324,1.6656769063295322,3659.208519034801,3.6592085190348014,6981.845774566079,6.981845774566079,0,0,3,0,3,0,13,4,False,False,TNC,BITTERSWEET HERB FARM,SHELBURNE,1,,,,,,,,,,,False,,False,0.0,0.0,False,False,False,0
MA1268016,12334.48123733886,12.33448123733886,46902.765214656065,46.902765214656064,3731.6052565185882,3.731605256518588,5156.04510595601,5.15604510595601,5356.968840761372,5.356968840761372,0,0,0,0,4,0,10,7,False,False,TNC,ARROWHEAD SHOPS,SHELBURNE,1,,,,,,,,,,,False,,False,0.0,0.0,False,False,False,0
MA1268017,12115.16009248338,12.11516009248338,47974.31739676251,47.97431739676251,2715.3046785883785,2.7153046785883785,5640.121312434039,5.640121312434039,5812.427681423014,5.8124276814230145,0,0,1,0,1,0,10,7,False,False,TNC,HAGERS FARM MARKET,SHELBURNE,1,,,,,,,,,,,False,,False,0.0,0.0,False,False,False,0
MA1268018,11645.742893420838,11.645742893420838,48846.860037191786,48.84686003719179,2386.0662295361153,2.3860662295361155,5645.627170458484,5.645627170458484,5851.852952351678,5.8518529523516785,0,0,1,0,1,0,10,7,False,False,TNC,APEX ORCHARD FARM STORE,SHELBURNE,1,,,,,,,,,,,False,,False,0.0,0.0,False,False,False,0
MA1272001,11701.68413781151,11.70168413781151,35629.520204976085,35.62952020497608,3971.891298790567,3.971891298790567,8960.7339332546,8.9607339332546,10724.166707132948,10.724166707132948,0,0,0,0,1,0,8,0,False,False,TNC,DCR C A HOLMES RECREATION AREA,SHUTESBURY,1,,,,,,,,,,,False,,False,0.0,0.0,False,False,False,0
MA1272002,11626.22573074822,11.626225730748219,29411.561815650864,29.411561815650863,4877.5141743836175,4.8775141743836175,11067.962334279806,11.067962334279805,10456.970946100628,10.456970946100627,0,0,0,0,1,0,3,0,False,False,NTNC,SHUTESBURY ELEMENTARY SCHOOL,SHUTESBURY,2,,,,,,,,,,,False,,False,0.0,0.0,False,False,False,0
MA1272003,12072.013883011401,12.072013883011401,36101.55112004614,36.10155112004614,4855.685800281607,4.8556858002816075,9266.80567686666,9.266805676866658,9767.544992560528,9.767544992560529,0,0,0,0,1,0,8,1,False,False,TNC,CAMP ANDERSON FOUNDATION,SHUTESBURY,1,,,,,,,,,,,False,,False,0.0,0.0,False,False,False,0
MA1272004,10720.190856225458,10.720190856225457,26529.62689847965,26.529626898479652,5351.241828064998,5.351241828064998,9113.902983074571,9.11390298307457,8855.67595082572,8.85567595082572,0,0,0,0,0,0,3,2,False,False,TNC,SIRIUS COMMUNITY CENTER,SHUTESBURY,1,,,,,,,,,,,False,,False,0.0,0.0,False,False,False,0
MA1272005,14279.311454690562,14.279311454690562,32318.167019889977,32.31816701988998,7195.441548726842,7.1954415487268415,13134.022876943714,13.134022876943714,11010.116559054879,11.010116559054879,0,0,0,0,0,0,4,0,False,False,TNC,SHUTESBURY ATHLETIC CLUB,SHUTESBURY,1,,,,,,,,,,,False,,False,0.0,0.0,False,False,False,0
MA1275001,838.998323838402,0.838998323838402,11151.59102471064,11.15159102471064,475.20488874021373,0.4752048887402137,4892.54813030501,4.89254813030501,2131.126645266062,2.131126645266062,1,0,1,1,4,4,13,35,True,False,GW,DRY BROOK WELL #1 (04G),SOUTH HADLEY,2,SOUTH HADLEY FIRE DISTRICT #2 WATER DEPT,4.0,116.0,False,False,,,0.0,10.5,False,True,False,True,0.08959702859576225,2185.0,False,True,False,1
MA1276000,8002.324316793008,8.002324316793008,9916.859097511951,9.916859097511951,722.2932127772743,0.7222932127772743,3602.968767846487,3.602968767846487,1208.63648939253,1.2086364893925299,1,0,1,1,5,2,14,22,True,False,GW,GLENDALE WELL #2,SOUTHAMPTON,1,SOUTHAMPTON WATER DEPT,4.0,116.0,False,False,,,0.0,10.5,False,True,False,False,0.0,0.0,False,False,False,0
MA1279000,742.8756847495981,0.7428756847495981,10771.019865455126,10.771019865455125,1681.1262487269582,1.6811262487269583,2515.963424395084,2.515963424395084,641.3660133160399,0.6413660133160399,0,2,1,5,2,5,6,26,True,False,GW,GREAT BROOK WELL #1,SOUTHWICK,2,SOUTHWICK WATER DEPT,8.0,232.0,False,False,,,0.0,10.5,False,True,False,False,0.0,0.0,False,False,False,0
MA1279002,1242.4659170183847,1.2424659170183847,13460.712326840427,13.460712326840426,1435.5422683847855,1.4355422683847856,5568.9671381649805,5.568967138164981,4920.424612784595,4.920424612784595,0,0,1,0,3,1,4,13,False,False,TNC,SODOM MOUNTAIN CAMPGROUND,SOUTHWICK,2,,,,,,,,,,,False,,False,0.0,0.0,False,False,False,0
MA1279003,2835.906805958801,2.835906805958801,9749.560156759615,9.749560156759616,2581.247251764133,2.581247251764133,4359.208916854916,4.359208916854916,2142.9946651477308,2.142994665147731,0,0,2,1,3,6,7,22,False,False,NTNC,THE RANCH GOLF CLUB,SOUTHWICK,2,,,,,,,,,,,False,,False,0.0,0.0,False,False,False,0
MA1281000,1819.830793075248,1.819830793075248,8517.71796235095,8.517717962350948,2264.6997286550472,2.264699728655047,3112.533278840924,3.112533278840924,3375.6704476253817,3.3756704476253816,0,0,2,0,4,1,12,37,False,False,SW,LITTLEVILLE RESERVOIR (03S),SPRINGFIELD,6,SPRINGFIELD WATER AND SEWER COMMISSION,4.0,116.0,False,False,,,0.0,10.5,False,True,False,True,0.872270500559935,173001.0,True,True,True,5
MA1283003,12966.567542113886,12.966567542113886,54525.04437060203,54.52504437060203,1408.2255980648476,1.4082255980648477,2359.7642900532082,2.3597642900532083,6318.717830260328,6.3187178302603275,0,0,1,0,4,0,15,3,False,False,SW,LAKE AVERIC (ECHO LAKE),STOCKBRIDGE,1,,,,,,,,,,,False,,True,0.29615032653244805,842.0,True,False,False,1
MA1283010,9868.82226637193,9.86882226637193,52989.877484143944,52.989877484143946,3174.3962754940485,3.1743962754940487,3357.9586373763755,3.3579586373763757,5561.085674834748,5.5610856748347475,0,0,0,0,3,0,16,6,False,False,TNC,CAMP MAH KEE NAC,STOCKBRIDGE,1,,,,,,,,,,,False,,False,0.0,0.0,False,False,False,0
MA1283011,13766.180114682464,13.766180114682463,50776.68562923333,50.776685629233334,2769.510835618442,2.769510835618442,2063.6206971670067,2.0636206971670066,3183.4687999474245,3.1834687999474243,0,0,1,0,6,2,17,3,False,False,TNC,BERKSHIRE THEATRE FESTIVAL,STOCKBRIDGE,1,,,,,,,,,,,False,,False,0.0,0.0,False,False,False,0
MA1283012,9483.177112049054,9.483177112049054,52638.4119520726,52.6384119520726,2696.8069878111005,2.6968069878111005,2754.716414226585,2.754716414226585,5085.688004645557,5.085688004645557,0,0,1,0,3,0,16,6,False,False,TNC,WHEATLEIGH INN,STOCKBRIDGE,1,,,,,,,,,,,False,,False,0.0,0.0,False,False,False,0
MA1283013,9297.86478993612,9.29786478993612,54594.2107539209,54.594210753920905,3589.7098397255577,3.5897098397255576,3647.7745495588115,3.6477745495588114,7079.922370868273,7.079922370868273,0,0,0,0,7,0,14,7,False,False,NTNC,BERKSHIRE COUNTRY DAY SCHOOL,STOCKBRIDGE,2,,,,,,,,,,,False,,False,0.0,0.0,False,False,False,0
MA1283015,9845.212421518421,9.845212421518422,52274.55934131534,52.27455934131534,2421.2698561130583,2.4212698561130583,2714.640616063816,2.714640616063816,4807.6921075100645,4.807692107510064,0,0,1,0,4,1,16,6,True,False,GW,WELL #1,STOCKBRIDGE,2,,,,,,,,,,,False,,False,0.0,0.0,False,False,False,0
MA1283016,11128.046785514598,11.128046785514599,52697.768954826424,52.69776895482642,3029.024140601414,3.029024140601414,3302.697752666412,3.3026977526664116,5778.715715371081,5.7787157153710815,0,0,0,0,3,0,17,5,False,False,TNC,MAH KEE NAC WATER COMPANY,STOCKBRIDGE,2,,,,,,,,,,,False,,False,0.0,0.0,False,False,False,0
MA1283017,14678.967403316097,14.678967403316097,50126.292922315464,50.126292922315464,2888.9087916476847,2.8889087916476845,2372.606543461719,2.372606543461719,2087.387513200257,2.087387513200257,0,0,1,1,5,2,17,3,True,False,GW,DRUMMOND #5,STOCKBRIDGE,3,,,,,,,,,,,False,,True,0.9999907454568212,842.0,True,False,False,1
MA1283019,14135.5362595542,14.135536259554199,52139.288878808584,52.139288878808586,1490.5842744360236,1.4905842744360236,514.5651523928054,0.5145651523928054,3485.47812071251,3.4854781207125103,0,0,3,0,5,1,17,3,True,False,GW,WELL #1,STOCKBRIDGE,2,,,,,,,,,,,False,,True,1.0,842.0,True,False,False,1
MA1283022,13813.126689008392,13.813126689008392,55304.13372359607,55.30413372359607,1842.0326475721538,1.8420326475721538,2787.891411306636,2.787891411306636,6731.185228911284,6.731185228911284,0,0,1,0,4,0,14,3,False,False,TNC,THE STOCKBRIDGE SPORTSMAN CLUB INC,STOCKBRIDGE,2,,,,,,,,,,,False,,False,0.0,0.0,False,False,False,0
MA1289000,4702.394980844804,4.7023949808448045,26826.396923829576,26.826396923829577,2977.8365151890553,2.9778365151890553,1411.8188062625088,1.4118188062625088,4858.242831828436,4.858242831828435,0,0,1,0,2,1,8,7,True,False,GW,HUBBARD WELL,SUNDERLAND,3,,,,,,,,,,,False,,True,0.9999999999999989,5610.0,True,True,False,3
MA1289001,6827.30672352084,6.82730672352084,29005.33358352854,29.00533358352854,3387.819115697306,3.3878191156973063,1060.7107720661872,1.0607107720661872,5241.560622458313,5.241560622458313,0,0,0,0,2,0,8,3,True,False,GW,WELL #1,SUNDERLAND,3,,,,,,,,,,,False,,True,1.0,1421.0,True,True,False,1
MA1289002,10064.25587939893,10.06425587939893,34084.00130946168,34.084001309461684,1010.6421965081436,1.0106421965081436,5700.563721460308,5.700563721460308,5576.14531862869,5.57614531862869,0,0,2,0,3,0,9,3,True,False,GW,WELL #1,SUNDERLAND,2,,,,,,,,,,,False,,True,1.0,1421.0,True,True,False,1
MA1297002,9772.92870388316,9.77292870388316,27593.669617755077,27.593669617755076,12257.244195555098,12.2572441955551,17933.478775392123,17.93347877539212,20549.27634372986,20.54927634372986,0,0,0,0,0,0,0,0,False,False,TNC,TWIN BROOK CAMPING AREA,TOLLAND,2,,,,,,,,,,,False,,False,0.0,0.0,False,False,False,0
MA1297006,10664.281776948534,10.664281776948533,28473.844873572816,28.473844873572816,12902.536211342998,12.902536211342998,18573.448084351552,18.57344808435155,21417.959758697893,21.417959758697894,0,0,0,0,0,0,0,0,False,False,TNC,CAMP KINDERLAND,TOLLAND,1,,,,,,,,,,,False,,False,0.0,0.0,False,False,False,0
MA1297007,12762.3445634014,12.7623445634014,27209.891726280446,27.209891726280446,4481.214906299278,4.481214906299278,9822.369505330405,9.822369505330405,18570.84074481258,18.57084074481258,0,0,0,0,1,0,3,0,False,False,TNC,FRIENDS OF DANCE NEW ENGLAND,TOLLAND,3,,,,,,,,,,,False,,False,0.0,0.0,False,False,False,0
MA1297008,7935.840082080949,7.935840082080949,25417.44888954799,25.41744888954799,10740.313575377526,10.740313575377526,16382.556430293069,16.382556430293068,19059.245965247068,19.05924596524707,0,0,0,0,0,0,0,0,False,False,TNC,WILDWOOD PROPERTY OWNERS,TOLLAND,5,,,,,,,,,,,False,,False,0.0,0.0,False,False,False,0
MA1302001,14477.626021288957,14.477626021288957,42670.95751036187,42.67095751036187,3426.1669461271185,3.4261669461271187,6074.585818342715,6.074585818342715,5117.0411949871805,5.117041194987181,0,0,0,0,4,0,10,3,False,False,TNC,SUNSET FARM,TYRINGHAM,2,,,,,,,,,,,False,,False,0.0,0.0,False,False,False,0
MA1306001,8291.838097634169,8.29183809763417,30487.475970399853,30.487475970399853,4648.455712784556,4.648455712784556,10851.36075845906,10.85136075845906,9535.670128111018,9.535670128111018,0,0,0,0,2,0,9,1,True,False,GW,WELL #3,WALES,2,,,,,,,,,,,False,,False,0.0,0.0,False,False,False,0
MA1306002,6553.502312456802,6.553502312456803,30392.197225651435,30.392197225651433,1243.816203696113,1.243816203696113,10005.061245059374,10.005061245059375,4038.8453452708477,4.038845345270848,0,0,2,0,5,1,11,5,False,False,TNC,WALES IRISH PUB,WALES,1,,,,,,,,,,,False,,False,0.0,0.0,False,False,False,0
MA1306003,6750.164863439577,6.750164863439577,29775.556011114244,29.775556011114244,820.4030125630243,0.8204030125630243,9500.243053310644,9.500243053310644,5352.870573761224,5.352870573761224,1,0,2,0,4,0,11,5,False,False,TNC,OAK HAVEN FAMILY CAMPGROUND,WALES,1,,,,,,,,,,,False,,False,0.0,0.0,False,False,False,0
MA1306004,6119.451569673143,6.119451569673143,29165.07089118262,29.16507089118262,1147.0572323454307,1.1470572323454307,8887.08444617131,8.88708444617131,4995.83336829436,4.9958333682943605,0,0,2,0,4,1,11,6,False,False,NTNC,WALES ELEMENTARY SCHOOL,WALES,1,,,,,,,,,,,False,,False,0.0,0.0,False,False,False,0
MA1306005,6826.602270817198,6.826602270817197,29514.404316019292,29.51440431601929,1350.952133891767,1.3509521338917672,9259.361199284172,9.259361199284173,5780.404559872406,5.780404559872406,0,0,2,0,3,0,11,6,False,False,TNC,LAKE GEORGE TAVERN,WALES,1,,,,,,,,,,,False,,False,0.0,0.0,False,False,False,0
MA1306006,6486.036789314608,6.486036789314608,28737.052292949338,28.73705229294934,1808.754260950129,1.808754260950129,8515.731102214186,8.515731102214186,6046.51023913739,6.04651023913739,0,0,2,0,2,0,11,4,True,False,GW,WELL #1,WALES,2,,,,,,,,,,,False,,False,0.0,0.0,False,False,False,0
MA1306007,6129.983549705441,6.129983549705441,29383.106012999808,29.383106012999807,1091.7197801870418,1.0917197801870417,9107.61303224897,9.10761303224897,4728.9665962005265,4.728966596200527,0,0,2,0,5,1,11,6,False,False,TNC,WALES MARKET,WALES,1,,,,,,,,,,,False,,False,0.0,0.0,False,False,False,0
MA1306008,6086.690142683364,6.086690142683364,29494.19074056312,29.49419074056312,1051.0076422557481,1.0510076422557482,9226.927022139897,9.226927022139897,4487.808043951377,4.487808043951377,0,0,2,0,5,1,11,6,False,False,TNC,WALES SENIOR CENTER,WALES,1,,,,,,,,,,,False,,False,0.0,0.0,False,False,False,0
MA1306009,4956.884315958131,4.956884315958131,26954.28829408308,26.954288294083078,2451.0088661864074,2.4510088661864073,7136.751898663792,7.136751898663793,7211.666065886195,7.211666065886194,0,0,1,0,4,0,10,4,False,False,TNC,TUPPER HILL  NORCROSS WILDLIFE SANCTUARY,WALES,2,,,,,,,,,,,False,,False,0.0,0.0,False,False,False,0
MA1309000,314.4024614685771,0.3144024614685771,24776.430094898027,24.77643009489803,1367.6662722162098,1.3676662722162098,533.810525920789,0.533810525920789,827.4249216624543,0.8274249216624543,0,1,3,4,4,4,13,5,True,False,GW,DISMAL SWAMP WELL (03G),WARE,4,WARE WATER DEPT,4.0,116.0,True,True,4.9,7.1000000000000005,4.0,18.5,False,True,True,True,0.37603515633409074,4043.0,True,True,False,2
MA1309001,1738.695933409711,1.738695933409711,20547.23693541767,20.54723693541767,1029.5976209603914,1.0295976209603914,5848.567319415004,5.848567319415004,3156.1716444717695,3.1561716444717693,0,0,1,0,1,1,10,7,True,False,GW,WELL #2,WARE,1,,,,,,,,,,,False,,False,0.0,0.0,False,False,False,0
MA1309009,4264.431073668903,4.264431073668903,22898.127678074525,22.898127678074523,1743.8481652206833,1.7438481652206834,2884.4119209485543,2.8844119209485544,2266.28994966541,2.26628994966541,0,0,2,2,6,4,8,9,False,False,NTNC,HAMPSHIRE EAST PROPERTIES LLC,WARE,1,,,,,,,,,,,False,,False,0.0,0.0,False,False,False,0
MA1311000,4561.292982923438,4.5612929829234385,28086.830385631696,28.086830385631696,2490.6037831524814,2.490603783152481,1273.20696007278,1.27320696007278,1102.5111810855162,1.1025111810855162,0,0,1,1,1,1,10,7,True,False,GW,COMINS POND TUBULAR WELL FIELD,WARREN,3,,,,,,,,,,,False,,True,0.7565150332228887,2321.0,True,False,False,1
MA1311001,4799.42204205845,4.79942204205845,27666.38313209294,27.66638313209294,2043.2242665566393,2.0432242665566394,1284.4654071288508,1.2844654071288508,1862.1308788724618,1.8621308788724618,0,0,1,1,1,1,10,7,True,False,GW,GP WELL #2,WARREN,2,,,,,,,,,,,False,,False,0.0,0.0,False,False,False,0
MA1311007,4946.611751913151,4.946611751913151,27865.481688679287,27.86548168867929,2774.917248332147,2.774917248332147,4427.887694498549,4.427887694498549,5017.853697885277,5.017853697885277,0,0,1,0,2,0,5,10,False,False,TNC,SCOTTISH MEADOW GOLF CLUB,WARREN,1,,,,,,,,,,,False,,False,0.0,0.0,False,False,False,0
MA1312001,14415.755433515822,14.415755433515821,58759.58366728487,58.759583667284865,1917.3003198252848,1.9173003198252847,10934.011173638315,10.934011173638314,12252.627339376526,12.252627339376525,0,0,1,0,1,0,1,0,True,False,GW,WELL # 1,WARWICK,1,,,,,,,,,,,False,,False,0.0,0.0,False,False,False,0
MA1312010,8259.887591185683,8.259887591185683,50068.09034643029,50.06809034643029,2813.0816888158975,2.8130816888158976,4064.295787059103,4.064295787059103,3622.8327179855582,3.6228327179855584,0,0,1,0,2,1,6,5,False,False,TNC,WAGON WHEEL CAMPING AREA,WARWICK,4,,,,,,,,,,,False,,False,0.0,0.0,False,False,False,0
MA1312012,13466.511010753928,13.466511010753928,57004.90257755413,57.004902577554134,688.611182682203,0.688611182682203,9524.191725414485,9.524191725414484,10382.991293172965,10.382991293172966,1,0,1,0,1,0,2,0,False,False,NTNC,WARWICK COMMUNITY SCHOOL,WARWICK,1,,,,,,,,,,,False,,False,0.0,0.0,False,False,False,0
MA1312013,13156.292864905332,13.156292864905332,56575.17385966374,56.575173859663735,1047.7614898170173,1.0477614898170173,9416.588980312521,9.416588980312522,9948.305167113986,9.948305167113986,0,0,1,0,1,0,3,1,False,False,TNC,BARN OWL,WARWICK,1,,,,,,,,,,,False,,False,0.0,0.0,False,False,False,0
MA1313004,3247.584220753077,3.247584220753077,39953.96229607364,39.95396229607364,2049.324752610329,2.049324752610329,8787.040795045008,8.787040795045009,11417.445690694958,11.417445690694958,0,0,1,0,2,0,5,0,False,False,TNC,HOUSE OF WASHINGTON,WASHINGTON,1,,,,,,,,,,,False,,False,0.0,0.0,False,False,False,0
MA1313005,4913.702478450918,4.913702478450918,39473.50076038877,39.473500760388774,4364.5725900627785,4.364572590062779,7162.168862533554,7.162168862533553,11545.252685256019,11.545252685256019,0,0,0,0,1,0,5,0,False,False,TNC,SUMMIT HILL CAMPGROUND,WASHINGTON,2,,,,,,,,,,,False,,False,0.0,0.0,False,False,False,0
MA1313006,2175.2065740682756,2.1752065740682758,40828.10240452415,40.82810240452415,433.21900763937964,0.43321900763937965,9711.671457072209,9.711671457072208,9484.643847668396,9.484643847668396,1,0,1,0,2,0,8,1,False,False,TNC,BUCKSTEEP MANOR,WASHINGTON,2,,,,,,,,,,,False,,False,0.0,0.0,False,False,False,0
MA1319001,7339.529348255116,7.339529348255116,40096.18865083224,40.09618865083224,2900.305344694883,2.9003053446948828,4465.558734614487,4.465558734614486,6884.34921305636,6.88434921305636,0,0,1,0,3,0,10,6,False,False,TNC,DCR WENDELL STATE FOREST,WENDELL,1,,,,,,,,,,,False,,False,0.0,0.0,False,False,False,0
MA1319004,9147.611746078042,9.147611746078043,41986.98881447095,41.98698881447095,2425.1880133371264,2.4251880133371264,5159.466037848524,5.159466037848524,4488.0889532276715,4.488088953227671,0,0,1,0,2,1,9,5,False,False,TNC,KEMSLEY ACADEMY INC,WENDELL,2,,,,,,,,,,,False,,False,0.0,0.0,False,False,False,0
MA1319006,9718.939264328976,9.718939264328975,40134.18186358517,40.13418186358517,1616.7474432164943,1.6167474432164943,7106.123310630425,7.106123310630426,6534.851936806279,6.5348519368062785,0,0,1,0,1,0,8,5,False,False,TNC,WENDELL COUNTRY STORE,WENDELL,1,,,,,,,,,,,False,,False,0.0,0.0,False,False,False,0
MA1319007,9512.926030020208,9.512926030020207,40292.504120229154,40.292504120229154,1432.61961289176,1.4326196128917599,7087.563810475621,7.087563810475621,6385.430699391374,6.3854306993913745,0,0,1,0,1,0,8,5,False,False,TNC,WENDELL TOWN BUILDINGS,WENDELL,1,,,,,,,,,,,False,,False,0.0,0.0,False,False,False,0
MA1325000,1637.8528612457787,1.6378528612457788,8425.684895024675,8.425684895024675,1642.3141082295663,1.6423141082295662,4301.844095694955,4.301844095694955,1610.955509922055,1.610955509922055,0,0,1,3,2,14,14,50,True,False,GW,GP WELL 2 (02G),WEST SPRINGFIELD,4,WEST SPRINGFIELD DPW WATER DIVISION,2.0,58.0,False,False,,,0.0,10.5,False,True,False,True,0.5457698714465015,22219.0,True,True,False,3
MA1326000,11115.057063520437,11.115057063520437,57368.8865112686,57.368886511268606,898.224192836893,0.898224192836893,701.3119278993188,0.7013119278993188,9368.85302123733,9.36885302123733,1,0,4,0,5,0,9,2,True,False,GW,SARTORI QUARRY RESERVOIR,WEST STOCKBRIDGE,3,,,,,,,,,,,False,,False,0.0,0.0,False,False,False,0
MA1326001,11521.131455905794,11.521131455905794,57934.15815887809,57.93415815887809,767.5533247143852,0.7675533247143852,684.8657316516898,0.6848657316516897,9718.88923291817,9.71888923291817,1,0,4,0,4,0,9,1,True,False,GW,WELL 2,WEST STOCKBRIDGE,1,,,,,,,,,,,False,,False,0.0,0.0,False,False,False,0
MA1326005,12611.507231343243,12.611507231343243,56511.77590664035,56.51177590664035,1291.3186717529115,1.2913186717529115,1302.729395797559,1.302729395797559,8326.547190568832,8.326547190568832,0,0,1,0,5,0,12,3,False,False,TNC,PLEASANT VALLEY MOTEL,WEST STOCKBRIDGE,1,,,,,,,,,,,False,,False,0.0,0.0,False,False,False,0
MA1326006,13246.530466975608,13.246530466975608,59564.926426827195,59.56492642682719,4434.268114079828,4.434268114079828,4645.499952807204,4.645499952807204,10654.005162974356,10.654005162974356,0,0,0,0,1,0,9,0,False,False,TNC,CAMP KINGSMONT,WEST STOCKBRIDGE,2,,,,,,,,,,,False,,False,0.0,0.0,False,False,False,0
MA1329000,674.1846821528175,0.6741846821528175,650.0880037191284,0.6500880037191284,736.7986386473768,0.7367986386473768,1644.2858912994805,1.6442858912994804,366.5663374669572,0.36656633746695716,1,1,1,14,4,22,18,65,True,False,GW,WELL #6,WESTFIELD,9,WESTFIELD WATER DEPT,14.0,406.0,True,False,,,1.0,10.5,False,True,True,True,0.1898356896590795,15114.0,True,True,False,3
MA1329004,1090.5026428429105,1.0905026428429105,3139.846240798189,3.139846240798189,3017.284595242912,3.017284595242912,5347.114282316429,5.347114282316429,1098.984938444258,1.098984938444258,0,0,0,6,4,10,11,36,False,False,NTNC,WHITE OAK SCHOOL,WESTFIELD,1,,,,,,,,,,,False,,False,0.0,0.0,False,False,False,0
MA1329006,3391.883007421721,3.391883007421721,5185.945592018293,5.185945592018292,3475.023614360398,3.475023614360398,6077.023174684524,6.077023174684524,2750.611296090971,2.750611296090971,0,0,0,2,3,9,8,25,False,False,TNC,KOSINSKI FARM,WESTFIELD,1,,,,,,,,,,,False,,False,0.0,0.0,False,False,False,0
MA1329007,1857.7099402470083,1.8577099402470083,3832.97483042731,3.8329748304273097,3095.650550961765,3.095650550961765,5740.61397305289,5.7406139730528905,1624.5284404733425,1.6245284404733424,0,0,0,4,4,9,10,33,False,False,TNC,R E G ENTERPRISES INC,WESTFIELD,1,,,,,,,,,,,False,,False,0.0,0.0,False,False,False,0
MA1331003,13442.833170174465,13.442833170174465,16236.616850355751,16.23661685035575,2504.1696756232427,2.5041696756232428,9038.847388136,9.038847388136,7714.240849922198,7.714240849922199,0,0,2,0,3,0,10,7,False,False,NTNC,HAMPSHIRE REGIONAL HIGH SCHOOL,WESTHAMPTON,1,,,,,,,,,,,False,,False,0.0,0.0,False,False,False,0
MA1331004,13010.544375498132,13.010544375498132,15168.3636867104,15.1683636867104,2607.9910009647288,2.607991000964729,9302.321101429625,9.302321101429625,7115.235691181728,7.115235691181728,0,0,1,0,2,0,11,5,False,False,TNC,NORTHAMPTON / SPRINGFIELD KOA HOLIDAY,WESTHAMPTON,2,,,,,,,,,,,False,,False,0.0,0.0,False,False,False,0
MA1331007,12892.518111591207,12.892518111591208,18578.11656037348,18.57811656037348,583.3532194672177,0.5833532194672177,8255.451298789201,8.2554512987892,7738.158314347448,7.738158314347448,1,0,1,0,2,0,12,6,False,False,NTNC,WESTHAMPTON ELEMENTARY SCHOOL,WESTHAMPTON,1,,,,,,,,,,,False,,False,0.0,0.0,False,False,False,0
MA1331009,12726.475318798899,12.726475318798899,14868.197558501919,14.868197558501919,1323.9945040791347,1.3239945040791348,7938.6781763988265,7.938678176398827,6312.060502472323,6.312060502472323,0,0,1,0,5,0,12,6,False,False,TNC,OUTLOOK FARM,WESTHAMPTON,1,,,,,,,,,,,False,,False,0.0,0.0,False,False,False,0
MA1331010,11896.978509392564,11.896978509392564,18826.237378859358,18.826237378859357,659.4991245177409,0.659499124517741,7415.996279380598,7.4159962793805985,6719.178279087892,6.719178279087893,1,0,1,0,2,0,12,11,False,False,TNC,HANGING MOUNTAIN FARM,WESTHAMPTON,1,,,,,,,,,,,False,,False,0.0,0.0,False,False,False,0
MA1337010,6813.132122232704,6.813132122232704,26168.27542958313,26.16827542958313,2271.118410074899,2.2711184100748993,4508.45542397919,4.508455423979189,5694.792978305848,5.694792978305848,0,0,1,0,3,0,7,20,True,False,GW,WELL #1,WHATELY,2,WHATELY WATER DEPARTMENT,2.0,58.0,False,False,,,0.0,10.5,False,True,False,False,0.0,0.0,False,False,False,0
MA1337012,12115.292319743849,12.11529231974385,30693.216609529685,30.693216609529685,2291.6239868973325,2.2916239868973327,6930.076063707994,6.930076063707994,7293.764703237789,7.293764703237789,0,0,1,0,1,0,8,3,False,False,TNC,SMITH BECHTEL ENVIRONMENTAL CLASSROOM,WHATELY,1,,,,,,,,,,,False,,False,0.0,0.0,False,False,False,0
MA1339004,3426.539959791979,3.4265399597919792,11108.737748044814,11.108737748044813,1256.0347130906323,1.2560347130906322,3519.139792288999,3.5191397922889993,2957.794830914386,2.957794830914386,0,0,3,1,3,6,13,39,False,True,TNC,FRANKIE BS INC,WILBRAHAM,1,,,,,,,,,,,False,,False,0.0,0.0,False,False,False,0
MA1340000,11142.54663625829,11.14254663625829,24730.55605501997,24.73055605501997,2940.433403996533,2.9404334039965327,858.9981589357437,0.8589981589357437,3083.6841676826225,3.0836841676826223,0,0,1,0,2,1,9,13,True,False,GW,GP WELL #1,WILLIAMSBURG,2,,,,,,,,,,,False,,False,0.0,0.0,False,False,False,0
MA1340001,14009.778065436196,14.009778065436196,27792.152913513008,27.792152913513007,2666.2576090849916,2.6662576090849917,4081.989619977733,4.081989619977733,7028.01557539448,7.02801557539448,0,0,1,0,2,0,7,1,False,False,TNC,SNOW FARM,WILLIAMSBURG,3,,,,,,,,,,,False,,False,0.0,0.0,False,False,False,0
MA1341000,1099.9803705477373,1.0999803705477373,68841.45116177907,68.84145116177908,172.46870265329176,0.17246870265329176,884.251815950396,0.884251815950396,1178.890707934543,1.178890707934543,4,0,6,1,7,3,14,5,True,False,ESW,STETSON RD WELL #2 (02G),WILLIAMSTOWN,6,WILLIAMSTOWN WATER DEPT,6.0,174.0,False,False,,,0.0,10.5,False,True,False,True,0.14224272572134913,4750.0,True,True,False,2
MA1341003,5057.745169509983,5.057745169509983,71741.47938891992,71.74147938891993,2823.0235777654525,2.8230235777654524,4962.60758500447,4.96260758500447,4566.852762347534,4.5668527623475335,0,0,1,0,1,1,12,3,True,False,GW,WELL #4,WILLIAMSTOWN,4,,,,,,,,,,,False,,False,0.0,0.0,False,False,False,0
MA1341004,8221.371092444142,8.221371092444143,69257.71664283008,69.25771664283009,823.5393633424006,0.8235393633424006,8393.73703098505,8.39373703098505,8007.570457526931,8.007570457526931,1,0,1,0,2,0,11,1,True,False,GW,SPRING #1,WILLIAMSTOWN,2,,,,,,,,,,,False,,False,0.0,0.0,False,False,False,0
MA1341005,4013.2068065807384,4.0132068065807385,72470.62783835328,72.47062783835328,4050.839331095295,4.050839331095295,3995.20167621547,3.99520167621547,3601.3126478175423,3.6013126478175423,0,0,0,0,4,1,10,3,False,False,TNC,MARGARET LINDLEY PARK,WILLIAMSTOWN,1,,,,,,,,,,,False,,False,0.0,0.0,False,False,False,0
MA1341006,9741.495302445075,9.741495302445076,71666.48046141899,71.666480461419,3797.328802363025,3.7973288023630247,9888.582275987153,9.888582275987153,9495.212658990902,9.495212658990901,0,0,0,0,2,0,5,1,False,False,TNC,INST FOR INTL COOPERATION AND DEVLPMT,WILLIAMSTOWN,1,,,,,,,,,,,False,,False,0.0,0.0,False,False,False,0
MA1341007,3781.0490416890166,3.7810490416890166,72522.65198219553,72.52265198219553,4248.837269958742,4.248837269958742,3747.972121974401,3.747972121974401,3354.116103816843,3.354116103816843,0,0,0,0,7,1,10,3,False,False,TNC,BERKSHIRE HILLS MOTEL,WILLIAMSTOWN,1,,,,,,,,,,,False,,False,0.0,0.0,False,False,False,0
MA1341009,7191.825508333636,7.191825508333636,70470.57830416354,70.47057830416354,1063.7046641506843,1.0637046641506842,6988.663087055245,6.9886630870552455,6596.158099274608,6.596158099274607,0,0,1,0,1,0,12,2,False,False,TNC,WAUBEEKA GOLF LINKS LLC,WILLIAMSTOWN,1,,,,,,,,,,,False,,False,0.0,0.0,False,False,False,0
MA1341010,5679.875518468827,5.679875518468827,71578.41766236979,71.57841766236979,2411.632512378462,2.411632512378462,5609.960549725321,5.60996054972532,5214.208567061856,5.214208567061856,0,0,1,0,1,0,11,2,False,False,NTNC,MT GREYLOCK REGIONAL SCHOOL,WILLIAMSTOWN,3,MT GREYLOCK REGIONAL SCHOOL,3.0,58.0,False,False,,,0.0,10.5,False,True,False,False,0.0,0.0,False,False,False,0
MA1341011,2850.5557260095625,2.8505557260095626,73084.81595343747,73.08481595343747,3592.6563936005496,3.59265639360055,2928.459909155108,2.9284599091551082,2544.469572307919,2.544469572307919,0,0,0,1,7,1,8,3,False,False,TNC,1896 HOUSE PONDSIDE,WILLIAMSTOWN,1,,,,,,,,,,,False,,False,0.0,0.0,False,False,False,0
MA1341012,3098.5368915616164,3.0985368915616163,72859.65845527337,72.85965845527338,3741.5383360932656,3.7415383360932655,3102.0621398076382,3.1020621398076385,2712.0201336717487,2.7120201336717487,0,0,0,1,8,1,8,3,False,False,TNC,1896 HOUSE BROOKSIDE,WILLIAMSTOWN,1,,,,,,,,,,,False,,False,0.0,0.0,False,False,False,0
MA1341016,2701.496620735233,2.701496620735233,73227.79412446271,73.22779412446272,3512.7615013365353,3.512761501336535,2833.238509014038,2.8332385090140377,2454.745910402981,2.454745910402981,0,0,0,1,7,1,8,3,False,False,TNC,MEZZE INC,WILLIAMSTOWN,1,,,,,,,,,,,False,,False,0.0,0.0,False,False,False,0
MA1341023,3852.0034169125997,3.8520034169126,72523.17660176921,72.52317660176921,4193.102277550332,4.193102277550332,3830.697699528259,3.830697699528259,3437.030919629382,3.437030919629382,0,0,0,0,6,1,9,3,False,False,TNC,THE TACONIC RESTAURANT,WILLIAMSTOWN,1,,,,,,,,,,,False,,False,0.0,0.0,False,False,False,0
MA1341024,3139.109615398539,3.139109615398539,72855.52265157748,72.85552265157749,3787.8186917098774,3.7878186917098775,3148.346100974323,3.1483461009743228,2758.3534436865134,2.7583534436865134,0,0,0,1,8,1,8,3,False,False,TNC,1896 HOUSE RESTAURANT,WILLIAMSTOWN,1,,,,,,,,,,,False,,False,0.0,0.0,False,False,False,0
MA1341026,1949.7496150478003,1.9497496150478002,75557.18200394562,75.55718200394563,941.1049587767006,0.9411049587767006,2532.9865882836893,2.5329865882836895,2852.455116998264,2.8524551169982644,1,0,5,1,6,1,9,3,False,False,TNC,SAND SPRINGS SPRINGWATER CO INC (B),WILLIAMSTOWN,1,,,,,,,,,,,False,,False,0.0,0.0,False,False,False,0
MA1341028,1105.9366288395536,1.1059366288395536,73649.77372306313,73.64977372306313,965.5559189699889,0.9655559189699888,281.16704806930153,0.28116704806930154,496.77607489286225,0.49677607489286224,1,1,6,1,7,1,10,3,False,False,TNC,WILLIAMS COLLEGE CENTER FOR ENV STUDIES,WILLIAMSTOWN,1,,,,,,,,,,,False,,False,0.0,0.0,False,False,False,0
MA1345004,590.775930580697,0.590775930580697,48189.67659483821,48.18967659483821,5823.604718944983,5.823604718944983,8439.029053143857,8.439029053143857,9273.251428472839,9.273251428472838,0,0,0,0,0,0,5,4,False,False,TNC,WINDSOR BOARD OF HEALTH,WINDSOR,1,,,,,,,,,,,False,,False,0.0,0.0,False,False,False,0
MA1345005,4939.943963380568,4.939943963380568,47033.72912766048,47.03372912766048,4126.527931682494,4.126527931682494,12202.592629632692,12.202592629632692,13449.149995962398,13.449149995962397,0,0,0,0,1,0,5,0,False,False,TNC,DCR WINDSOR STATE FOREST,WINDSOR,1,,,,,,,,,,,False,,False,0.0,0.0,False,False,False,0
MA1345007,2117.703932825611,2.117703932825611,49687.65999823912,49.68765999823912,5115.525946065311,5.11552594606531,7655.570003573074,7.655570003573074,7368.694628576382,7.368694628576382,0,0,0,0,0,0,5,7,False,False,TNC,FRIENDLY FREDS,WINDSOR,1,,,,,,,,,,,False,,False,0.0,0.0,False,False,False,0
MA1345008,715.2009238568625,0.7152009238568625,48374.815728659094,48.374815728659094,5973.710126938318,5.973710126938318,8542.927142992728,8.542927142992728,9276.701128292914,9.276701128292915,0,0,0,0,0,0,6,4,False,False,TNC,SANGAR GENERAL STORE,WINDSOR,1,,,,,,,,,,,False,,False,0.0,0.0,False,False,False,0
MA1349000,3485.182963894833,3.485182963894833,34791.940090615135,34.791940090615135,2556.789818876623,2.556789818876623,13259.99264762979,13.25999264762979,17913.15519763232,17.91315519763232,0,0,1,0,1,0,6,0,True,False,GW,SPRING #2 (06G),WORTHINGTON,10,,,,,,,,,,,False,,False,0.0,0.0,False,False,False,0
MA1349001,2099.7126758295094,2.0997126758295095,29240.068600775365,29.240068600775366,6574.701859045584,6.574701859045583,15525.253052140219,15.525253052140219,15798.621289459968,15.798621289459968,0,0,0,0,0,0,5,0,False,False,TNC,LITTLE RIVER CAFE,WORTHINGTON,1,,,,,,,,,,,False,,False,0.0,0.0,False,False,False,0
MA1349002,4542.654142992224,4.542654142992223,35813.0376384038,35.813037638403806,2486.1010524097833,2.4861010524097833,12985.154163140995,12.985154163140994,17535.83070340203,17.53583070340203,0,0,1,0,1,0,5,0,False,False,TNC,LISTONS BAR  RESTAURANT,WORTHINGTON,1,,,,,,,,,,,False,,False,0.0,0.0,False,False,False,0
MA1349003,2326.624686702166,2.326624686702166,31019.826005806768,31.019826005806767,4115.004098964586,4.115004098964586,15354.394264500303,15.354394264500302,17705.009728830355,17.705009728830355,0,0,0,0,1,0,4,0,False,False,TNC,HIDDEN HILLS ESCAPE FAMILY CAMPGROUND,WORTHINGTON,1,,,,,,,,,,,False,,False,0.0,0.0,False,False,False,0
MA1349006,2232.405374775736,2.232405374775736,33563.08366382733,33.563083663827335,3291.9064432646755,3.2919064432646756,14209.185008262295,14.209185008262295,18985.400439299247,18.985400439299248,0,0,0,0,1,0,7,0,False,False,TNC,WORTHINGTON GOLF LINKS,WORTHINGTON,1,,,,,,,,,,,False,,False,0.0,0.0,False,False,False,0
MA1349007,3217.0464251153167,3.2170464251153166,34543.49799184701,34.54349799184701,2913.5208292483126,2.9135208292483123,13517.132263225923,13.517132263225923,18224.278658421004,18.224278658421003,0,0,1,0,1,0,7,0,False,False,TNC,BUFFINGTON HILL PARTNERSHIP,WORTHINGTON,1,,,,,,,,,,,False,,False,0.0,0.0,False,False,False,0
MA2002000,2308.8503961405518,2.308850396140552,10233.973439796682,10.233973439796682,1486.6972983302833,1.4866972983302833,1488.6163517560913,1.4886163517560913,244.20445745009408,0.2442044574500941,0,3,3,9,6,14,10,31,True,False,GW,KENNEDY GP WELL #3,ACTON,26,ACTON WATER SUPPLY DISTRICT,11.0,290.0,True,True,13.4,4.9,8.0,25.6,True,True,True,True,0.15085021270427532,8538.0,False,True,False,1
MA2002002,5355.270502672648,5.355270502672648,11590.808676520122,11.590808676520123,4630.496838000369,4.6304968380003695,5651.695200065089,5.651695200065089,2701.0044838879344,2.7010044838879343,0,0,0,2,1,8,8,24,False,False,TNC,PLANET GYMNASTICS/ALL SEASONS TENNIS,ACTON,1,,,,,,,,,,,False,,False,0.0,0.0,False,False,False,0
MA2002010,5205.537464743215,5.205537464743215,10696.01182616773,10.69601182616773,2123.646520694175,2.123646520694175,3166.35905989246,3.1663590598924602,162.49003699978206,0.16249003699978207,0,5,1,7,2,10,9,23,True,False,GW,ROCK WELL #1 (6 INCH),ACTON,1,,,,,,,,,,,False,,False,0.0,0.0,False,False,False,0
MA2002017,4938.025882777555,4.938025882777555,11484.669524878438,11.484669524878438,4907.633200242477,4.907633200242477,5101.5468464249625,5.101546846424963,3921.7413452769656,3.9217413452769656,0,0,0,0,1,6,6,26,False,False,TNC,ACTON INDOOR TENNIS / NASHOBA SPORTMANS,ACTON,1,,,,,,,,,,,False,,False,0.0,0.0,False,False,False,0
MA2002018,4343.505794477535,4.343505794477536,11703.194776729319,11.703194776729319,4384.778070534713,4.384778070534713,4834.746719967081,4.834746719967081,4343.102742229774,4.343102742229774,0,0,0,0,1,5,5,29,False,False,NTNC,SOMERVILLE LUMBER COMPANY,ACTON,1,,,,,,,,,,,False,,False,0.0,0.0,False,False,False,0
MA2011001,10985.977234271242,10.985977234271243,27423.34362654567,27.42334362654567,4459.094612523911,4.459094612523911,4457.105139869048,4.457105139869048,8088.233849335163,8.088233849335163,0,0,0,0,1,0,4,1,False,False,TNC,CAMP WELLVILLE INC,ASHBURNHAM,1,,,,,,,,,,,False,,False,0.0,0.0,False,False,False,0
MA2011002,10379.322022844653,10.379322022844654,26994.47052421306,26.99447052421306,3909.2113659934157,3.9092113659934156,3907.0853626464004,3.9070853626464004,7605.5711841380025,7.605571184138003,0,0,0,0,1,0,4,1,False,False,TNC,CAMP SPLIT ROCK,ASHBURNHAM,1,,,,,,,,,,,False,,False,0.0,0.0,False,False,False,0
MA2011004,11861.950159260121,11.861950159260122,29598.21882298327,29.598218822983267,2858.616786525241,2.858616786525241,4433.966733081324,4.4339667330813235,7350.229114103722,7.350229114103723,0,0,1,0,2,0,4,2,False,False,SW,UPPER NAUKEAG LAKE,ASHBURNHAM,1,ASH/WIN JOINT WATER AUTHORITY,5.0,116.0,False,False,,,0.0,10.5,False,True,False,False,0.0,0.0,False,False,False,0
MA2011005,11099.472276551021,11.09947227655102,26956.97119622161,26.95697119622161,5514.272306498472,5.514272306498472,5512.101998925268,5.512101998925268,9216.237730784935,9.216237730784934,0,0,0,0,0,0,5,1,False,False,TNC,CAMP WINNEKEAG,ASHBURNHAM,1,,,,,,,,,,,False,,False,0.0,0.0,False,False,False,0
MA2011008,7728.207630008639,7.728207630008639,30065.368453809144,30.065368453809143,3324.114427742553,3.3241144277425527,3326.4680492829875,3.3264680492829877,2515.420511759872,2.515420511759872,0,0,0,1,3,1,5,14,False,False,TNC,CAMP COLLIER,ASHBURNHAM,2,,,,,,,,,,,False,,False,0.0,0.0,False,False,False,0
MA2011009,12610.50267350219,12.61050267350219,27137.39066970019,27.137390669700192,7259.223514626555,7.259223514626555,8052.808150691543,8.052808150691543,11757.567587006004,11.757567587006005,0,0,0,0,0,0,4,0,False,False,TNC,"ASHBURNHAM COUNTRY STORE, INC.",ASHBURNHAM,1,,,,,,,,,,,False,,False,0.0,0.0,False,False,False,0
MA2012002,11136.985604508254,11.136985604508254,23075.515055371405,23.075515055371405,2899.3115860277085,2.8993115860277086,10444.346933617533,10.444346933617533,8473.554372637973,8.473554372637972,0,0,1,0,2,0,4,5,False,False,NTNC,ASHBY ELEMENTARY SCHOOL,ASHBY,1,,,,,,,,,,,False,,False,0.0,0.0,False,False,False,0
MA2012003,9675.736431415746,9.675736431415746,20335.392755294655,20.335392755294656,2810.548070781311,2.810548070781311,9153.391613492948,9.153391613492948,6389.120655490308,6.389120655490308,0,0,2,0,3,0,5,15,False,False,TNC,COUNTRY CREAMERY,ASHBY,1,,,,,,,,,,,False,,False,0.0,0.0,False,False,False,0
MA2012004,9813.255605781222,9.813255605781222,20145.35641847275,20.14535641847275,2655.4449869605673,2.655444986960567,9114.117909543971,9.114117909543971,6078.7500660752485,6.078750066075249,0,0,2,0,3,0,5,15,False,False,TNC,EVERGREEN FAMILY RESTAURANT,ASHBY,1,,,,,,,,,,,False,,False,0.0,0.0,False,False,False,0
MA2012005,8980.900364185822,8.980900364185821,22209.375337104724,22.209375337104724,4649.817763322272,4.649817763322273,8740.010461862557,8.740010461862557,8237.299395153357,8.237299395153357,0,0,0,0,2,0,5,12,False,False,TNC,CROSSROADS FOR KIDS/CAMP LAPHAM,ASHBY,1,,,,,,,,,,,False,,False,0.0,0.0,False,False,False,0
MA2012006,13384.404217623247,13.384404217623247,22202.067038491507,22.202067038491506,770.9917059346111,0.7709917059346111,12392.300690619215,12.392300690619216,6000.92995822753,6.0009299582275295,2,0,3,0,3,0,4,4,False,False,TNC,PINES CAMPGROUND,ASHBY,1,,,,,,,,,,,False,,False,0.0,0.0,False,False,False,0
MA2012007,13620.538521061993,13.620538521061993,22638.86455707323,22.63886455707323,973.6842446231423,0.9736842446231423,12757.354128480658,12.757354128480658,6414.291492302839,6.414291492302839,1,0,3,0,3,0,4,4,False,False,NTNC,THE CHILDRENS GARDEN NURSERY SCHOOL,ASHBY,1,,,,,,,,,,,False,,False,0.0,0.0,False,False,False,0
MA2012008,10014.896918990458,10.014896918990459,23995.094933359822,23.995094933359823,5416.220520947254,5.416220520947254,7944.1447968081675,7.9441447968081675,9840.585640316507,9.840585640316506,0,0,0,0,0,0,5,1,False,False,NTNC,SPRING HILL WELLNESS,ASHBY,2,,,,,,,,,,,False,,False,0.0,0.0,False,False,False,0
MA2012009,9406.224575465569,9.406224575465568,20072.374211686507,20.07237421168651,3065.058333773664,3.065058333773664,8839.5187711128,8.8395187711128,6352.063411996989,6.352063411996989,0,0,0,0,2,0,6,15,False,False,TNC,THE GARDENERS COTTAGE,ASHBY,1,,,,,,,,,,,False,,False,0.0,0.0,False,False,False,0
MA2012010,11445.047878575368,11.445047878575368,24041.472319210086,24.041472319210087,3777.2164588701835,3.7772164588701833,9861.092065658557,9.861092065658557,9520.31457716785,9.52031457716785,0,0,0,0,2,0,5,1,False,False,TNC,ASHBY DINER,ASHBY,1,,,,,,,,,,,False,,False,0.0,0.0,False,False,False,0
MA2012012,10953.538696929798,10.953538696929797,22674.752704532384,22.674752704532384,2672.6003398431603,2.6726003398431604,10608.016839625221,10.608016839625222,8098.841794996742,8.098841794996742,0,0,2,0,2,0,4,5,False,False,TNC,ASHBY LEGION/GRANGE/CHURCH,ASHBY,1,,,,,,,,,,,False,,False,0.0,0.0,False,False,False,0
MA2012013,10854.505656941608,10.854505656941608,22727.359270420093,22.72735927042009,2846.608845320545,2.846608845320545,10434.585006296233,10.434585006296233,8239.553219989697,8.239553219989697,0,0,1,0,2,0,4,5,False,False,TNC,ASHBY MARKET,ASHBY,1,,,,,,,,,,,False,,False,0.0,0.0,False,False,False,0
MA2012014,11113.021542043964,11.113021542043963,22851.335012051466,22.851335012051464,2672.551527700322,2.672551527700322,10634.175949350723,10.634175949350723,8204.392786278151,8.20439278627815,0,0,1,0,2,0,4,5,False,False,TNC,873 MAIN STREET,ASHBY,1,,,,,,,,,,,False,,False,0.0,0.0,False,False,False,0
MA2012015,9532.627904838107,9.532627904838108,21798.30961691775,21.798309616917752,3623.9472142562377,3.6239472142562374,9707.099033404778,9.707099033404779,8142.3561741604335,8.142356174160433,0,0,0,0,2,0,5,12,False,False,TNC,CAMP MIDDLESEX,ASHBY,3,,,,,,,,,,,False,,False,0.0,0.0,False,False,False,0
MA2012016,7876.261385203339,7.876261385203339,18490.605073571463,18.490605073571462,4742.406136819718,4.742406136819718,6940.412030877098,6.940412030877098,4859.392741153198,4.859392741153198,0,0,0,0,1,3,7,17,False,False,TNC,LOW LOW CONVENIENCE,ASHBY,1,,,,,,,,,,,False,,False,0.0,0.0,False,False,False,0
MA2017000,5031.962952215521,5.031962952215521,40383.214294248115,40.38321429424811,1280.468932027147,1.280468932027147,792.2946848801096,0.7922946848801096,199.58853716512115,0.19958853716512115,0,5,2,15,4,42,10,98,True,False,GW,GP WELL 1,AUBURN,13,"AUBURN WATER DISTRICT, MA",12.0,348.0,True,True,5.7,4.7,4.0,16.2,False,True,True,True,0.04505573622893207,2089.0,True,True,False,2
MA2017004,8996.704697036865,8.996704697036865,45420.979939822915,45.420979939822914,2156.4817956462875,2.1564817956462874,1330.4968065727273,1.3304968065727274,1460.1423480536328,1.4601423480536329,0,0,1,8,2,14,8,53,False,False,TNC,CENTURY SPORTSMANS CLUB,AUBURN,1,,,,,,,,,,,False,,False,0.0,0.0,False,False,False,0
MA2017012,6508.042158547309,6.508042158547308,42120.84747950083,42.12084747950083,1993.8936129520139,1.993893612952014,772.534346249318,0.7725343462493179,681.632851098638,0.6816328510986379,0,5,2,14,3,26,10,74,False,False,NTNC,"MONTESSORI CENTER, INC.",AUBURN,1,,,,,,,,,,,False,,False,0.0,0.0,False,False,False,0
MA2019000,2842.6962884505047,2.8426962884505045,2705.4558771046936,2.7054558771046935,571.7838619885837,0.5717838619885837,1742.497033811372,1.7424970338113719,521.595950716326,0.521595950716326,1,4,2,13,4,19,8,31,True,False,GW,GROVE POND WELL 2,AYER,7,AYER DPW  WATER DIVISION,5.0,116.0,True,False,,,3.0,10.5,False,True,True,True,0.42113501380732504,5196.0,True,True,False,2
MA2019001,1695.441555470658,1.695441555470658,1516.6058186729792,1.5166058186729792,556.2014703089387,0.5562014703089387,1530.868539085474,1.530868539085474,372.3921671386058,0.37239216713860585,1,2,2,13,4,19,11,37,True,False,GW,SHABOKIN REPLACEMENT WELL,AYER,5,DEVENS  MASSDEVELOPMENT,6.0,174.0,True,False,,,2.0,10.5,False,True,True,True,0.9794550665892686,6856.0,False,True,False,1
MA2021000,1464.1812572430197,1.4641812572430197,41156.989953327975,41.15698995332797,919.4435338470072,0.9194435338470072,345.05699152442685,0.34505699152442687,9623.510164525007,9.623510164525007,1,0,2,0,2,0,6,1,True,False,GW,GP WELL #1,BARRE,4,BARRE WATER DEPARTMENT,8.0,174.0,False,False,,,0.0,10.5,False,True,False,False,0.0,0.0,False,False,False,0
MA2021001,5612.082292971612,5.612082292971612,40817.70181878048,40.81770181878048,6710.658977159382,6.710658977159381,6612.723386968197,6.612723386968197,13366.340999805809,13.366340999805809,0,0,0,0,0,0,4,0,True,False,GW,WELL 2,BARRE,3,,,,,,,,,,,False,,False,0.0,0.0,False,False,False,0
MA2021005,5944.452602344689,5.944452602344689,36126.14635517993,36.126146355179934,4861.148752797676,4.861148752797676,6640.365039999783,6.640365039999783,5595.396926059715,5.595396926059715,0,0,0,0,1,0,8,2,False,False,NTNC,BARRE FALLS DAM / US ARMY ENV. LAB,BARRE,1,,,,,,,,,,,False,,False,0.0,0.0,False,False,False,0
MA2021007,2438.3871053428056,2.4383871053428057,42564.06613038488,42.56406613038488,4227.377153390286,4.227377153390286,3156.329388446927,3.156329388446927,10953.150375029636,10.953150375029637,0,0,0,0,1,0,4,0,False,False,TNC,CARTER  STEVENS FARM/STONE COW BREWERY,BARRE,1,,,,,,,,,,,False,,False,0.0,0.0,False,False,False,0
MA2025000,1784.6675547282239,1.7846675547282238,23229.65969531953,23.22965969531953,1145.224321488436,1.1452243214884361,260.10382642971655,0.2601038264297165,892.692019636166,0.8926920196361661,0,1,2,8,4,31,12,60,True,False,GW,GP WELL #4 (WRENTHAM RD),BELLINGHAM,16,BELLINGHAM DPW  WATER  SEWER DIV.,4.0,116.0,True,True,4.3,5.0,3.0,15.8,False,True,True,True,0.16921019040462304,7228.0,True,True,False,2
MA2028001,4504.022979459144,4.504022979459144,16213.034129312746,16.213034129312746,1398.4473790428117,1.3984473790428118,3377.8603756991192,3.377860375699119,1338.3720958443087,1.3383720958443086,0,0,1,2,2,9,9,43,False,False,NTNC,HERITAGE PROFESSIONAL BLDG.,BERLIN,1,,,,,,,,,,,False,,False,0.0,0.0,False,False,False,0
MA2028002,3173.0769159903452,3.1730769159903454,17114.206927682888,17.114206927682886,3068.040159657373,3.068040159657373,3274.313416231592,3.2743134162315917,1208.8973860843028,1.2088973860843029,0,0,0,1,4,5,9,32,False,False,TNC,WEST STREET TAVERN,BERLIN,1,,,,,,,,,,,False,,False,0.0,0.0,False,False,False,0
MA2028003,4408.442153797201,4.408442153797202,16205.176245586865,16.205176245586866,1510.1929611483197,1.5101929611483196,3513.68594828784,3.51368594828784,1475.6237593153387,1.4756237593153387,0,0,1,2,2,9,9,43,False,False,TNC,SHIRO RESTAURANT,BERLIN,1,,,,,,,,,,,False,,False,0.0,0.0,False,False,False,0
MA2028004,1650.7093598497431,1.650709359849743,17878.292327768173,17.878292327768172,1185.0507174152149,1.185050717415215,5409.006760987361,5.409006760987361,1445.7042833710195,1.4457042833710196,0,0,1,1,3,10,9,41,False,False,TNC,FIRST PARISH CHURCH OF BERLIN,BERLIN,2,,,,,,,,,,,False,,False,0.0,0.0,False,False,False,0
MA2028005,1448.8807272900508,1.4488807272900508,18067.67051492487,18.06767051492487,1076.7964585152936,1.0767964585152936,5338.875032717766,5.338875032717766,1443.3695154821312,1.443369515482131,0,0,1,1,3,10,9,40,False,False,TNC,BERLIN MUNICIPAL CENTER,BERLIN,1,,,,,,,,,,,False,,False,0.0,0.0,False,False,False,0
MA2028006,4553.522952970514,4.553522952970514,14983.05509264644,14.98305509264644,3988.3886226967566,3.9883886226967564,3160.8237385264924,3.1608237385264926,2149.6812046766763,2.1496812046766762,0,0,0,1,4,5,9,29,False,False,TNC,BERLIN COUNTRY CLUB,BERLIN,1,,,,,,,,,,,False,,False,0.0,0.0,False,False,False,0
MA2028007,726.7590609429909,0.7267590609429909,18864.838450480776,18.864838450480775,207.62303506928734,0.20762303506928734,5029.9196871226795,5.029919687122679,2326.3922576974696,2.32639225769747,1,0,1,7,3,11,9,45,True,False,GW,WELL 6,BERLIN,2,,,,,,,,,,,False,,False,0.0,0.0,False,False,False,0
MA2028009,1333.5742438936868,1.3335742438936868,18215.303721076074,18.215303721076076,873.6716088627876,0.8736716088627876,5466.018576133471,5.466018576133471,1738.894592670844,1.7388945926708441,1,0,1,1,3,10,9,41,False,False,NTNC,BERLIN MEMORIAL SCHOOL,BERLIN,1,,,,,,,,,,,False,,False,0.0,0.0,False,False,False,0
MA2028010,2088.0125349359223,2.088012534935922,17435.028023673283,17.435028023673283,1659.0984178458968,1.659098417845897,5076.536995860296,5.076536995860296,1099.3627145449002,1.0993627145449003,0,0,1,1,3,10,8,38,False,False,TNC,SPAULDING PROPERTY (RESTAURANT),BERLIN,1,,,,,,,,,,,False,,False,0.0,0.0,False,False,False,0
MA2028011,1573.5078256165057,1.5735078256165056,17964.552902702722,17.96455290270272,1125.2128155959808,1.1252128155959809,5479.619540294868,5.479619540294868,1522.74268133375,1.52274268133375,0,0,1,1,3,10,9,40,False,False,TNC,BERLIN GENERAL STORE,BERLIN,1,,,,,,,,,,,False,,False,0.0,0.0,False,False,False,0
MA2028012,2703.259334009268,2.703259334009268,19731.094408755303,19.731094408755304,2432.0160419547774,2.4320160419547774,2746.462885867317,2.746462885867317,501.16051106874505,0.501160511068745,0,3,1,10,3,23,9,57,True,False,GW,WELL #1,BERLIN,2,,,,,,,,,,,False,,False,0.0,0.0,False,False,False,0
MA2028013,3087.7161228910754,3.0877161228910754,17044.029488195407,17.044029488195406,2265.3716840135066,2.2653716840135067,4487.161961001826,4.487161961001826,2476.101905003698,2.476101905003698,0,0,2,2,2,14,8,41,False,False,TNC,BERLIN FARMS,BERLIN,1,,,,,,,,,,,False,,False,0.0,0.0,False,False,False,0
MA2028015,1732.6572034673607,1.7326572034673606,20773.363804538552,20.77336380453855,1887.2305137318388,1.8872305137318388,3474.8162298634,3.4748162298634,431.7367143603271,0.43173671436032707,0,3,1,8,3,20,13,57,True,False,GW,WELL 2,BERLIN,2,,,,,,,,,,,False,,False,0.0,0.0,False,False,False,0
MA2028016,1833.7350286098847,1.8337350286098848,19812.102436685433,19.812102436685432,1637.7350664031087,1.6377350664031087,3323.640531884584,3.323640531884584,909.116535459224,0.909116535459224,0,1,1,8,2,19,9,56,False,False,NTNC,RIVERBRIDGE NORTH COMPLEX,BERLIN,2,,,,,,,,,,,False,,False,0.0,0.0,False,False,False,0
MA2028017,1589.5377687902933,1.5895377687902932,18495.45264488388,18.49545264488388,1080.2920956457242,1.0802920956457243,4556.734863075595,4.5567348630755955,2197.5257408203142,2.197525740820314,0,0,1,6,2,16,9,42,True,False,GW,WELL 1,BERLIN,2,,,,,,,,,,,False,,False,0.0,0.0,False,False,False,0
MA2028018,738.7913097847389,0.738791309784739,18870.69216089892,18.870692160898923,211.82094637287926,0.21182094637287927,5000.4801813000495,5.000480181300049,2343.538301981564,2.343538301981564,1,0,1,7,3,11,9,45,True,False,GW,WELL 2,BERLIN,2,,,,,,,,,,,False,,False,0.0,0.0,False,False,False,0
MA2028019,1814.6684367702808,1.8146684367702808,17727.774687942096,17.727774687942095,1361.0377132244325,1.3610377132244325,5360.129067892081,5.360129067892081,1383.5976006112166,1.3835976006112167,0,0,1,1,3,10,9,40,False,False,TNC,BERLIN PUBLIC LIBRARY,BERLIN,1,,,,,,,,,,,False,,False,0.0,0.0,False,False,False,0
MA2028020,2096.3460763617854,2.0963460763617854,20947.01931224355,20.947019312243548,2204.2320984144076,2.2042320984144075,3112.4749109214613,3.112474910921461,396.7262859223198,0.3967262859223198,0,5,1,8,2,21,14,61,True,False,GW,WELL 3,BERLIN,4,,,,,,,,,,,False,,False,0.0,0.0,False,False,False,0
MA2028021,2895.8301102658274,2.8958301102658273,17108.659154137553,17.108659154137552,2365.3987214837034,2.3653987214837033,4719.189059876887,4.719189059876887,2262.3175417120424,2.2623175417120422,0,0,2,2,2,13,8,41,False,False,TNC,BERLIN ORCHARDS,BERLIN,1,,,,,,,,,,,False,,False,0.0,0.0,False,False,False,0
MA2028022,2240.122805656338,2.240122805656338,17262.064249218445,17.262064249218444,1824.753256599922,1.824753256599922,4903.064485329513,4.903064485329513,933.6238978114017,0.9336238978114016,0,1,1,1,3,10,8,37,True,False,GW,WELL 2,BERLIN,2,,,,,,,,,,,False,,False,0.0,0.0,False,False,False,0
MA2032000,7364.23558739447,7.36423558739447,33484.06267887829,33.48406267887829,780.284161112984,0.7802841611129839,1625.3229211066644,1.6253229211066644,415.82824942061427,0.41582824942061425,1,1,2,2,4,3,9,22,True,False,GW,WELL 6  AND 6A SATELLITE (ELM ST),BLACKSTONE,7,BLACKSTONE WATER DEPARTMENT,2.0,58.0,True,True,5.7,,1.0,14.2,False,True,True,True,0.06424781096333872,1166.0,True,False,False,1
MA2034001,1851.78977248441,1.85178977248441,11617.50798158211,11.61750798158211,3081.3076747443165,3.0813076747443167,4584.939952150322,4.584939952150322,4452.49212186751,4.45249212186751,0,0,0,0,2,2,9,14,False,False,NTNC,PARAGON COMMUNICATIONS,BOLTON,3,,,,,,,,,,,False,,False,0.0,0.0,False,False,False,0
MA2034002,2068.841086799392,2.068841086799392,11999.400268713976,11.999400268713977,3844.669728452394,3.844669728452394,3663.85651709042,3.66385651709042,5423.341067471108,5.423341067471108,0,0,0,0,2,0,9,17,False,False,TNC,BOLTON SPRING FARM,BOLTON,1,,,,,,,,,,,False,,False,0.0,0.0,False,False,False,0
MA2034003,4974.031828894197,4.974031828894197,10184.170363678919,10.184170363678918,641.7760086868418,0.6417760086868418,794.7363961004321,0.7947363961004321,4540.095701829117,4.5400957018291175,1,0,2,0,2,2,12,25,False,False,TNC,BOLTON ORCHARDS,BOLTON,1,,,,,,,,,,,False,,False,0.0,0.0,False,False,False,0
MA2034004,3593.1438629697946,3.5931438629697947,11621.718839727424,11.621718839727423,855.3728275487715,0.8553728275487715,1507.0971814551501,1.5070971814551501,3042.661268861685,3.042661268861685,1,0,2,0,2,5,11,24,False,False,NTNC,THE INTERNATIONAL,BOLTON,3,,,,,,,,,,,False,,False,0.0,0.0,False,False,False,0
MA2034005,3472.899492050933,3.4728994920509333,14217.412657069544,14.217412657069545,2086.4411425041008,2.0864411425041007,2310.318531712612,2.3103185317126123,2814.493983553856,2.8144939835538563,0,0,1,4,2,5,9,25,False,False,TNC,OAK AND ORCHARD TAP AND TABLE,BOLTON,1,,,,,,,,,,,False,,False,0.0,0.0,False,False,False,0
MA2034006,4448.49643078035,4.4484964307803505,12312.309195100608,12.312309195100609,4110.777235977991,4.110777235977991,831.9249172270654,0.8319249172270654,4182.977040617174,4.182977040617174,0,0,0,0,2,1,8,24,False,False,NTNC,BOLTON CORNERS,BOLTON,1,,,,,,,,,,,False,,False,0.0,0.0,False,False,False,0
MA2034007,5285.520311536049,5.285520311536049,10480.253246850833,10.480253246850832,520.2193395611586,0.5202193395611585,272.2061900747022,0.2722061900747022,4786.45269937817,4.78645269937817,1,0,2,0,2,2,11,23,False,False,TNC,CLASSIC PIZZA III,BOLTON,1,,,,,,,,,,,False,,False,0.0,0.0,False,False,False,0
MA2034010,5522.302928567515,5.522302928567515,10350.934667140378,10.350934667140379,757.2467799921317,0.7572467799921316,143.44707272910804,0.14344707272910803,5021.471694394527,5.021471694394527,1,0,1,0,2,0,11,22,False,False,NTNC,NASHOBA REGIONAL HIGH SCHOOL,BOLTON,1,,,,,,,,,,,False,,False,0.0,0.0,False,False,False,0
MA2034011,3767.3426671261172,3.767342667126117,13271.498023950158,13.271498023950159,3710.6695870854114,3.7106695870854116,1496.4373056216218,1.4964373056216218,2991.287011635611,2.9912870116356114,0,0,0,1,2,5,9,26,False,False,TNC,CAMP RESOLUTE/E.PAUL ROBSHAM SCOUT RES,BOLTON,3,,,,,,,,,,,False,,False,0.0,0.0,False,False,False,0
MA2034012,4954.855333603432,4.954855333603432,12337.114900831373,12.337114900831374,3690.5849424892444,3.6905849424892443,340.8337195500894,0.34083371955008945,4218.861642138132,4.218861642138132,0,0,0,0,2,1,9,23,False,False,NTNC,626 MAIN STREET,BOLTON,2,,,,,,,,,,,False,,False,0.0,0.0,False,False,False,0
MA2034014,3287.2925368187075,3.2872925368187076,13163.410394694301,13.163410394694301,4062.597978712963,4.062597978712963,2012.3372256670416,2.0123372256670415,3481.9566312344928,3.481956631234493,0,0,0,0,2,4,9,26,False,False,TNC,CAMP VIRGINIA,BOLTON,1,,,,,,,,,,,False,,False,0.0,0.0,False,False,False,0
MA2034016,4155.00120868376,4.1550012086837596,12137.674804468845,12.137674804468844,4309.92053442126,4.309920534421259,1198.2481027444812,1.1982481027444811,4354.8632767642275,4.3548632767642275,0,0,0,0,1,1,9,22,False,False,TNC,COLONIAL CANDIES,BOLTON,1,,,,,,,,,,,False,,False,0.0,0.0,False,False,False,0
MA2034017,5772.010648611249,5.772010648611249,11862.552811809392,11.862552811809392,2779.0371514683115,2.7790371514683114,862.2167426795642,0.8622167426795642,4928.115728768615,4.928115728768614,0,0,1,0,2,1,11,22,False,False,TNC,MURPHYS INSURANCE/ 737 MAIN ST,BOLTON,1,,,,,,,,,,,False,,False,0.0,0.0,False,False,False,0
MA2034018,1659.334866699463,1.659334866699463,12119.342270456053,12.119342270456052,3724.3236701087153,3.7243236701087152,4255.107876446019,4.255107876446019,5178.666076340934,5.178666076340933,0,0,0,0,2,0,8,15,False,False,NTNC,ATLANTIC MICROWAVE CORPORATION,BOLTON,1,,,,,,,,,,,False,,False,0.0,0.0,False,False,False,0
MA2034019,4931.524060156059,4.931524060156059,12601.302642584524,12.601302642584523,3785.2659771225126,3.7852659771225126,216.31108682223535,0.21631108682223535,3925.4916999865445,3.9254916999865443,0,0,0,0,2,2,10,25,False,False,NTNC,BOLTON OFFICE PARK,BOLTON,2,,,,,,,,,,,False,,False,0.0,0.0,False,False,False,0
MA2034020,3902.8583935854163,3.9028583935854164,12678.643754371235,12.678643754371235,4530.671152709734,4.5306711527097345,1321.0317840304324,1.3210317840304324,3827.7521954435692,3.827752195443569,0,0,0,0,3,2,9,25,False,False,TNC,"BOLTON COUNTRY CUPBOARD, INC.",BOLTON,1,,,,,,,,,,,False,,False,0.0,0.0,False,False,False,0
MA2034021,5645.846552307695,5.645846552307694,12117.199445510641,12.117199445510641,3003.414405555386,3.003414405555386,598.7402735545737,0.5987402735545737,4651.817959411152,4.651817959411152,0,0,0,0,2,1,11,23,False,False,NTNC,TRINITY CHURCH ANNEX,BOLTON,1,,,,,,,,,,,False,,False,0.0,0.0,False,False,False,0
MA2034022,5243.306878747765,5.243306878747765,9749.771576352363,9.749771576352362,1081.321019773737,1.0813210197737368,1002.0097116384112,1.0020097116384112,4844.575322215599,4.844575322215599,0,0,2,0,2,1,12,30,False,False,NTNC,BROOMFIELD LABORATORIES,BOLTON,1,,,,,,,,,,,False,,False,0.0,0.0,False,False,False,0
MA2034023,6160.826323246302,6.160826323246303,12366.59494813672,12.36659494813672,2739.678201593359,2.739678201593359,957.8582361942562,0.9578582361942561,4677.035880312954,4.677035880312954,0,0,1,0,2,2,11,23,False,False,TNC,NASHOBA VALLEY WINERY,BOLTON,1,,,,,,,,,,,False,,False,0.0,0.0,False,False,False,0
MA2034024,5677.030384186285,5.677030384186285,12437.53071692184,12.43753071692184,3158.3955190287797,3.1583955190287796,468.4617493414509,0.4684617493414509,4377.263838083788,4.377263838083788,0,0,0,0,3,1,10,23,False,False,NTNC,FLORENCE SAWYER SCHOOL,BOLTON,1,,,,,,,,,,,False,,False,0.0,0.0,False,False,False,0
MA2034025,5278.1131012357,5.2781131012357,10398.690873983021,10.398690873983021,514.9039786135579,0.5149039786135579,248.00138402555655,0.24800138402555655,4788.290026058812,4.788290026058812,1,0,2,0,2,2,11,24,False,False,NTNC,NASHOBA PARK,BOLTON,1,,,,,,,,,,,False,,False,0.0,0.0,False,False,False,0
MA2034026,2902.0950397643624,2.9020950397643626,12541.432589301925,12.541432589301925,4263.53566846666,4.263535668466661,2348.280038885451,2.3482800388854512,4242.081541335217,4.242081541335216,0,0,0,0,3,3,9,20,False,False,TNC,"GREAT BROOK FARM, INC.",BOLTON,1,,,,,,,,,,,False,,False,0.0,0.0,False,False,False,0
MA2034027,5034.49608885439,5.03449608885439,12370.547773719978,12.370547773719979,3573.772082142965,3.573772082142965,218.60193116874504,0.21860193116874505,4169.762680639302,4.169762680639302,0,0,0,0,3,1,10,23,True,False,GW,WELL #1,BOLTON,2,,,,,,,,,,,False,,False,0.0,0.0,False,False,False,0
MA2034028,4637.281393227409,4.6372813932274095,13243.324344643555,13.243324344643556,2474.684895260386,2.4746848952603857,2642.875656911656,2.642875656911656,3560.57972069695,3.5605797206969503,0,0,2,0,2,5,11,22,True,False,GW,WELL #3,BOLTON,3,,,,,,,,,,,False,,False,0.0,0.0,False,False,False,0
MA2034029,5803.291461392615,5.803291461392615,12016.038589856913,12.016038589856914,2821.137034715153,2.8211370347151528,777.8858151397519,0.7778858151397519,4806.558218127393,4.806558218127393,0,0,1,0,2,1,11,23,False,False,TNC,BOLTON LIBRARY AND SAFETY FACILITY,BOLTON,1,,,,,,,,,,,False,,False,0.0,0.0,False,False,False,0
MA2034030,6201.04429175023,6.20104429175023,10831.953890595989,10.831953890595988,1705.895468817923,1.705895468817923,1273.9475322355256,1.2739475322355256,5635.595939130346,5.635595939130346,0,0,1,0,2,0,9,18,True,False,GW,WELL 1,BOLTON,3,,,,,,,,,,,False,,False,0.0,0.0,False,False,False,0
MA2034031,4661.790341249365,4.6617903412493655,14762.588549959388,14.762588549959387,2402.488583824539,2.402488583824539,2410.5576248236266,2.4105576248236265,1727.1764791128103,1.7271764791128104,0,0,1,2,2,6,8,40,True,False,GW,WELL #1,BOLTON,3,,,,,,,,,,,False,,False,0.0,0.0,False,False,False,0
MA2034032,5314.003160740971,5.314003160740971,11955.442954748165,11.955442954748165,3217.589122428755,3.2175891224287554,603.122011943958,0.603122011943958,4683.166569896835,4.683166569896835,0,0,0,0,2,1,10,22,False,False,TNC,FIRST PARISH OF BOLTON,BOLTON,1,,,,,,,,,,,False,,False,0.0,0.0,False,False,False,0
MA2037001,397.97158847311107,0.3979715884731111,8407.124400517072,8.407124400517072,861.4407638845994,0.8614407638845993,3115.1012511963663,3.1151012511963665,1229.8238916146781,1.2298238916146782,1,0,1,2,2,3,8,26,True,False,GW,ROCK WELL #1,BOXBOROUGH,1,,,,,,,,,,,False,,True,1.0,1589.0,False,True,False,1
MA2037002,237.8051269732981,0.2378051269732981,7623.404471814033,7.623404471814033,2038.8532306016787,2.0388532306016787,2908.0596957524604,2.9080596957524603,178.09495780649172,0.17809495780649173,0,1,1,2,2,3,9,31,True,False,GW,DUNSTER HOUSE WELL,BOXBOROUGH,5,,,,,,,,,,,False,,True,0.9995708573614643,1000.0,False,True,False,1
MA2037006,2386.39669148491,2.38639669148491,10591.28103524279,10.59128103524279,3747.305519750297,3.7473055197502974,5938.141982525321,5.9381419825253206,1371.2104467980434,1.3712104467980435,0,0,0,2,2,5,8,31,True,False,GW,BEDROCK WELL # 1,BOXBOROUGH,1,,,,,,,,,,,False,,True,1.0,2917.0,False,True,False,1
MA2037007,127.79970381983068,0.1277997038198307,7967.0314239682,7.9670314239682005,2383.3224740554588,2.3833224740554586,3314.2139716419797,3.31421397164198,293.13531260786345,0.29313531260786346,0,1,1,2,2,3,9,31,True,False,GW,ROCK WELL 3 SPENCER,BOXBOROUGH,3,,,,,,,,,,,False,,True,0.9999999999999996,1000.0,False,True,False,1
MA2037008,124.72467022447807,0.12472467022447807,8736.00397437016,8.73600397437016,1219.9679641402327,1.2199679641402326,3552.490166266221,3.552490166266221,948.4981186736676,0.9484981186736676,0,1,1,2,2,3,9,31,False,False,NTNC,BOXBOROUGH REGENCY,BOXBOROUGH,5,,,,,,,,,,,False,,False,0.0,0.0,False,False,False,0
MA2037009,2477.5338127623427,2.4775338127623425,10325.050682735984,10.325050682735984,3538.652614990407,3.538652614990407,5669.106508120645,5.669106508120645,1112.8145219720084,1.1128145219720085,0,0,0,2,2,3,9,32,True,False,GW,ROCK WELL  1,BOXBOROUGH,1,,,,,,,,,,,False,,True,1.0,1589.0,False,True,False,1
MA2037010,2516.7058847221124,2.5167058847221124,10937.353639684014,10.937353639684014,4200.59055166552,4.20059055166552,5793.085781395486,5.793085781395487,2210.1983138002292,2.2101983138002295,0,0,0,1,2,5,9,30,False,False,NTNC,BOXBOROUGH MUNICIPAL BUILDINGS,BOXBOROUGH,1,,,,,,,,,,,False,,False,0.0,0.0,False,False,False,0
MA2037012,2632.681130374723,2.6326811303747233,12236.120436836989,12.23612043683699,2908.0441399675233,2.908044139967523,4528.144328160623,4.528144328160623,2989.389192827765,2.989389192827765,0,0,1,1,1,6,10,22,False,False,TNC,NASHOBA VALLEY OLYMPIA INC.,BOXBOROUGH,1,,,,,,,,,,,False,,False,0.0,0.0,False,False,False,0
MA2037013,2299.6659982874385,2.2996659982874386,12002.856576472182,12.002856576472183,3262.7254308846495,3.2627254308846494,4727.600596343441,4.727600596343441,3044.871675356044,3.0448716753560436,0,0,0,0,1,6,9,24,True,False,GW,ROCK WELL # 2,BOXBOROUGH,1,,,,,,,,,,,False,,True,0.9999999999999998,2917.0,False,True,False,1
MA2037014,2506.1578685851177,2.5061578685851176,11735.082803935544,11.735082803935544,3403.1936573580397,3.4031936573580395,5011.5960616436405,5.01159606164364,2766.647833110225,2.7666478331102247,0,0,0,1,1,6,9,26,True,False,GW,WELL # 2,BOXBOROUGH,1,,,,,,,,,,,False,,True,1.0,2917.0,False,True,False,1
MA2037017,756.7187088758876,0.7567187088758877,8714.286861003167,8.714286861003167,1896.057344583303,1.8960573445833029,3765.869756852652,3.7658697568526516,698.8848582593613,0.6988848582593613,0,2,1,2,1,3,9,32,False,False,NTNC,1414 MASS AVE BOXBOROUGH,BOXBOROUGH,3,,,,,,,,,,,False,,False,0.0,0.0,False,False,False,0
MA2037018,224.13817863418078,0.22413817863418078,8026.526644110596,8.026526644110596,2177.590262566439,2.1775902625664387,3270.1777283692936,3.2701777283692937,91.50822661014317,0.09150822661014317,0,1,1,2,2,3,9,31,False,False,NTNC,159 SWANSON RD    SETRA SYSTEMS INC,BOXBOROUGH,2,,,,,,,,,,,False,,False,0.0,0.0,False,False,False,0
MA2037019,837.0305704339569,0.8370305704339569,7847.532759226378,7.847532759226379,1597.5835766260577,1.5975835766260578,2781.996942757496,2.781996942757496,616.5789880056948,0.6165789880056948,0,1,1,2,2,3,8,28,False,False,NTNC,BOXBOROUGH EXECUTIVE OFFICE CENTER,BOXBOROUGH,1,,,,,,,,,,,False,,False,0.0,0.0,False,False,False,0
MA2037020,996.8700884070561,0.996870088407056,9056.196262279846,9.056196262279846,2099.9408800536594,2.0999408800536594,4139.745471787784,4.1397454717877835,466.612505566494,0.46661250556649403,0,1,1,2,1,3,9,37,False,False,NTNC,1300 MASS AVE,BOXBOROUGH,2,,,,,,,,,,,False,,False,0.0,0.0,False,False,False,0
MA2037021,483.0808566696633,0.4830808566696633,8213.291109739539,8.213291109739538,1418.479497492742,1.418479497492742,3099.3876763013536,3.0993876763013537,671.9794302823883,0.6719794302823883,0,1,1,2,2,3,9,28,False,False,NTNC,60 AND 70 CODMAN HILL RD,BOXBOROUGH,1,,,,,,,,,,,False,,False,0.0,0.0,False,False,False,0
MA2037022,488.1523385914855,0.4881523385914855,8069.655196213102,8.069655196213102,1908.357949366168,1.908357949366168,3166.334632861556,3.166334632861556,181.83931057271812,0.18183931057271813,0,1,1,2,2,3,9,31,False,False,NTNC,85 SWANSON RD LLC,BOXBOROUGH,1,,,,,,,,,,,False,,False,0.0,0.0,False,False,False,0
MA2037023,606.0565815787659,0.6060565815787659,8511.971247563313,8.511971247563313,575.0827784327071,0.575082778432707,3153.9037861220436,3.1539037861220436,1516.4937026344176,1.5164937026344176,1,0,1,2,2,2,7,27,False,False,NTNC,330 CODMAN HILL ROAD,BOXBOROUGH,1,,,,,,,,,,,False,,False,0.0,0.0,False,False,False,0
MA2037024,124.46279921877557,0.12446279921877557,7841.758302309409,7.841758302309409,2110.8300076492974,2.110830007649297,3071.2996463794793,3.0712996463794795,158.450566182472,0.158450566182472,0,1,1,2,2,3,9,31,False,False,NTNC,155 SWANSON RD   SYNQOR,BOXBOROUGH,2,,,,,,,,,,,False,,False,0.0,0.0,False,False,False,0
MA2037025,2272.407359664879,2.272407359664879,7135.0545247233085,7.135054524723309,4625.6525759246715,4.625652575924671,4138.921370535869,4.1389213705358685,1418.635287341393,1.418635287341393,0,0,0,2,3,4,8,34,False,False,NTNC,COSGROVE REALTY,BOXBOROUGH,2,,,,,,,,,,,False,,False,0.0,0.0,False,False,False,0
MA2037026,1231.9784536659713,1.2319784536659713,9078.636336496536,9.078636336496537,2398.1131140866564,2.3981131140866565,4270.866048358075,4.270866048358076,332.2095748381601,0.3322095748381601,0,1,1,2,1,3,9,38,False,False,TNC,BOXBORO GREEN PLAZA,BOXBOROUGH,1,,,,,,,,,,,False,,False,0.0,0.0,False,False,False,0
MA2037027,2390.5210388079463,2.3905210388079463,10492.894569623411,10.492894569623411,3645.0465332018125,3.6450465332018127,5827.646662300181,5.827646662300181,1259.9028521858095,1.2599028521858096,0,0,0,2,2,5,8,32,False,False,NTNC,61 STOW RD. BLDG./THE MARKETPLACE,BOXBOROUGH,1,,,,,,,,,,,False,,False,0.0,0.0,False,False,False,0
MA2037028,2543.1409273091376,2.5431409273091377,10428.966500207087,10.428966500207087,3716.5075752631747,3.716507575263175,5818.9611929239345,5.818961192923934,1279.7331114453011,1.2797331114453012,0,0,0,2,2,5,8,32,False,False,NTNC,UNITED CHURCH OF CHRIST/DAYCARE,BOXBOROUGH,1,,,,,,,,,,,False,,False,0.0,0.0,False,False,False,0
MA2037030,602.0413359178123,0.6020413359178123,8662.43127285708,8.66243127285708,1744.2062544664668,1.7442062544664667,3655.686512525525,3.655686512525525,698.5203101122,0.6985203101122001,0,2,1,2,2,3,9,31,False,False,TNC,MASS. AVE. GULF,BOXBOROUGH,1,,,,,,,,,,,False,,False,0.0,0.0,False,False,False,0
MA2037031,2496.7850884734735,2.4967850884734735,10703.865082931712,10.703865082931712,3955.854237430409,3.9558542374304086,6106.776216574721,6.106776216574721,1557.612000894891,1.557612000894891,0,0,0,2,2,5,9,31,False,False,TNC,BOXBOROUGH COMMONS (629 MASS AVE),BOXBOROUGH,1,,,,,,,,,,,False,,False,0.0,0.0,False,False,False,0
MA2037033,1432.5382956464853,1.4325382956464852,9380.16077902662,9.380160779026621,2507.010660471667,2.507010660471667,4550.818388794606,4.550818388794606,32.41310496132704,0.032413104961327044,0,1,1,2,1,3,9,37,False,False,NTNC,NATIONAL TECHNICAL SYSTEMS,BOXBOROUGH,1,,,,,,,,,,,False,,False,0.0,0.0,False,False,False,0
MA2037034,1439.071567307124,1.439071567307124,7688.340269181206,7.688340269181206,3821.377811942409,3.8213778119424093,3960.057632752349,3.960057632752349,1735.3131626684221,1.7353131626684222,0,0,0,3,2,4,7,35,False,False,NTNC,CAMPANELLI DEVELOPMENT,BOXBOROUGH,1,,,,,,,,,,,False,,False,0.0,0.0,False,False,False,0
MA2037035,624.3694423558551,0.6243694423558551,8106.347972975645,8.106347972975644,1543.7315346513803,1.5437315346513802,3039.102495931901,3.039102495931901,550.8162041780096,0.5508162041780096,0,1,1,2,2,3,9,29,False,False,NTNC,BRIGHT HORIZONS DAYCARE,BOXBOROUGH,1,,,,,,,,,,,False,,False,0.0,0.0,False,False,False,0
MA2037036,774.4763250338649,0.7744763250338649,8613.635169304915,8.613635169304915,2421.707387995028,2.421707387995028,3910.8786720639882,3.9108786720639883,695.8684993712238,0.6958684993712239,0,2,1,2,1,3,9,33,True,False,GW,WELL 1,BOXBOROUGH,2,,,,,,,,,,,False,,True,0.9999999999999996,1589.0,False,True,False,1
MA2037037,987.4440083337045,0.9874440083337045,8827.40280929742,8.827402809297421,2235.9144429617313,2.2359144429617315,3997.7828455990393,3.997782845599039,596.8741047045047,0.5968741047045047,0,2,1,2,1,3,9,35,False,False,NTNC,THE TAYLOR SCHOOL,BOXBOROUGH,1,,,,,,,,,,,False,,False,0.0,0.0,False,False,False,0
MA2037038,2207.7989807226973,2.207798980722697,10287.826553782217,10.287826553782217,3238.7674177471386,3.2387674177471384,5510.434548462336,5.510434548462336,928.0263490041027,0.9280263490041027,0,1,0,2,2,3,9,32,True,False,GW,WELL 1,BOXBOROUGH,2,,,,,,,,,,,False,,True,0.9999999999999997,1589.0,False,True,False,1
MA2039000,6241.345478042675,6.241345478042675,22593.537966111875,22.593537966111874,2153.203565847232,2.1532035658472317,3698.863262217156,3.698863262217156,2063.024064948832,2.063024064948832,0,0,1,3,2,9,9,79,True,False,GW,"GP WELL 5, SE CORNER RTS 70  140",BOYLSTON,5,BOYLSTON WATER DISTRICT,3.0,87.0,True,True,6.0,,2.0,14.5,False,True,True,True,3.3832090769281494e-06,4334.0,False,True,False,1
MA2039008,6810.783189408184,6.810783189408184,25310.979470007598,25.3109794700076,2792.3002416269915,2.7923002416269913,4644.703700417708,4.6447037004177085,2543.161582252676,2.543161582252676,0,0,1,2,1,7,9,73,False,False,TNC,ME REALTY LLC (OTHER PLACE PUB),BOYLSTON,1,,,,,,,,,,,False,,False,0.0,0.0,False,False,False,0
MA2045000,7233.10364127276,7.23310364127276,39205.36116461449,39.205361164614494,1770.5898352963761,1.770589835296376,6785.985266897177,6.785985266897177,2733.542234508755,2.733542234508755,0,0,2,1,5,3,7,12,True,False,GW,"08"" GDW  02G  QUABOAG ST.",BROOKFIELD,4,,,,,,,,,,,False,,True,0.2692893705517869,2252.0,True,False,False,1
MA2045001,3941.770004939632,3.9417700049396323,35986.84765707437,35.98684765707437,1365.7156301008422,1.3657156301008422,7589.912410813783,7.589912410813783,2888.4117312108347,2.8884117312108346,0,0,1,2,2,2,7,15,True,False,GW,ROCK WELL 3,BROOKFIELD,3,,,,,,,,,,,False,,True,1.0,865.0,True,False,False,1
MA2045004,4319.199219864327,4.319199219864327,36605.17543686276,36.60517543686276,2075.433161864887,2.075433161864887,7770.118319741861,7.7701183197418615,4047.442746693154,4.047442746693154,0,0,1,0,2,2,7,16,True,False,GW,ROCK WELL  1,BROOKFIELD,6,,,,,,,,,,,False,,True,1.0,865.0,True,False,False,1
MA2045005,434.452193008123,0.434452193008123,32717.23370690798,32.71723370690798,5058.909235447376,5.058909235447376,6230.337286353137,6.230337286353136,3602.2760522119816,3.6022760522119817,0,0,0,0,0,2,6,9,True,False,GW,ROCK WELL  1,BROOKFIELD,1,,,,,,,,,,,False,,False,0.0,0.0,False,False,False,0
MA2054005,7497.205470862514,7.4972054708625135,49542.87108398796,49.542871083987954,1451.4119743819256,1.4514119743819256,3568.1688797109596,3.5681688797109596,2205.0251584133957,2.2050251584133957,0,0,1,3,1,4,7,32,True,False,GW,ROCK WELL  1,CHARLTON,1,,,,,,,,,,,False,,False,0.0,0.0,False,False,False,0
MA2054007,5068.834499418519,5.068834499418519,45126.67868547608,45.12667868547608,2779.0678104567382,2.779067810456738,996.7357060930057,0.9967357060930057,943.9629646931937,0.9439629646931937,0,1,2,5,2,9,9,25,False,False,TNC,YANKEE DINER,CHARLTON,1,,,,,,,,,,,False,,False,0.0,0.0,False,False,False,0
MA2054010,5156.81457233952,5.1568145723395205,43674.053389016975,43.674053389016976,3630.1087824542287,3.630108782454229,2435.829625338258,2.435829625338258,299.66412459495905,0.29966412459495906,0,3,0,5,3,10,11,26,False,False,TNC,CHARLTON CHINESE TAKEOUT,CHARLTON,1,,,,,,,,,,,False,,False,0.0,0.0,False,False,False,0
MA2054011,4824.148015860344,4.824148015860343,44726.42233782287,44.72642233782287,2686.5309692389233,2.686530969238923,1674.8969967592386,1.6748969967592386,654.25286488896,0.65425286488896,0,2,2,5,3,11,8,24,False,False,TNC,DEE DEES PLACE,CHARLTON,1,,,,,,,,,,,False,,False,0.0,0.0,False,False,False,0
MA2054017,1113.6086765655268,1.1136086765655269,47982.91333846019,47.982913338460186,3118.751169925358,3.1187511699253583,5670.747350079747,5.670747350079747,4119.925482837692,4.119925482837692,0,0,0,0,5,9,9,35,False,False,TNC,DRESSER HILL FARM ICE CREAM BAR,CHARLTON,1,,,,,,,,,,,False,,False,0.0,0.0,False,False,False,0
MA2054019,2543.331087745947,2.543331087745947,47791.396185237434,47.79139618523743,2880.8380166181582,2.880838016618158,4771.346998867124,4.771346998867124,2931.36979915677,2.93136979915677,0,0,1,1,5,9,9,32,False,False,TNC,APPLEWOOD CAMPGROUND,CHARLTON,1,,,,,,,,,,,False,,False,0.0,0.0,False,False,False,0
MA2054020,3331.6540852541702,3.3316540852541703,43139.79392443187,43.13979392443187,2498.619681406587,2.498619681406587,3979.0300481537092,3.9790300481537093,1664.3616441656145,1.6643616441656146,0,0,1,9,4,14,7,23,False,False,TNC,HERITAGE COUNTRY CLUB,CHARLTON,1,,,,,,,,,,,False,,False,0.0,0.0,False,False,False,0
MA2054022,8711.20331335256,8.71120331335256,47054.907612888295,47.05490761288829,4771.124415545055,4.771124415545055,3671.7097881853133,3.6717097881853134,3910.9964910047556,3.9109964910047554,0,0,0,0,1,2,8,26,False,False,TNC,WHISPERING PINES,CHARLTON,3,,,,,,,,,,,False,,False,0.0,0.0,False,False,False,0
MA2054027,6878.8646546764185,6.878864654676418,50138.90219641152,50.13890219641152,328.29810299329074,0.32829810299329076,3434.812927029922,3.4348129270299217,1922.3074680846519,1.922307468084652,1,0,1,3,1,4,6,29,False,False,TNC,DADS RESTAURANT,CHARLTON,1,,,,,,,,,,,False,,False,0.0,0.0,False,False,False,0
MA2054029,9146.306040798641,9.146306040798642,44926.593705207975,44.92659370520798,4519.531604263663,4.519531604263663,3697.455986478578,3.6974559864785776,4529.949537244346,4.529949537244346,0,0,0,0,2,3,10,21,False,False,NTNC,"LFB USA, INC.",CHARLTON,5,,,,,,,,,,,False,,False,0.0,0.0,False,False,False,0
MA2054030,3092.426239367236,3.092426239367236,50810.954186805786,50.81095418680579,4812.012759457658,4.812012759457658,4522.361740513344,4.522361740513344,4334.323880651199,4.3343238806511994,0,0,0,0,2,2,9,36,False,False,TNC,YMCA CAMP FOSKETT,CHARLTON,1,,,,,,,,,,,False,,False,0.0,0.0,False,False,False,0
MA2054031,3467.9291093846045,3.4679291093846047,47962.0178937775,47.9620178937775,1600.6235851904441,1.6006235851904442,2748.8176243368266,2.7488176243368265,1578.6602896648806,1.5786602896648805,0,0,2,2,3,6,8,33,False,False,NTNC,BAY PATH REGIONAL VO TECH. HIGH SCHOOL,CHARLTON,4,,,,,,,,,,,False,,False,0.0,0.0,False,False,False,0
MA2054032,4802.435152011418,4.802435152011418,50343.89896576878,50.34389896576878,2469.677170417191,2.469677170417191,4701.196258676121,4.701196258676121,2077.80212363591,2.07780212363591,0,0,1,1,3,5,11,33,False,False,TNC,ELLIOT P JOSLIN CAMP,CHARLTON,1,,,,,,,,,,,False,,False,0.0,0.0,False,False,False,0
MA2054033,3232.002162778515,3.232002162778515,40998.18092256173,40.99818092256173,2776.8729156520835,2.7768729156520835,4094.5495791588464,4.094549579158846,915.9763216996984,0.9159763216996983,0,1,1,5,1,12,7,23,False,False,TNC,SIMS HEALTH AND RACQUET CLUB,CHARLTON,2,,,,,,,,,,,False,,False,0.0,0.0,False,False,False,0
MA2054034,7241.180615260114,7.241180615260114,49799.458826431815,49.79945882643182,110.23246563062473,0.11023246563062473,3038.2751640851584,3.0382751640851584,1507.1779540674677,1.5071779540674677,1,0,1,3,1,4,6,28,False,False,TNC,QUARTER KEG PUB,CHARLTON,1,,,,,,,,,,,False,,False,0.0,0.0,False,False,False,0
MA2054035,7764.168361124546,7.764168361124546,46035.190054632774,46.03519005463277,5288.7526627934085,5.288752662793408,2423.8913714874448,2.4238913714874446,3064.153416642163,3.064153416642163,0,0,0,0,0,5,9,24,False,False,TNC,RONNIES SEAFOOD INC.,CHARLTON,1,,,,,,,,,,,False,,False,0.0,0.0,False,False,False,0
MA2054040,2638.720984873381,2.638720984873381,44302.211876110436,44.302211876110434,1875.867148255263,1.875867148255263,4650.413467507472,4.650413467507472,474.47844629961094,0.47447844629961095,0,2,3,6,6,19,7,25,True,False,GW,ROCK WELL 8,CHARLTON,4,,,,,,,,,,,False,,False,0.0,0.0,False,False,False,0
MA2054041,4917.751777978813,4.917751777978813,46320.76316815449,46.320763168154485,2543.4543453797987,2.5434543453797986,658.6173036307013,0.6586173036307013,705.0873550087213,0.7050873550087212,0,1,2,5,3,7,9,27,False,False,TNC,HOWLETT LUMBER/FLEA MARKET,CHARLTON,1,,,,,,,,,,,False,,False,0.0,0.0,False,False,False,0
MA2054042,5424.914492941834,5.424914492941834,45359.99173253427,45.35999173253427,3075.5310653883453,3.075531065388345,498.2154907672894,0.4982154907672894,1341.7349658046921,1.3417349658046922,0,0,0,5,2,8,10,26,False,False,TNC,SPRING BROOK INDUSTRIES,CHARLTON,2,,,,,,,,,,,False,,False,0.0,0.0,False,False,False,0
MA2054047,4044.9686746987413,4.044968674698741,49601.11387157342,49.60111387157342,2992.7066977729137,2.9927066977729138,4133.3684644536015,4.133368464453602,1939.209764357058,1.939209764357058,0,0,1,2,3,5,11,32,False,False,NTNC,HERITAGE SCHOOL,CHARLTON,1,,,,,,,,,,,False,,False,0.0,0.0,False,False,False,0
MA2054050,5012.422873656724,5.012422873656724,44720.8145588966,44.7208145588966,2832.864444031238,2.832864444031238,1509.915759881082,1.5099157598810822,546.9596363590396,0.5469596363590395,0,2,2,5,3,10,9,25,True,False,GW,ROCK WELL # 1,CHARLTON,1,,,,,,,,,,,False,,False,0.0,0.0,False,False,False,0
MA2054051,4045.0319732115477,4.045031973211548,45563.566052402464,45.563566052402464,1800.8361670667937,1.8008361670667936,1655.7205752557613,1.6557205752557613,1384.2761113232798,1.3842761113232798,0,0,2,5,3,10,7,25,False,False,NTNC,"KARL STORZ ENDOVISION, INC.",CHARLTON,2,,,,,,,,,,,False,,False,0.0,0.0,False,False,False,0
MA2054052,5423.790527870734,5.423790527870734,51053.005318134776,51.05300531813477,3543.294053570956,3.543294053570956,4531.887243635129,4.531887243635129,2047.4218916688224,2.0474218916688223,0,0,0,1,1,6,10,32,False,False,TNC,BUFFUMVILLE PARK,CHARLTON,1,,,,,,,,,,,False,,False,0.0,0.0,False,False,False,0
MA2054053,2535.639793081515,2.5356397930815153,44643.371189147685,44.643371189147686,2098.911717656159,2.098911717656159,4553.713482203854,4.553713482203854,818.2306651445625,0.8182306651445626,0,2,4,6,6,17,7,25,False,False,NTNC,PRINDLE POND CONFERENCE CENTER,CHARLTON,6,,,,,,,,,,,False,,False,0.0,0.0,False,False,False,0
MA2054055,2803.9015421247777,2.8039015421247777,49380.31936931089,49.38031936931089,2462.4702386515846,2.4624702386515844,4611.198517548194,4.611198517548194,3114.6252272101538,3.1146252272101536,0,0,2,0,3,4,11,35,False,False,TNC,CHARLTON BEAGLE CLUB,CHARLTON,1,,,,,,,,,,,False,,False,0.0,0.0,False,False,False,0
MA2054056,8190.851712455571,8.19085171245557,47792.14922279753,47.79214922279753,3903.307819589887,3.903307819589887,3540.085220860125,3.540085220860125,3138.094278511886,3.1380942785118857,0,0,0,0,1,4,8,32,False,False,TNC,HOLY VIRGIN MARY SPIRITUAL VINEYARD,CHARLTON,1,,,,,,,,,,,False,,False,0.0,0.0,False,False,False,0
MA2054060,7192.118930450907,7.192118930450907,47910.25381883452,47.91025381883452,3346.1184764469363,3.3461184764469363,2862.146125580622,2.862146125580622,2140.0074107760215,2.1400074107760214,0,0,0,2,1,6,8,30,False,False,TNC,FAY MOUNTAIN FARM,CHARLTON,1,,,,,,,,,,,False,,False,0.0,0.0,False,False,False,0
MA2054064,4799.646433837667,4.799646433837667,47907.06255432752,47.90706255432752,2723.951292361918,2.7239512923619182,2133.6126905995607,2.1336126905995605,883.8458083079449,0.8838458083079449,0,2,1,2,3,6,8,33,False,False,TNC,PARTNERS PIZZA/SKIRANI BROS,CHARLTON,1,,,,,,,,,,,False,,False,0.0,0.0,False,False,False,0
MA2054065,5110.63941093394,5.11063941093394,45198.96627729882,45.19896627729882,2797.9850296922327,2.797985029692233,850.2942927852669,0.8502942927852669,1034.8382825839237,1.0348382825839237,0,0,1,5,2,9,9,25,False,False,TNC,19  21 WORCESTER ROAD,CHARLTON,3,,,,,,,,,,,False,,False,0.0,0.0,False,False,False,0
MA2054068,7430.136095259405,7.430136095259405,49634.81227826009,49.63481227826009,360.114894912634,0.360114894912634,2784.967729799347,2.784967729799347,1261.9157513931955,1.2619157513931956,1,0,1,3,1,6,7,29,False,False,TNC,WAYSIDE RESTAURANT,CHARLTON,1,,,,,,,,,,,False,,False,0.0,0.0,False,False,False,0
MA2054070,5650.2583900855825,5.6502583900855825,48129.61181882471,48.12961181882471,3015.488134803969,3.015488134803969,2354.4582264466267,2.3544582264466265,726.5945305862946,0.7265945305862945,0,1,0,2,3,7,10,29,False,False,NTNC,"VERIZON BUSINESS NETWORK SERVICES, INC.",CHARLTON,1,,,,,,,,,,,False,,False,0.0,0.0,False,False,False,0
MA2054072,5328.676653006946,5.328676653006946,44703.66695078939,44.70366695078939,3097.624635788751,3.097624635788751,1294.716305512505,1.294716305512505,549.1008425643665,0.5491008425643665,0,2,0,5,2,9,10,26,False,False,NTNC,GROWING FOOTPRINTS EDUCATION CENTER,CHARLTON,1,,,,,,,,,,,False,,False,0.0,0.0,False,False,False,0
MA2054074,6054.195248611308,6.0541952486113075,50147.84412955821,50.14784412955821,1221.7289065401744,1.2217289065401744,4261.131173478274,4.261131173478274,1420.4778814594945,1.4204778814594945,0,0,1,2,2,4,7,30,False,False,TNC,PUTTERS MINIATURE GOLF,CHARLTON,1,,,,,,,,,,,False,,False,0.0,0.0,False,False,False,0
MA2054075,9008.014975872842,9.008014975872841,45619.871022432046,45.619871022432044,5491.400244155414,5.491400244155414,3607.6043547563168,3.6076043547563166,4321.515609895249,4.32151560989525,0,0,0,0,0,4,9,24,False,False,NTNC,LFB USA 92 (RABBIT),CHARLTON,2,,,,,,,,,,,False,,False,0.0,0.0,False,False,False,0
MA2064000,2547.956322924094,2.547956322924094,16672.547850963812,16.672547850963813,1662.0512603074944,1.6620512603074944,1873.1470815262928,1.8731470815262927,1496.5342713583952,1.4965342713583953,0,0,1,4,3,6,8,22,False,True,SW,WACHUSETT RESERVOIR,CLINTON,1,CLINTON WATER DEPT,4.0,116.0,False,False,,,0.0,10.5,False,True,False,True,0.6154622476913655,10782.0,True,True,False,2
MA2077000,6036.538638430334,6.036538638430334,41031.56026380044,41.03156026380044,732.3216821987653,0.7323216821987653,802.9541016290146,0.8029541016290146,2849.074151019129,2.849074151019129,1,0,1,1,3,3,6,6,True,False,GW,WEST ST. TUBULAR WELLFIELD (13 X 2.5),DOUGLAS,4,DOUGLAS WATER DEPARTMENT,2.0,58.0,False,False,,,0.0,10.5,False,True,False,False,0.0,0.0,False,False,False,0
MA2077002,6038.049463501267,6.038049463501268,43724.89840612517,43.72489840612517,3271.154591635037,3.271154591635037,4183.0365025712235,4.183036502571223,5593.497342783669,5.593497342783669,0,0,0,0,2,0,5,13,False,False,TNC,BREEZY PICNIC GROUNDS,DOUGLAS,1,,,,,,,,,,,False,,False,0.0,0.0,False,False,False,0
MA2077003,8656.282071522506,8.656282071522506,44394.76123551397,44.39476123551397,4068.6015856418812,4.068601585641881,5293.350844310561,5.293350844310561,5860.9324243086685,5.860932424308668,0,0,0,0,1,0,3,6,False,False,TNC,WINDING BROOK CAMPING,DOUGLAS,2,,,,,,,,,,,False,,False,0.0,0.0,False,False,False,0
MA2077005,5180.083611493948,5.180083611493949,43460.802439850755,43.46080243985075,2872.2706801384074,2.8722706801384073,4206.364277862529,4.206364277862529,5649.496702912387,5.649496702912387,0,0,1,0,2,0,7,15,False,False,TNC,LAKE MANCHAUG CAMPING,DOUGLAS,2,,,,,,,,,,,False,,False,0.0,0.0,False,False,False,0
MA2077006,6748.682221783341,6.7486822217833415,46423.56635258939,46.42356635258939,4144.64027233538,4.144640272335381,6126.391401936069,6.126391401936069,6080.631189432883,6.080631189432883,0,0,0,0,1,0,4,9,False,False,TNC,DCR DOUGLAS STATE FOREST,DOUGLAS,2,,,,,,,,,,,False,,False,0.0,0.0,False,False,False,0
MA2080000,1136.4834559448593,1.1364834559448593,54237.291845945445,54.23729184594544,1368.4150828869679,1.368415082886968,328.39534522413635,0.3283953452241363,908.9978433240643,0.9089978433240643,0,2,1,7,2,10,4,16,True,False,GW,SCHOFIELD AVENUE #5,DUDLEY,7,DUDLEY WATER DEPARTMENT,2.0,58.0,False,False,,,0.0,10.5,False,True,False,True,0.32690475549234127,6578.0,True,True,False,3
MA2080003,5038.046241582379,5.038046241582379,52327.078897555126,52.327078897555126,2706.1455721779284,2.7061455721779284,3772.6312275075875,3.7726312275075875,55.85073877363151,0.05585073877363151,0,1,1,3,1,4,5,19,False,False,NTNC,WEBCO CHEMICAL CORPORATION,DUDLEY,1,,,,,,,,,,,False,,False,0.0,0.0,False,False,False,0
MA2080004,6262.510523076057,6.262510523076057,48345.260734873984,48.34526073487398,3980.0127096848314,3.9800127096848312,5052.391255436228,5.052391255436228,2550.5110331557225,2.5505110331557224,0,0,0,1,2,7,7,22,False,False,NTNC,SOUTHERN WORC. COUNTY ED. COLLABORATIVE,DUDLEY,1,,,,,,,,,,,False,,False,0.0,0.0,False,False,False,0
MA2080005,4581.433429937578,4.581433429937578,52656.42145415319,52.65642145415319,2246.2778106402884,2.2462778106402883,3325.0898441927266,3.3250898441927266,411.2627329795653,0.41126273297956534,0,1,1,4,1,4,5,20,False,False,TNC,YUMMY ASIAN FUSION CUISINE,DUDLEY,1,,,,,,,,,,,False,,False,0.0,0.0,False,False,False,0
MA2080006,6482.978049251648,6.482978049251648,48507.36548473501,48.50736548473501,4214.558835065457,4.214558835065457,5262.772081182086,5.262772081182086,2300.556578082301,2.300556578082301,0,0,0,1,2,6,7,22,False,False,NTNC,SOUTHBRIDGE TOOL AND MANUFACTURING,DUDLEY,1,SOUTHBRIDGE TOOL AND MANUFACTURING,3.0,58.0,False,False,,,0.0,10.5,False,True,False,False,0.0,0.0,False,False,False,0
MA2081000,5069.627621350472,5.069627621350471,18364.657664166065,18.364657664166064,1538.119279436036,1.538119279436036,7012.81423151005,7.012814231510051,4705.815379631742,4.705815379631742,0,0,1,0,1,1,5,4,True,False,GW,SALMON BROOK GP WELL NO.1,DUNSTABLE,2,,,,,,,,,,,False,,False,0.0,0.0,False,False,False,0
MA2081003,6712.063018566662,6.7120630185666625,15232.75397032173,15.23275397032173,2801.8405381649814,2.8018405381649814,5786.6385442917845,5.786638544291784,3048.119501426767,3.048119501426767,0,0,1,0,2,1,6,5,False,False,TNC,YMCA CAMP MASSAPOAG,DUNSTABLE,1,,,,,,,,,,,False,,False,0.0,0.0,False,False,False,0
MA2084000,7630.406012052033,7.630406012052033,39476.96161046268,39.47696161046267,1239.1971505009535,1.2391971505009536,6315.283187635354,6.3152831876353535,2192.5313498324235,2.1925313498324237,0,0,2,1,5,3,7,11,True,False,GW,WEST ST. GP WELL,EAST BROOKFIELD,1,,,,,,,,,,,False,,False,0.0,0.0,False,False,False,0
MA2084001,6137.392556641185,6.137392556641186,38335.38193777551,38.335381937775516,3750.4605692143928,3.750460569214393,6684.300644765522,6.684300644765521,4992.647338135894,4.992647338135893,0,0,0,0,1,1,9,21,False,False,TNC,YMCA CAMP FRANK A. DAY,EAST BROOKFIELD,3,,,,,,,,,,,False,,False,0.0,0.0,False,False,False,0
MA2097000,1898.0954107697937,1.8980954107697938,17692.78018326595,17.69278018326595,1709.1358664265945,1.7091358664265945,1370.4955106741886,1.3704955106741885,1530.5769283912036,1.5305769283912036,0,0,2,6,4,15,11,42,False,False,SW,OVERLOOK RESERVOIR,FITCHBURG,10,"FITCHBURG DPW, DIV. OF WATER SUPPLY",8.0,232.0,True,True,4.9,,3.0,13.4,False,True,True,True,0.6460017958945855,41763.0,True,True,True,4
MA2101000,1191.3735762472193,1.1913735762472193,20396.301625056738,20.396301625056736,724.1816463068013,0.7241816463068014,1917.0799258229326,1.9170799258229327,336.3115754999752,0.3363115754999752,1,3,2,14,3,19,17,59,True,False,GW,GP WELL 3,FRANKLIN,14,"FRANKLIN WATER DEPARTMENT, MA",15.0,406.0,True,True,4.7,5.6,5.0,16.8,False,True,True,False,0.0,0.0,False,False,False,0
MA2101001,7016.642425432251,7.016642425432251,27776.35680496386,27.77635680496386,3630.940654323104,3.630940654323104,3704.127485675056,3.704127485675056,1246.2998009716139,1.246299800971614,0,0,0,10,1,17,12,35,False,False,TNC,CAMP HAIASTAN,FRANKLIN,2,,,,,,,,,,,False,,False,0.0,0.0,False,False,False,0
MA2103000,738.6633312672869,0.7386633312672869,31282.036186597845,31.282036186597846,1705.8377032196427,1.7058377032196426,938.8443048190202,0.9388443048190201,727.1675830459078,0.7271675830459078,0,1,1,9,2,11,11,14,True,False,SW,COWEE POND,GARDNER,4,GARDNER WATER DEPARTMENT,6.0,174.0,False,False,,,0.0,10.5,False,True,False,True,0.7431902076760409,15633.0,True,True,False,3
MA2103003,5695.508186002387,5.695508186002387,31724.64086115344,31.72464086115344,2831.394406419985,2.831394406419985,2550.475548216781,2.5504755482167814,2831.391757057126,2.8313917570571263,0,0,1,1,2,11,9,14,False,False,TNC,GARDNER MUNICIPAL GOLF COURSE,GARDNER,2,,,,,,,,,,,False,,False,0.0,0.0,False,False,False,0
MA2110000,4759.052179498243,4.759052179498243,30442.94842707007,30.44294842707007,809.1267398029694,0.8091267398029693,1270.6597025656015,1.2706597025656015,287.1250143753966,0.28712501437539656,1,1,3,8,6,15,21,92,True,False,GW,FOLLETTE ST. GRAVEL PACKED WELL #4,GRAFTON,7,GRAFTON WATER DISTRICT,9.0,232.0,True,True,6.9,6.9,5.0,20.3,True,True,True,True,0.06490022693850342,4862.0,False,True,False,1
MA2110001,6852.37199871228,6.852371998712281,31218.264391425255,31.218264391425254,498.3719928282638,0.4983719928282638,2491.7422070689518,2.4917422070689517,2113.84173127114,2.11384173127114,1,0,1,1,5,3,13,28,True,False,GW,FERRY STREET WELL 2,GRAFTON,3,,,,,,,,,,,False,,True,0.725377527978973,3849.0,False,True,False,1
MA2110002,7665.600713828724,7.6656007138287245,30119.752957445453,30.119752957445453,1610.889244398674,1.610889244398674,1336.9304712601945,1.3369304712601946,2823.395236571736,2.823395236571736,0,0,3,1,4,1,18,49,False,False,NTNC,SILVER SPRUCE MONTESSORI SCHOOL,GRAFTON,1,,,,,,,,,,,False,,False,0.0,0.0,False,False,False,0
MA2110003,8377.979032072612,8.377979032072611,28519.42534168217,28.51942534168217,2320.2325810977495,2.3202325810977493,2920.5712811938847,2.920571281193885,3134.7404497769385,3.1347404497769387,0,0,2,0,3,2,15,20,False,False,NTNC,TOUCHSTONE COMMUNITY SCHOOL,GRAFTON,1,,,,,,,,,,,False,,False,0.0,0.0,False,False,False,0
MA2110004,6725.988236365834,6.7259882363658345,31139.704555531585,31.139704555531587,1228.7042534252162,1.2287042534252162,990.6302522759364,0.9906302522759364,2853.642892979705,2.8536428929797046,0,0,3,1,5,2,13,45,True,False,GW,WELL #1,GRAFTON,1,,,,,,,,,,,False,,False,0.0,0.0,False,False,False,0
MA2110006,8552.553029868453,8.552553029868454,28593.05875394752,28.59305875394752,3095.75163892306,3.09575163892306,2848.527757193136,2.848527757193136,3825.835351956444,3.825835351956444,0,0,0,0,5,2,19,44,True,False,GW,WELL 1,GRAFTON,1,,,,,,,,,,,False,,False,0.0,0.0,False,False,False,0
MA2115000,5098.845599431727,5.098845599431727,10077.141037645464,10.077141037645465,2105.9174112136216,2.1059174112136216,2775.463435270638,2.775463435270638,2536.2921993390464,2.5362921993390466,0,0,1,1,2,2,9,24,True,False,GW,WHITNEY POND WELL #1,GROTON,7,GROTON WATER DEPARTMENT,4.0,116.0,True,False,,,1.0,10.5,False,True,True,False,0.0,0.0,False,False,False,0
MA2115001,2187.0949308956747,2.187094930895675,5278.50162492893,5.27850162492893,588.9938012354681,0.5889938012354682,4067.971084543856,4.0679710845438555,520.6714502551339,0.5206714502551338,1,1,1,2,4,7,9,28,True,False,GW,TOWN FOREST GP WELL,GROTON,2,,,,,,,,,,,False,,False,0.0,0.0,False,False,False,0
MA2115002,3820.229007316591,3.8202290073165908,8741.744621707101,8.7417446217071,3904.5202752337527,3.904520275233753,3940.7095865413758,3.940709586541376,2050.2122042144647,2.0502122042144646,0,0,0,1,3,3,8,26,False,False,TNC,GROTONWOOD BAPTIST CAMP AND CONF.CTR.,GROTON,3,,,,,,,,,,,False,,False,0.0,0.0,False,False,False,0
MA2115009,5119.247427674324,5.119247427674324,12797.81598625793,12.79781598625793,3335.2620060280133,3.3352620060280134,2655.389177610232,2.655389177610232,6038.109396508772,6.038109396508772,0,0,0,0,1,0,8,5,True,False,GW,ROCK WELL #1,GROTON,1,,,,,,,,,,,False,,False,0.0,0.0,False,False,False,0
MA2115010,5009.006813553112,5.009006813553112,13807.248136369093,13.807248136369093,3476.87653926835,3.47687653926835,4222.133029574989,4.222133029574989,5070.77618216839,5.07077618216839,0,0,0,0,2,0,9,6,False,False,NTNC,GROTON DUNSTABLE REG. H.S.,GROTON,1,,,,,,,,,,,False,,False,0.0,0.0,False,False,False,0
MA2115011,4640.389013179356,4.640389013179356,8684.836281965097,8.684836281965097,2295.615057323078,2.295615057323078,4131.38114989176,4.1313811498917605,1939.014893727619,1.939014893727619,0,0,1,1,3,6,7,28,False,False,TNC,BOSTON ROAD MARKET AND LIQUOR,GROTON,1,,,,,,,,,,,False,,False,0.0,0.0,False,False,False,0
MA2115012,6266.869200369229,6.266869200369229,10667.30815518837,10.667308155188369,1591.527121279995,1.591527121279995,1734.300319615398,1.7343003196153979,4096.223142092529,4.096223142092529,0,0,1,0,1,1,10,13,True,False,GW,WELL 3,GROTON,3,,,,,,,,,,,False,,False,0.0,0.0,False,False,False,0
MA2125000,3000.276537792385,3.0002765377923852,5597.630486537793,5.597630486537794,1563.4407272125254,1.5634407272125255,490.4539450433531,0.4904539450433531,3046.367668950537,3.046367668950537,0,0,2,0,2,2,10,28,True,False,GW,POND ROAD ROCK WELL #2 (02G),HARVARD,3,,,,,,,,,,,False,,False,0.0,0.0,False,False,False,0
MA2125001,2425.046921710438,2.425046921710438,7119.299267985211,7.119299267985212,4641.705343638191,4.641705343638191,4245.076585492845,4.245076585492845,1365.5528714454765,1.3655528714454765,0,0,0,2,3,5,8,34,False,False,TNC,FRIENDLY CROSSWAYS,HARVARD,1,,,,,,,,,,,False,,False,0.0,0.0,False,False,False,0
MA2125002,5482.577188135014,5.482577188135013,5995.564013957026,5.995564013957026,3308.8093260525325,3.3088093260525326,3403.673940814064,3.403673940814064,4744.928315906485,4.744928315906486,0,0,0,0,2,2,11,41,False,False,TNC,SAINT BENEDICT ABBEY,HARVARD,5,,,,,,,,,,,False,,False,0.0,0.0,False,False,False,0
MA2125003,4991.191035463631,4.991191035463631,3123.6144028038866,3.1236144028038866,2738.8976459815417,2.7388976459815417,3243.751433644532,3.243751433644532,1938.972288108534,1.938972288108534,0,0,2,10,4,17,7,30,False,False,TNC,SCHOOL HOUSE 1870 TRUST,HARVARD,1,,,,,,,,,,,False,,False,0.0,0.0,False,False,False,0
MA2125005,3500.3726776460144,3.5003726776460145,4635.250292212524,4.6352502922125245,2645.060309446493,2.6450603094464933,2894.9642814082194,2.8949642814082193,3495.2500873892727,3.4952500873892727,0,0,1,0,3,15,6,28,False,False,NTNC,VILLAGE NURSERY SCHOOL,HARVARD,1,,,,,,,,,,,False,,False,0.0,0.0,False,False,False,0
MA2125006,4351.533528471737,4.3515335284717365,4832.603220226546,4.832603220226546,1007.1061638042736,1.0071061638042735,1156.8423376631727,1.1568423376631727,4216.117240288909,4.216117240288908,0,0,1,0,2,9,10,35,False,False,TNC,CAMP GREEN EYRIE GIRL SCOUT CAMP,HARVARD,4,,,,,,,,,,,False,,False,0.0,0.0,False,False,False,0
MA2125007,3734.0654830233375,3.7340654830233375,3085.6888425474976,3.0856888425474978,1667.7921483318598,1.6677921483318598,2241.2215527063418,2.241221552706342,1108.9917699221237,1.1089917699221237,0,0,2,12,4,20,8,30,False,False,NTNC,THE APPLEWORKS,HARVARD,1,,,,,,,,,,,False,,False,0.0,0.0,False,False,False,0
MA2125010,4396.371177130586,4.396371177130586,3062.464141134922,3.0624641411349223,2222.195168881363,2.222195168881363,2883.324820232726,2.8833248202327257,1547.9006773705898,1.54790067737059,0,0,1,11,4,19,6,31,False,False,TNC,HARVARD PLAZA,HARVARD,1,,,,,,,,,,,False,,False,0.0,0.0,False,False,False,0
MA2125011,5837.7676789677225,5.837767678967722,6366.9796696699495,6.366979669669949,3441.0270169031864,3.4410270169031865,3340.594576527572,3.3405945765275717,5166.183088074303,5.166183088074303,0,0,0,0,2,0,9,39,False,False,NTNC,IMMACULATE HEART OF MARY SCHOOL,HARVARD,3,,,,,,,,,,,False,,False,0.0,0.0,False,False,False,0
MA2125012,4915.879177389955,4.915879177389955,2899.5861658505037,2.8995861658505038,2609.131336672923,2.6091313366729234,3014.914020190387,3.014914020190387,1739.929764795408,1.739929764795408,0,0,2,11,3,17,7,31,False,False,NTNC,LANCASTER COUNTY ROAD LLC,HARVARD,1,,,,,,,,,,,False,,False,0.0,0.0,False,False,False,0
MA2125013,4690.966914118472,4.690966914118472,2952.4369676398,2.9524369676398,2472.0519816847855,2.4720519816847855,3081.5141040963435,3.0815141040963434,1734.4018351342334,1.7344018351342334,0,0,2,11,4,18,7,31,True,False,GW,"6"" BEDROCK DW WELL",HARVARD,1,,,,,,,,,,,False,,False,0.0,0.0,False,False,False,0
MA2125014,4955.531130285613,4.955531130285612,2896.903765685833,2.896903765685833,2039.1355983898789,2.039135598389879,2987.1023559026758,2.987102355902676,1879.9009356069332,1.8799009356069332,0,0,1,8,3,17,8,33,True,False,GW,WELL 1,HARVARD,2,,,,,,,,,,,False,,False,0.0,0.0,False,False,False,0
MA2125015,4962.802143869007,4.962802143869006,3721.2939703622587,3.7212939703622587,1430.3787030008752,1.4303787030008752,2492.912458818556,2.492912458818556,2875.3782393963593,2.875378239396359,0,0,1,2,1,11,11,35,False,False,TNC,FRUITLANDS MUSEUM,HARVARD,2,,,,,,,,,,,False,,False,0.0,0.0,False,False,False,0
MA2125016,1105.4903928394367,1.1054903928394366,7237.578933745283,7.237578933745284,3425.553010632938,3.425553010632938,3315.7165360267936,3.3157165360267937,1422.1378537619216,1.4221378537619216,0,0,0,3,2,4,7,33,True,False,GW,WELL 2,HARVARD,4,,,,,,,,,,,False,,True,5.9620193916505005e-06,1000.0,False,True,False,1
MA2125020,4889.989986255896,4.8899899862558955,3095.886864824292,3.095886864824292,2666.870576841986,2.666870576841986,3220.169206523444,3.220169206523444,1895.7783863098432,1.8957783863098432,0,0,2,10,4,18,7,30,False,False,NTNC,SHAKER PLACE OFFICES,HARVARD,1,,,,,,,,,,,False,,False,0.0,0.0,False,False,False,0
MA2125021,4969.099718134088,4.969099718134088,2853.445055364974,2.853445055364974,1887.7217482816848,1.8877217482816848,2936.482271838435,2.9364822718384347,1885.5344673113104,1.8855344673113104,0,0,1,8,3,16,9,33,True,False,GW,WELL 2,HARVARD,4,,,,,,,,,,,False,,False,0.0,0.0,False,False,False,0
MA2125022,1460.0958219162012,1.4600958219162012,6797.729481262724,6.797729481262724,2161.5481684599804,2.1615481684599804,1754.0878049580638,1.7540878049580637,1462.7984249247318,1.4627984249247317,0,0,1,2,2,3,7,27,False,False,TNC,WESTWARD ORCHARDS,HARVARD,1,,,,,,,,,,,False,,False,0.0,0.0,False,False,False,0
MA2125023,2000.2325271880727,2.0002325271880728,5912.230677745157,5.912230677745157,2366.7970830452327,2.366797083045233,1497.2912400740668,1.4972912400740668,2138.011179265815,2.1380111792658147,0,0,1,1,2,3,7,28,False,False,TNC,CARLSON ORCHARDS,HARVARD,1,,,,,,,,,,,False,,False,0.0,0.0,False,False,False,0
MA2125024,4663.708121840913,4.663708121840913,3259.6946776824243,3.2596946776824245,2526.7318470230693,2.5267318470230693,3100.671321346405,3.1006713213464048,1850.8311683455522,1.8508311683455523,0,0,1,10,4,20,6,30,False,False,TNC,NORTH EAST BASEBALL,HARVARD,1,,,,,,,,,,,False,,False,0.0,0.0,False,False,False,0
MA2125025,2307.396092855738,2.307396092855738,9574.88863534028,9.57488863534028,1262.9032994496567,1.2629032994496567,4120.858859752084,4.120858859752084,3328.6890193590198,3.32868901935902,0,0,1,0,1,2,7,25,True,False,GW,WELL 1,HARVARD,4,,,,,,,,,,,False,,False,0.0,0.0,False,False,False,0
MA2125026,3077.053841114821,3.0770538411148207,3339.893358495498,3.339893358495498,1309.6372078521972,1.3096372078521972,1565.8613574647452,1.5658613574647453,435.35373486463396,0.43535373486463397,0,4,2,11,4,20,9,30,True,False,GW,WELL 3,HARVARD,3,,,,,,,,,,,False,,True,0.002371935405996832,2774.0,False,True,False,1
MA2125027,4705.262087310519,4.705262087310519,3285.5747809215904,3.2855747809215905,2288.9162088812077,2.288916208881208,3184.7561959682243,3.1847561959682245,2177.8045170171754,2.1778045170171754,0,0,1,7,3,17,7,30,False,False,TNC,HARVARD LANES,HARVARD,1,,,,,,,,,,,False,,False,0.0,0.0,False,False,False,0
MA2134000,2784.9573327491585,2.7849573327491584,25095.12783390205,25.09512783390205,2509.0638905861338,2.5090638905861335,2552.1136533397935,2.5521136533397937,1859.679503723192,1.8596795037231921,0,0,1,2,1,17,7,69,True,False,GW,MUSCHOPAUGE POND,HOLDEN,7,"HOLDEN WATER DIVISION, DPW",11.0,290.0,True,True,4.9,,5.0,13.4,False,True,True,True,0.004617262030036048,4831.0,True,True,False,2
MA2136000,1749.8881065742326,1.7498881065742327,11179.919453121629,11.179919453121629,1102.6090569066332,1.1026090569066331,2065.7868879184584,2.0657868879184584,606.5322054702449,0.6065322054702449,0,2,1,8,4,27,14,68,True,False,GW,BROOK STREET #6 GRAVEL PACKED WELL,HOLLISTON,7,HOLLISTON WATER DEPARTMENT,8.0,182.0,True,True,5.3,6.5,5.0,17.4,False,True,True,True,0.08103865238799167,5427.0,False,True,True,2
MA2138000,1264.8241042506202,1.26482410425062,26522.751979245404,26.522751979245403,472.17773075738825,0.4721777307573882,660.0233369951095,0.6600233369951095,1136.5143125093068,1.136514312509307,1,0,3,5,5,20,13,45,True,False,GW,GREEN ST. GP REPLACEMENT WELL #1,HOPEDALE,6,HOPEDALE WATER DEPARTMENT,4.0,116.0,True,True,6.8,4.3,4.0,17.6,False,True,True,False,0.0,0.0,False,False,False,0
MA2139000,2044.6219857471822,2.0446219857471823,15663.907800059573,15.663907800059572,1153.7310987333603,1.1537310987333604,186.35192249324012,0.18635192249324012,1593.5503997399373,1.5935503997399374,0,0,4,6,8,14,18,65,True,False,GW,GP WELL 3,HOPKINTON,8,HOPKINTON WATER DEPARTMENT,8.0,203.0,True,True,7.2,,5.0,15.7,False,True,True,True,0.11946435009553902,2723.0,False,True,False,1
MA2139001,3090.244510888015,3.090244510888015,14018.410394712713,14.018410394712713,3158.9129610843383,3.1589129610843383,3084.8777859721135,3.0848777859721137,632.9638683369557,0.6329638683369556,0,1,0,3,3,11,13,69,False,False,NTNC,METROWEST YMCA,HOPKINTON,2,,,,,,,,,,,False,,False,0.0,0.0,False,False,False,0
MA2139002,3016.0967285445704,3.0160967285445706,14677.89983903256,14.677899839032559,2689.0816563968533,2.689081656396853,3806.5776770500556,3.8065776770500555,1090.9489508460351,1.090948950846035,0,0,1,2,3,11,12,71,False,False,NTNC,NEW ENGLAND LABORERS TRAINING ACADEMY,HOPKINTON,6,,,,,,,,,,,False,,False,0.0,0.0,False,False,False,0
MA2139003,1912.3510214452162,1.9123510214452162,18182.82317317171,18.18282317317171,2716.1313011481698,2.71613130114817,1745.9833966249864,1.7459833966249865,1183.6542181633067,1.1836542181633067,0,0,2,7,10,15,14,58,False,False,NTNC,HOPKINTON COUNTRY CLUB,HOPKINTON,1,,,,,,,,,,,False,,False,0.0,0.0,False,False,False,0
MA2139004,2560.309685484466,2.5603096854844662,15650.579230500467,15.650579230500467,1952.8565685094043,1.9528565685094044,3747.1973748885944,3.7471973748885943,2090.23144617989,2.09023144617989,0,0,2,3,4,15,15,67,False,False,TNC,CARBONES RESTAURANT INC.,HOPKINTON,1,,,,,,,,,,,False,,False,0.0,0.0,False,False,False,0
MA2139006,3316.809375008826,3.316809375008826,20091.638393395973,20.091638393395975,2273.901788957689,2.273901788957689,2032.7716142386364,2.0327716142386363,884.7256783544098,0.8847256783544097,0,1,1,3,2,4,17,50,True,False,GW,WELL 1,HOPKINTON,1,,,,,,,,,,,False,,False,0.0,0.0,False,False,False,0
MA2139007,2036.1706621428589,2.036170662142859,16867.074274836592,16.867074274836593,3120.011093531663,3.1200110935316627,2566.451041240746,2.5664510412407457,1694.5992958541115,1.6945992958541114,0,0,0,5,8,13,15,58,True,False,GW,ROCK WELL # 3,HOPKINTON,2,,,,,,,,,,,False,,False,0.0,0.0,False,False,False,0
MA2139008,2453.389098544572,2.453389098544572,15928.198903581962,15.928198903581963,2186.6038411769673,2.1866038411769675,3470.0523618062193,3.470052361806219,2109.7031647380013,2.109703164738001,0,0,1,3,4,13,15,66,True,False,GW,WELL 2,HOPKINTON,1,,,,,,,,,,,False,,False,0.0,0.0,False,False,False,0
MA2139010,2410.6851229342356,2.4106851229342356,16966.941921696798,16.966941921696797,3078.110435852477,3.0781104358524773,2335.1520069626445,2.3351520069626446,2006.6511183830037,2.0066511183830036,0,0,0,5,8,13,15,56,True,False,GW,WELL 6,HOPKINTON,5,,,,,,,,,,,False,,False,0.0,0.0,False,False,False,0
MA2139011,2739.1427574038485,2.7391427574038483,16468.054285142913,16.468054285142912,2505.742823529752,2.505742823529752,2924.8342488857807,2.9248342488857806,1806.9200814807627,1.8069200814807627,0,0,1,3,6,14,15,59,True,False,GW,WELL #2,HOPKINTON,2,,,,,,,,,,,False,,False,0.0,0.0,False,False,False,0
MA2140003,7887.7134345301065,7.887713434530107,31034.288029844774,31.034288029844774,2336.9872331327647,2.336987233132765,7890.4251508348625,7.890425150834862,4820.2929081849215,4.820292908184921,0,0,1,0,2,1,6,2,False,False,NTNC,WOODS EQUIPMENT COMPANY WAIN ROY,HUBBARDSTON,1,,,,,,,,,,,False,,False,0.0,0.0,False,False,False,0
MA2140004,8231.043073785335,8.231043073785335,33174.565833643625,33.174565833643626,538.6385011397699,0.53863850113977,10128.159571889166,10.128159571889165,484.2535919647478,0.48425359196474776,1,1,3,1,3,1,8,5,False,False,NTNC,HUBBARDSTON CENTER SCHOOL,HUBBARDSTON,1,,,,,,,,,,,False,,False,0.0,0.0,False,False,False,0
MA2140005,7183.327658242818,7.183327658242818,36244.736389210244,36.244736389210246,1920.7048621865026,1.9207048621865026,8298.585675307233,8.298585675307233,3404.0349795612447,3.404034979561245,0,0,2,0,4,2,7,9,False,False,TNC,PEACEFUL ACRES CAMPGROUND,HUBBARDSTON,1,,,,,,,,,,,False,,False,0.0,0.0,False,False,False,0
MA2140006,7559.366738757239,7.559366738757238,34540.68810474287,34.54068810474287,621.3125359263005,0.6213125359263005,9581.317033676072,9.581317033676072,1165.8868506362433,1.1658868506362432,1,0,3,1,3,1,6,5,False,False,TNC,HUBBARDSTON ROD & GUN CLUB,HUBBARDSTON,1,,,,,,,,,,,False,,False,0.0,0.0,False,False,False,0
MA2140007,7438.579904877637,7.438579904877637,33602.454370906766,33.60245437090676,998.4063175758441,0.9984063175758441,9103.632396313982,9.103632396313982,633.2449961467892,0.6332449961467892,1,1,3,1,3,1,7,9,False,False,NTNC,GREAT NORTHERN RECYCLERS,HUBBARDSTON,1,,,,,,,,,,,False,,False,0.0,0.0,False,False,False,0
MA2140008,4361.281886322256,4.3612818863222556,28474.46017192967,28.47446017192967,2623.843313422218,2.6238433134222183,8614.16621553585,8.61416621553585,5086.92276349286,5.08692276349286,0,0,1,0,2,0,6,4,False,False,TNC,PINECREST INACT,HUBBARDSTON,1,,,,,,,,,,,False,,False,0.0,0.0,False,False,False,0
MA2140010,8172.07790187194,8.17207790187194,32536.455211464807,32.536455211464805,705.3748218527658,0.7053748218527658,10782.044172703932,10.782044172703932,1544.0477679654218,1.5440477679654219,1,0,1,1,4,1,7,2,True,False,GW,ROCK WELL  1,HUBBARDSTON,1,,,,,,,,,,,False,,False,0.0,0.0,False,False,False,0
MA2140011,3366.394403821755,3.3663944038217553,31791.89860794899,31.79189860794899,3943.790274754608,3.9437902747546083,5398.501793432746,5.398501793432746,3897.6275167722774,3.8976275167722774,0,0,0,0,2,5,10,14,True,False,GW,WELL 1,HUBBARDSTON,1,,,,,,,,,,,False,,False,0.0,0.0,False,False,False,0
MA2140013,7011.959685752584,7.011959685752584,34474.17885155801,34.474178851558015,1690.689093439872,1.6906890934398722,8946.992463751045,8.946992463751045,2331.490346704013,2.331490346704013,0,0,2,1,3,1,8,2,True,False,GW,WELL #2,HUBBARDSTON,2,,,,,,,,,,,False,,False,0.0,0.0,False,False,False,0
MA2140014,8105.817525467375,8.105817525467375,33455.2291222786,33.4552291222786,917.6029898669331,0.917602989866933,9802.369614186258,9.802369614186258,121.84382791422163,0.12184382791422163,1,1,3,1,3,1,7,5,False,False,TNC,HUBBARDSTON ONE STOP SHOP,HUBBARDSTON,1,,,,,,,,,,,False,,False,0.0,0.0,False,False,False,0
MA2140015,6926.72862940653,6.926728629406529,33605.61842320674,33.60561842320674,582.7048887322444,0.5827048887322444,8583.410131469773,8.583410131469773,1136.1170118314246,1.1361170118314246,1,0,3,1,3,1,7,10,False,False,NTNC,BREEZY HILL PLAZA,HUBBARDSTON,1,,,,,,,,,,,False,,False,0.0,0.0,False,False,False,0
MA2140016,6391.557378438994,6.3915573784389945,33359.43014974885,33.359430149748846,717.0885620947503,0.7170885620947502,8084.408341982263,8.084408341982263,1613.747368925609,1.613747368925609,1,0,3,1,3,1,7,10,False,False,TNC,STAMATIAS PLAZA,HUBBARDSTON,1,,,,,,,,,,,False,,False,0.0,0.0,False,False,False,0
MA2140017,2454.1298187912785,2.4541298187912783,30395.28577915759,30.395285779157593,4556.016719824676,4.556016719824676,5789.809378903319,5.789809378903319,3827.07167059992,3.8270716705999197,0,0,0,0,2,5,10,16,False,False,TNC,RON BURTON TRAINING VILLAGE,HUBBARDSTON,3,,,,,,,,,,,False,,False,0.0,0.0,False,False,False,0
MA2140018,8034.014783702613,8.034014783702613,33364.76261039096,33.364762610390954,946.1103246396619,0.9461103246396619,9745.031913443203,9.745031913443203,55.14625887720209,0.055146258877202085,1,1,3,1,3,1,7,5,False,False,TNC,HUBBARDSTON CROSSING PLAZA,HUBBARDSTON,1,,,,,,,,,,,False,,False,0.0,0.0,False,False,False,0
MA2141000,2846.2081645334474,2.8462081645334476,13997.55538496148,13.997555384961482,1654.8753259365442,1.6548753259365443,2998.034135179393,2.998034135179393,506.08468918667023,0.5060846891866703,0,1,2,9,3,21,12,51,True,False,GW,CHESTNUT ST WELL  3,HUDSON,7,HUDSON WATER SUPPLY,6.0,124.0,True,False,,,1.0,10.5,False,True,True,True,0.1309587769952869,6462.0,False,True,False,1
MA2147000,2813.1051987526716,2.813105198752672,12135.142602001626,12.135142602001626,439.30699296399735,0.43930699296399733,2047.438841388024,2.047438841388024,2321.2792074978206,2.321279207497821,1,0,2,2,2,5,12,22,True,False,GW,GP WELL # 1,LANCASTER,2,LANCASTER WATER DEPARTMENT,4.0,116.0,False,False,,,0.0,10.5,False,True,False,True,0.15080682087751418,3316.0,False,True,False,1
MA2147002,1494.5148787506214,1.4945148787506215,6026.442631293002,6.026442631293002,2131.220817002407,2.131220817002407,5267.486216017313,5.267486216017313,1172.9331928871406,1.1729331928871407,0,0,3,12,5,16,12,54,False,False,TNC,YMCA CAMP LOWE,LANCASTER,1,,,,,,,,,,,False,,False,0.0,0.0,False,False,False,0
MA2147003,2582.885272622592,2.5828852726225917,7052.719947438623,7.052719947438623,1453.8902677014953,1.4538902677014953,5417.022379764993,5.417022379764993,787.0611562381126,0.7870611562381127,0,1,3,11,5,18,12,52,False,False,TNC,JEWISH COMMUNITY CENTER DAY CAMP,LANCASTER,1,,,,,,,,,,,False,,False,0.0,0.0,False,False,False,0
MA2147004,3602.6053315314966,3.6026053315314965,8131.286277841968,8.131286277841967,192.2324575681924,0.19223245756819238,3780.6318435882577,3.7806318435882575,217.51359480750708,0.21751359480750707,1,3,4,14,5,32,10,58,False,False,TNC,LANCASTER GOLF AND LEARNING CENTER,LANCASTER,1,,,,,,,,,,,False,,False,0.0,0.0,False,False,False,0
MA2147005,1039.006642652076,1.0390066426520759,5531.222764093401,5.531222764093401,1695.8296321961434,1.6958296321961435,4517.3909143614055,4.517390914361406,1693.7713797313766,1.6937713797313765,0,0,2,11,5,16,12,58,False,False,NTNC,UNIFIED 2 PACKAGING GROUP,LANCASTER,1,,,,,,,,,,,False,,False,0.0,0.0,False,False,False,0
MA2147006,2409.736638985025,2.409736638985025,3412.118365954476,3.412118365954476,492.89684473566837,0.49289684473566836,3271.754732800478,3.271754732800478,1714.7686178691322,1.7147686178691322,1,0,2,4,5,15,11,54,False,False,TNC,U.S. ARMY DEVENS (SOUTH POST),LANCASTER,5,,,,,,,,,,,False,,False,0.0,0.0,False,False,False,0
MA2147007,3803.0295454814054,3.8030295454814054,8308.810667066005,8.308810667066005,332.24819350567554,0.3322481935056755,3503.8920853470913,3.503892085347091,527.748666656744,0.527748666656744,1,4,4,14,5,32,10,58,False,False,NTNC,"DAMBROSIO EYE CARE, INC.",LANCASTER,1,,,,,,,,,,,False,,False,0.0,0.0,False,False,False,0
MA2147008,2727.16166581876,2.72716166581876,7247.776616334262,7.247776616334262,753.9854309844554,0.7539854309844555,4550.183963921511,4.550183963921511,414.5565135481875,0.4145565135481875,1,4,4,12,5,29,11,60,True,False,GW,WELL #1,LANCASTER,1,,,,,,,,,,,False,,True,1.0,3316.0,False,True,False,1
MA2147009,2725.9564982560482,2.725956498256048,7272.466856893937,7.272466856893937,894.0247593688202,0.8940247593688202,4721.749984177172,4.721749984177173,121.12469739622611,0.12112469739622611,1,4,3,12,5,25,12,57,False,False,NTNC,KOCH RT2 TOYOTA / MYSA,LANCASTER,1,,,,,,,,,,,False,,False,0.0,0.0,False,False,False,0
MA2147010,2965.7738513722456,2.9657738513722456,7353.482409664306,7.353482409664306,960.5227778443688,0.9605227778443688,5515.891087609134,5.515891087609134,1209.2746844108638,1.2092746844108637,1,0,3,5,5,17,11,51,False,False,TNC,KIMBALL FARM AT OAKRIDGE,LANCASTER,1,,,,,,,,,,,False,,False,0.0,0.0,False,False,False,0
MA2147011,3388.487129767288,3.388487129767288,7932.432003853065,7.932432003853065,427.5401103587697,0.4275401103587697,4101.9838743634955,4.101983874363495,139.15577041129498,0.13915577041129498,1,4,4,13,5,32,11,56,False,False,NTNC,OUT WATER LLC,LANCASTER,2,,,,,,,,,,,False,,False,0.0,0.0,False,False,False,0
MA2147012,3396.486423916444,3.396486423916444,7841.202683147608,7.841202683147608,1064.7565905455515,1.0647565905455514,5057.292708762921,5.057292708762922,1228.6734719278295,1.2286734719278294,0,0,3,8,5,19,11,52,False,False,TNC,DUNKIN DONUTS LANCASTER,LANCASTER,1,,,,,,,,,,,False,,False,0.0,0.0,False,False,False,0
MA2147013,3476.4359584618082,3.476435958461808,7911.431040498352,7.911431040498352,1013.1288374454663,1.0131288374454663,5064.326072510724,5.064326072510724,1317.8325634417706,1.3178325634417707,0,0,3,6,5,19,11,52,False,False,TNC,MOBIL GAS LANCASTER,LANCASTER,1,,,,,,,,,,,False,,False,0.0,0.0,False,False,False,0
MA2151000,3012.3479470243583,3.012347947024358,35529.022488040086,35.529022488040084,978.1471567284875,0.9781471567284875,992.7002446709158,0.9927002446709158,1122.6373807032203,1.1226373807032204,1,0,1,1,1,4,7,54,True,False,GW,JIM DANDY DUG WELL,LEICESTER,7,,,,,,,,,,,False,,True,0.3499053827004406,2721.0,False,True,False,1
MA2151001,4324.644955703896,4.324644955703896,41574.721184197886,41.574721184197884,3275.935866693087,3.275935866693087,1524.8456775712252,1.5248456775712251,2181.9315859112985,2.1819315859112987,0,0,0,1,3,6,10,64,True,False,GW,HENSHAW POND,LEICESTER,2,CHERRY VALLEY/ ROCHDALE WATER DISTRICT,8.0,232.0,True,False,,,2.0,10.5,False,True,True,True,0.29177085026128186,6846.0,False,True,False,1
MA2151002,6050.576330938643,6.050576330938643,43434.11035860646,43.43411035860645,4072.004978412232,4.072004978412232,1345.0537015728949,1.345053701572895,3111.2561949826018,3.1112561949826016,0,0,0,0,2,3,8,47,True,False,GW,ROCK WELL #2,LEICESTER,2,,,,,,,,,,,False,,False,0.0,0.0,False,False,False,0
MA2151006,5085.132666359928,5.085132666359929,42428.54215591999,42.42854215591999,3832.1414520358703,3.8321414520358705,2453.5148132102127,2.4535148132102127,3031.490583520926,3.031490583520926,0,0,0,0,1,2,7,26,False,False,TNC,LEICESTER DRIVE IN THEATER,LEICESTER,1,,,,,,,,,,,False,,False,0.0,0.0,False,False,False,0
MA2151009,4990.0139178855225,4.9900139178855225,41436.71512355119,41.436715123551195,2061.9114716324734,2.0619114716324733,1990.177415299029,1.990177415299029,3158.6515973635233,3.1586515973635234,0,0,2,0,3,25,9,75,True,False,GW,ROCK WELL 3,LEICESTER,3,,,,,,,,,,,False,,True,0.999965090387547,1450.0,False,True,False,1
MA2151010,5267.104483109406,5.267104483109406,42153.03546245921,42.15303546245921,3230.377444235121,3.230377444235121,1672.0418762114466,1.6720418762114466,2254.7761336851977,2.2547761336851977,0,0,0,1,1,2,6,36,False,False,TNC,DANIELS PUB,LEICESTER,1,,,,,,,,,,,False,,False,0.0,0.0,False,False,False,0
MA2151012,8918.272289239736,8.918272289239736,46317.689930857945,46.317689930857945,5561.765731874739,5.561765731874739,2302.745093729409,2.302745093729409,4930.764588585757,4.930764588585757,0,0,0,0,0,1,9,31,False,False,TNC,CAMP NEYATI,LEICESTER,1,,,,,,,,,,,False,,False,0.0,0.0,False,False,False,0
MA2151013,7862.307615319096,7.862307615319096,45175.222283067276,45.17522228306728,5525.450840537003,5.525450840537004,2943.6559747932597,2.9436559747932596,4347.052819829866,4.347052819829866,0,0,0,0,0,2,7,33,False,False,TNC,YWCA CAMP WIND IN THE PINES,SPENCER,1,,,,,,,,,,,False,,False,0.0,0.0,False,False,False,0
MA2153000,818.837825651583,0.818837825651583,11912.423871044228,11.912423871044227,1875.5706135868238,1.8755706135868238,2866.345672078122,2.866345672078122,1449.9828694704945,1.4499828694704946,0,0,1,7,4,29,11,60,True,True,SW,"S.E. WELL #160, S.E. CORNER",LEOMINSTER,11,LEOMINSTER WATER DIVISION,14.0,406.0,True,True,4.3,,1.0,12.8,False,True,True,True,0.6426059895909824,39308.0,True,True,True,4
MA2153001,4876.291402034451,4.87629140203445,19953.82301874901,19.953823018749013,923.2264573243465,0.9232264573243465,3307.377681678015,3.307377681678015,714.7316492460739,0.7147316492460739,1,1,2,5,2,10,9,43,False,False,TNC,DCR LEOMINSTER STATE FOREST,LEOMINSTER,2,,,,,,,,,,,False,,False,0.0,0.0,False,False,False,0
MA2158000,1114.2739263670844,1.1142739263670844,8290.557231215424,8.290557231215423,1723.2578945497376,1.7232578945497377,1781.299505623638,1.781299505623638,240.91395450549763,0.24091395450549763,0,1,1,3,3,8,8,37,True,False,GW,REPLACEMENT WELL 2.2,LITTLETON,6,LITTLETON WATER DEPARTMENT,2.0,58.0,False,False,,,0.0,10.5,False,True,False,True,0.01403332491618667,5325.0,False,True,False,1
MA2162000,1671.0232947513446,1.6710232947513446,5450.038484596455,5.450038484596456,560.1061408469355,0.5601061408469356,2392.6808775998925,2.3926808775998927,764.2576747391795,0.7642576747391795,1,1,2,11,5,16,12,65,True,False,GW,WF# 5A LANCASTER AVE. (4 GP WELLS),LUNENBURG,8,LUNENBURG WATER DISTRICT,4.0,116.0,True,True,5.1000000000000005,,3.0,13.6,False,True,True,True,1.3492915267144277e-06,5700.0,False,True,False,1
MA2162005,2509.917445718126,2.509917445718126,10025.272578675187,10.025272578675187,2642.6578178636337,2.6426578178636335,2048.434366829245,2.048434366829245,1831.19496505191,1.83119496505191,0,0,1,7,3,33,9,60,False,False,TNC,CHERRY HILL ICE CREAM,LUNENBURG,1,,,,,,,,,,,False,,False,0.0,0.0,False,False,False,0
MA2162008,3771.4610994610816,3.7714610994610815,8552.446034883425,8.552446034883426,3724.3185086762123,3.7243185086762125,2922.1388120649776,2.922138812064978,2869.1072559925474,2.8691072559925472,0,0,0,2,5,27,9,63,False,False,TNC,STILLMAN DAIRY,LUNENBURG,1,,,,,,,,,,,False,,False,0.0,0.0,False,False,False,0
MA2162010,6095.1258537927715,6.095125853792772,14257.870058902441,14.25787005890244,3841.3686993511733,3.841368699351173,2580.4896924569257,2.5804896924569256,1708.1742096577207,1.7081742096577206,0,0,0,6,1,14,8,46,False,False,TNC,SETTLERS CROSSING GOLF COURSE,LUNENBURG,1,,,,,,,,,,,False,,False,0.0,0.0,False,False,False,0
MA2162011,8018.559571032605,8.018559571032606,13793.438083741212,13.793438083741211,3631.081349645436,3.631081349645436,4733.826315584898,4.733826315584898,121.19539867034115,0.12119539867034115,0,3,0,3,1,5,8,26,False,False,NTNC,NORTH END MAZDA AND SUBARU,LUNENBURG,1,,,,,,,,,,,False,,False,0.0,0.0,False,False,False,0
MA2170000,1626.766279932726,1.626766279932726,18385.280830685657,18.385280830685655,2783.4757181421232,2.7834757181421232,1762.1863064529496,1.7621863064529495,982.4278524030865,0.9824278524030865,0,1,1,18,1,29,16,64,False,True,SW,MILLHAM RESERVOIR,MARLBOROUGH,2,MARLBOROUGH DPW  WATER DIV. (MWRA),5.0,116.0,False,False,,,0.0,10.5,False,True,False,True,0.6175275815910513,34932.0,True,True,True,3
MA2174000,566.7742314042595,0.5667742314042594,13550.022293542075,13.550022293542074,1205.00333156118,1.20500333156118,1647.7540482203203,1.6477540482203203,335.10957304459816,0.33510957304459815,0,1,2,5,4,9,12,34,True,False,GW,ROCK WELL 5,MAYNARD,8,"MAYNARD DPW, WATER DIVISION",7.0,174.0,True,True,7.1000000000000005,4.2,5.0,17.8,False,True,True,True,0.10741588923685318,1347.0,True,False,False,1
MA2175000,2314.2228954828984,2.3142228954828985,11500.61502444728,11.50061502444728,1050.1638157594425,1.0501638157594426,1443.3265511733937,1.4433265511733937,488.33405070367445,0.48833405070367447,0,1,3,4,3,6,16,66,True,False,GW,WELL 3R (ELM ST.),MEDFIELD,6,MEDFIELD WATER DEPT.,7.0,174.0,True,True,7.0,6.7,5.0,20.1,True,True,True,False,0.0,0.0,False,False,False,0
MA2177000,826.9092620924716,0.8269092620924716,17436.416758230906,17.436416758230905,607.4631808318053,0.6074631808318053,2389.0774140960266,2.3890774140960267,392.51185339747593,0.3925118533974759,1,1,1,2,5,6,17,59,True,False,GW,OAKLAND STREET GP WELL,MEDWAY,6,MEDWAY WATER DEPARTMENT,4.0,116.0,True,True,7.2,,4.0,15.7,False,True,True,True,7.452610119246936e-06,1413.0,False,False,True,1
MA2179001,3523.0637478527287,3.5230637478527287,28863.43728799909,28.86343728799909,2144.874935820909,2.144874935820909,2840.380537989691,2.840380537989691,3322.003828206831,3.3220038282068307,0,0,1,0,4,5,13,41,True,False,GW,ROCK WELL  1,MENDON,1,,,,,,,,,,,False,,False,0.0,0.0,False,False,False,0
MA2179002,3854.9937033079095,3.8549937033079096,29141.211119849784,29.141211119849785,2387.384386795834,2.387384386795834,3089.3277821116703,3.0893277821116705,3642.464384130402,3.642464384130402,0,0,1,0,4,5,12,38,False,False,NTNC,28 HASTINGS ST CORP,MENDON,3,,,,,,,,,,,False,,False,0.0,0.0,False,False,False,0
MA2179003,4100.253462741623,4.100253462741622,29302.17305527716,29.30217305527716,2544.316416148101,2.5443164161481007,3246.2166683915025,3.2462166683915026,3892.193240947527,3.892193240947527,0,0,1,0,4,5,12,37,False,False,TNC,COUNTRY PLAZA LLC,MENDON,1,,,,,,,,,,,False,,False,0.0,0.0,False,False,False,0
MA2179004,5867.810388249937,5.8678103882499375,27617.755799336137,27.617755799336138,1689.3366478383418,1.6893366478383418,3033.9095974545894,3.0339095974545893,3375.147981172991,3.375147981172991,0,0,2,0,2,2,11,38,False,False,NTNC,MISCOE HILL MIDDLE SCHOOL,MENDON,1,,,,,,,,,,,False,,False,0.0,0.0,False,False,False,0
MA2179005,3766.014640346629,3.7660146403466292,28585.817605429263,28.585817605429263,1829.291758354566,1.8292917583545658,2529.406914099235,2.5294069140992352,3605.31875816642,3.6053187581664203,0,0,2,0,4,6,12,42,False,False,NTNC,HENRY P. CLOUGH SCHOOL,MENDON,1,,,,,,,,,,,False,,False,0.0,0.0,False,False,False,0
MA2179006,5054.154684598825,5.054154684598825,30019.45498872429,30.01945498872429,3309.1374198066815,3.3091374198066816,3996.794532563363,3.996794532563363,4839.482683431494,4.839482683431494,0,0,0,0,3,1,13,36,False,False,TNC,45 AND 49 UXBRIDGE RD,MENDON,1,,,,,,,,,,,False,,False,0.0,0.0,False,False,False,0
MA2179007,4392.15180466434,4.39215180466434,29422.935312603895,29.422935312603894,2674.226112409314,2.674226112409314,3371.4967973304692,3.3714967973304693,4189.706220242324,4.189706220242324,0,0,1,0,4,4,13,37,False,False,TNC,NEW ENGLAND STEAK AND SEAFOOD,MENDON,1,,,,,,,,,,,False,,False,0.0,0.0,False,False,False,0
MA2179008,5306.3691391748525,5.306369139174852,30482.85612519003,30.48285612519003,3751.661370913041,3.751661370913041,4445.08985188226,4.445089851882259,5071.714711785674,5.071714711785674,0,0,0,0,3,0,13,35,False,False,TNC,ALICANTE RESTAURANT AND LOUNGE,MENDON,1,,,,,,,,,,,False,,False,0.0,0.0,False,False,False,0
MA2179009,3746.832132269897,3.746832132269897,28890.308681742372,28.890308681742372,2137.60463578138,2.1376046357813796,2839.3921933879224,2.8393921933879223,3556.359958179383,3.556359958179383,0,0,1,0,4,5,12,41,False,False,NTNC,10 THRU 16 HASTINGS STREET,MENDON,1,,,,,,,,,,,False,,False,0.0,0.0,False,False,False,0
MA2179011,3519.6322204077555,3.5196322204077557,34292.94731469109,34.29294731469109,2369.794761018787,2.3697947610187873,4339.901380972303,4.339901380972303,3852.1393475217187,3.8521393475217187,0,0,1,0,2,2,11,12,False,False,NTNC,SOUTHWICKS ZOO,MENDON,1,,,,,,,,,,,False,,False,0.0,0.0,False,False,False,0
MA2179013,5943.898359054947,5.943898359054947,31022.734264343053,31.022734264343054,4335.462360572277,4.3354623605722775,4674.911815925661,4.674911815925661,4649.534511287982,4.649534511287983,0,0,0,0,2,1,12,35,False,False,TNC,GEORGES SURF AND TURF,MENDON,1,,,,,,,,,,,False,,False,0.0,0.0,False,False,False,0
MA2179014,5430.393904729891,5.430393904729891,30695.219684942414,30.695219684942415,3956.9164058271836,3.9569164058271835,4652.250279571108,4.652250279571108,5097.412556526762,5.097412556526762,0,0,0,0,3,0,13,35,False,False,TNC,GRAND VIEW,MENDON,1,,,,,,,,,,,False,,False,0.0,0.0,False,False,False,0
MA2179016,4270.7526682314365,4.270752668231436,29418.328917390943,29.418328917390944,2661.113084354452,2.661113084354452,3361.736568257664,3.361736568257664,4062.211987674352,4.062211987674352,0,0,1,0,4,4,13,38,False,False,NTNC,IMPERIAL AUTO,MENDON,1,,,,,,,,,,,False,,False,0.0,0.0,False,False,False,0
MA2179018,3479.2264024259102,3.47922640242591,28750.592211763487,28.750592211763486,2027.430514088981,2.027430514088981,2723.5887172101393,2.723588717210139,3286.9530823366213,3.286953082336621,0,0,1,0,4,6,12,42,False,False,TNC,MENDON VILLAGE,MENDON,1,,,,,,,,,,,False,,False,0.0,0.0,False,False,False,0
MA2179021,4190.972301477932,4.190972301477932,29415.397827993802,29.4153978279938,2657.2788898109825,2.6572788898109825,3359.053382121623,3.359053382121623,3978.2460178704296,3.9782460178704295,0,0,1,0,4,4,13,38,False,False,TNC,DUNKIN DONUTS MENDON,MENDON,1,,,,,,,,,,,False,,False,0.0,0.0,False,False,False,0
MA2179022,4305.5866186008025,4.3055866186008025,29601.05555914427,29.60105555914427,2843.1754045861526,2.8431754045861526,3545.0517194248655,3.5450517194248654,4083.694338169959,4.083694338169959,0,0,1,0,4,4,13,38,False,False,NTNC,IMPERIAL PLAZA,MENDON,1,,,,,,,,,,,False,,False,0.0,0.0,False,False,False,0
MA2179023,3169.9036014041685,3.1699036014041684,27982.064422160674,27.982064422160676,1249.4729792477935,1.2494729792477934,1945.4210017786631,1.945421001778663,2984.831942502404,2.9848319425024044,0,0,2,1,4,9,13,45,False,False,TNC,MENDON TWIN DRIVE IN,MENDON,1,,,,,,,,,,,False,,False,0.0,0.0,False,False,False,0
MA2179024,3163.7639059378803,3.16376390593788,27816.27815162447,27.81627815162447,1073.738096928457,1.0737380969284571,1772.1036732548573,1.7721036732548574,2903.3757062299205,2.9033757062299204,0,0,2,2,4,9,11,45,False,False,TNC,END ZONE SPORTS PUB,MENDON,1,,,,,,,,,,,False,,False,0.0,0.0,False,False,False,0
MA2179025,5729.789911102958,5.729789911102959,30774.034069905265,30.774034069905266,4083.845550221612,4.083845550221612,4768.861483152492,4.768861483152492,4898.082213041839,4.898082213041839,0,0,0,0,2,1,12,36,False,False,TNC,HIDE A WAY PIZZA,MENDON,1,,,,,,,,,,,False,,False,0.0,0.0,False,False,False,0
MA2179026,4082.3311296116317,4.082331129611632,29213.229589118644,29.213229589118644,2454.9873896249014,2.4549873896249013,3156.476717674107,3.156476717674107,3881.0546330789,3.8810546330789,0,0,1,0,4,5,12,37,False,False,TNC,BARRYS PLACE,MENDON,1,,,,,,,,,,,False,,False,0.0,0.0,False,False,False,0
MA2179027,3365.0591677445977,3.365059167744598,28603.740055842998,28.603740055842998,1889.3159261664232,1.8893159261664232,2583.0426261788157,2.5830426261788157,3181.193103086352,3.181193103086352,0,0,1,0,4,6,12,43,False,False,NTNC,MENDON TOWN HALL CAMPUS,MENDON,1,,,,,,,,,,,False,,False,0.0,0.0,False,False,False,0
MA2179028,2630.3628649691377,2.6303628649691375,28871.433995095013,28.871433995095014,1971.25891117271,1.97125891117271,3287.6936121945105,3.2876936121945106,2355.0672597670687,2.3550672597670688,0,0,2,2,4,8,13,43,False,False,TNC,MENDON SENIOR CENTER,MENDON,1,,,,,,,,,,,False,,False,0.0,0.0,False,False,False,0
MA2179029,4510.236802353054,4.510236802353054,29840.030863398137,29.840030863398137,3081.778110566957,3.081778110566957,3783.3292279505504,3.78332922795055,4280.511010514648,4.2805110105146476,0,0,0,0,3,4,13,37,False,False,TNC,MENDON MEMORIAL FIELD,MENDON,1,,,,,,,,,,,False,,False,0.0,0.0,False,False,False,0
MA2179031,3871.477992493277,3.871477992493277,28338.999279816682,28.338999279816683,1616.561648522863,1.6165616485228629,2302.136816575161,2.302136816575161,3356.820991432218,3.356820991432218,0,0,2,0,4,6,11,43,False,False,TNC,TAFT PUBLIC LIBRARY,MENDON,1,,,,,,,,,,,False,,False,0.0,0.0,False,False,False,0
MA2185000,2092.052834645422,2.092052834645422,18956.06792902326,18.95606792902326,487.1705819205088,0.4871705819205088,552.7888282807079,0.5527888282807079,316.34812136580257,0.3163481213658026,1,3,3,21,5,28,12,48,True,False,GW,CEDAR SWAMP GDW,MILFORD,13,MILFORD WATER COMPANY,7.0,149.0,True,True,7.1000000000000005,6.6,5.0,20.2,True,True,True,True,0.5860836721607151,23109.0,True,True,True,3
MA2186000,644.5359815466932,0.6445359815466931,35022.74441357997,35.022744413579964,1424.073568365773,1.424073568365773,504.2795582015876,0.5042795582015875,389.59425485108346,0.38959425485108345,0,2,2,15,6,30,16,106,True,False,GW,OAK POND WELL,MILLBURY,4,"AQUARION WATER COMPANY, MILLBURY",11.0,290.0,True,True,15.8,6.2,7.0,32.8,True,True,True,True,0.08302638778979203,8815.0,True,True,False,3
MA2186003,2032.388462927795,2.032388462927795,36991.95992724811,36.991959927248104,1698.3124599347896,1.6983124599347896,1541.4304730840681,1.5414304730840682,994.2237935821572,0.9942237935821572,0,1,3,15,3,31,15,105,False,False,TNC,CLEARVIEW COUNTRY CLUB,MILLBURY,1,,,,,,,,,,,False,,False,0.0,0.0,False,False,False,0
MA2186005,2306.4497227779366,2.306449722777937,39179.89081760307,39.17989081760307,2323.703325363143,2.323703325363143,2987.5442430272556,2.9875442430272554,1401.7070204286508,1.4017070204286508,0,0,1,12,3,30,12,91,False,False,NTNC,ONE SCHOOL GLOBAL,MILLBURY,1,,,,,,,,,,,False,,False,0.0,0.0,False,False,False,0
MA2187000,522.9745427311623,0.5229745427311623,13453.073672265858,13.453073672265859,615.9298710146476,0.6159298710146476,1494.3430567982164,1.4943430567982163,5.416110682383709,0.0054161106823837095,2,1,3,4,5,7,15,37,True,False,GW,WELL 1,MILLIS,6,MILLIS WATER DEPT,9.0,232.0,True,True,6.9,7.3,5.0,20.7,True,True,True,True,0.22608445924842485,1413.0,False,False,True,1
MA2187002,2282.2379692656227,2.2822379692656227,16114.63716497589,16.11463716497589,1347.6942581226626,1.3476942581226625,1062.539638919227,1.062539638919227,789.9941733935935,0.7899941733935936,0,2,2,4,5,6,14,25,True,False,GW,GP WELL # 2,MILLIS,1,,,,,,,,,,,False,,False,0.0,0.0,False,False,False,0
MA2188004,3178.835802843667,3.178835802843667,36427.59586561044,36.42759586561044,1746.7997942117524,1.7467997942117524,4745.683751401266,4.745683751401266,3140.9522858836563,3.1409522858836563,0,0,2,0,2,1,6,7,False,False,NTNC,MILLVILLE ELEMENTARY SCHOOL,MILLVILLE,1,,,,,,,,,,,False,,False,0.0,0.0,False,False,False,0
MA2188005,3340.4162394332902,3.3404162394332904,37060.1847746976,37.060184774697596,1313.406382130172,1.313406382130172,4699.853622323833,4.699853622323833,3196.354384491132,3.1963543844911317,0,0,2,0,2,1,6,6,False,False,TNC,SAINT AUGUSTINES PARISH,MILLVILLE,1,,,,,,,,,,,False,,False,0.0,0.0,False,False,False,0
MA2188006,3292.011650981466,3.292011650981466,37467.89517981225,37.46789517981225,1397.1980315165486,1.3971980315165486,4917.159371516737,4.917159371516737,3090.3103138047786,3.0903103138047787,0,0,2,0,2,1,6,6,False,False,TNC,GEORGES VARIETY,MILLVILLE,1,,,,,,,,,,,False,,False,0.0,0.0,False,False,False,0
MA2188007,3472.201078363187,3.472201078363187,37218.00803199775,37.21800803199775,1167.2852030978138,1.1672852030978138,4638.750597648766,4.638750597648767,3302.5628022684086,3.3025628022684086,0,0,2,0,2,1,6,6,False,False,TNC,POT BELLY PUB,MILLVILLE,2,,,,,,,,,,,False,,False,0.0,0.0,False,False,False,0
MA2188008,3013.4035957582637,3.013403595758264,37549.751454501544,37.549751454501546,1687.6370966523298,1.6876370966523297,5198.054557063902,5.1980545570639025,2802.616766750772,2.802616766750772,0,0,2,1,2,1,6,6,False,False,TNC,POLISH AMERICAN CITIZENS CLUB,MILLVILLE,1,,,,,,,,,,,False,,False,0.0,0.0,False,False,False,0
MA2202001,5069.443353392682,5.069443353392682,34236.955923330264,34.236955923330264,604.92618486573,0.6049261848657299,872.1729716311362,0.8721729716311362,7422.342839905133,7.4223428399051325,1,0,3,0,3,0,10,2,False,False,NTNC,MASSACHUSETTS STATE POLICE ACADEMY,NEW BRAINTREE,2,,,,,,,,,,,False,,False,0.0,0.0,False,False,False,0
MA2202003,3659.9230200324073,3.6599230200324073,40907.69495265757,40.90769495265757,2561.1009836918074,2.5611009836918073,6117.567383880607,6.117567383880607,6250.6007698780395,6.25060076987804,0,0,1,0,1,0,10,2,False,False,TNC,CAMP PUTNAM,NEW BRAINTREE,1,,,,,,,,,,,False,,False,0.0,0.0,False,False,False,0
MA2202005,128.15823061846916,0.12815823061846915,37892.62251313028,37.89262251313028,5479.484332730951,5.479484332730951,1197.0487227601502,1.1970487227601503,10281.95895948069,10.28195895948069,0,0,0,0,0,0,9,0,False,False,TNC,BERRI HILLER AIRPORT INACT,NEW BRAINTREE,1,,,,,,,,,,,False,,False,0.0,0.0,False,False,False,0
MA2208000,1270.874434403111,1.270874434403111,19880.471039094882,19.880471039094882,676.5270870748985,0.6765270870748985,1180.710154850837,1.180710154850837,1536.6601076564991,1.5366601076564992,2,0,3,3,6,7,16,49,True,False,GW,HOLBROOK STREET WELLFIELD,NORFOLK,5,NORFOLK WATER DIVISION,8.0,232.0,True,True,7.0,4.5,5.0,18.0,False,True,True,True,5.2300458290371734e-05,1484.0,False,True,False,1
MA2208001,4271.790159897069,4.271790159897069,22584.354453972857,22.584354453972857,1975.8281414299934,1.9758281414299934,569.9420802523641,0.5699420802523641,2040.2797629366473,2.040279762936647,0,0,5,3,8,13,17,44,True,False,GW,GP WELL STATION 4     (INACTIVE STATUS ),NORFOLK,4,MCI NORFOLK/CEDAR JUNCTION/WALPOLE,2.0,58.0,False,False,,,0.0,10.5,False,True,False,True,0.1948736879131594,1484.0,False,True,False,1
MA2212000,6628.852900814749,6.628852900814749,39500.71345438764,39.500713454387636,1017.7165365550844,1.0177165365550844,2138.8262588750827,2.1388262588750826,2076.607403895478,2.076607403895478,0,0,1,1,3,1,11,7,False,False,ESW,HORSE (NORTH) POND,NORTH BROOKFIELD,2,NORTH BROOKFIELD WATER DEPARTMENT,5.0,116.0,False,False,,,0.0,10.5,False,True,False,True,0.10491894658372221,785.0,True,False,False,1
MA2212002,5258.011386382322,5.2580113863823215,38338.29359661305,38.338293596613056,2625.9349489973347,2.6259349489973345,3468.0142143765656,3.4680142143765655,3439.422288980368,3.439422288980368,0,0,1,0,3,1,10,5,False,False,TNC,CHURCH OF LATTER DAY SAINTS,NORTH BROOKFIELD,1,,,,,,,,,,,False,,False,0.0,0.0,False,False,False,0
MA2215000,3345.567882345083,3.345567882345083,21982.10424502271,21.98210424502271,2263.6802600005417,2.263680260000542,1122.7386104463565,1.1227386104463564,407.0443806934549,0.4070443806934549,0,1,1,10,4,33,17,83,True,True,GW,HOWARD ST. #1,NORTHBOROUGH,6,NORTHBOROUGH WATER DEPARTMENT (MWRA),6.0,116.0,False,False,,,0.0,10.5,False,True,False,True,5.3760856149576226e-08,4647.0,False,True,False,1
MA2215003,5634.866472826633,5.634866472826633,24698.178159170948,24.698178159170947,3560.1520026815797,3.56015200268158,3487.0881345344737,3.4870881345344737,3960.132330892611,3.9601323308926113,0,0,0,0,2,5,14,77,False,True,TNC,DOE REY ME PRESCHOOL,NORTHBOROUGH,1,,,,,,,,,,,False,,False,0.0,0.0,False,False,False,0
MA2215004,3873.167921667793,3.8731679216677932,22407.969061738506,22.407969061738505,2067.2960163894104,2.0672960163894105,4791.569870138524,4.791569870138524,3935.0647596624976,3.9350647596624975,0,0,1,0,2,4,9,67,False,True,TNC,TOUGAS FARM (BALL HILL REALTY),NORTHBOROUGH,2,,,,,,,,,,,False,,False,0.0,0.0,False,False,False,0
MA2216000,2355.855103258384,2.355855103258384,35771.55847541325,35.77155847541325,2979.990841102919,2.9799908411029192,2588.8286040032162,2.5888286040032162,1167.9451094827855,1.1679451094827855,0,0,1,2,4,3,11,11,True,False,GW,MEADOW POND GRAVEL PACKED WELL,NORTHBRIDGE,3,WHITINSVILLE WATER COMPANY,8.0,232.0,False,False,,,0.0,10.5,False,True,False,False,0.0,0.0,False,False,False,0
MA2216007,3128.8573448529874,3.1288573448529875,35985.032696947346,35.98503269694734,2273.118481705315,2.273118481705315,3684.9428601679,3.6849428601679,1832.8554787581697,1.8328554787581697,0,0,1,1,2,2,11,11,False,False,TNC,"WEST END CREAMERY, INC.",NORTHBRIDGE,1,,,,,,,,,,,False,,False,0.0,0.0,False,False,False,0
MA2216008,8257.971768340134,8.257971768340134,31392.876559968336,31.392876559968336,598.8289140000163,0.5988289140000164,1546.2313094519902,1.5462313094519902,547.3503931027525,0.5473503931027525,1,1,2,2,4,2,12,7,False,False,PW,PROPOSED RWC-2,NORTHBRIDGE,2,,,,,,,,,,,False,,False,0.0,0.0,False,False,False,0
MA2222001,4813.440770257276,4.813440770257277,41214.10620842559,41.21410620842559,4045.487555178351,4.045487555178351,6794.624115275758,6.7946241152757585,7399.991804708295,7.399991804708295,0,0,0,0,2,0,8,2,False,False,NTNC,OAKHAM ELEMENTARY SCHOOL,OAKHAM,1,,,,,,,,,,,False,,False,0.0,0.0,False,False,False,0
MA2222002,6509.972552194067,6.509972552194068,40080.47978790336,40.08047978790336,3037.2644927974557,3.0372644927974557,6932.2034731832255,6.932203473183225,5062.146116111635,5.062146116111635,0,0,0,0,1,0,7,4,False,False,TNC,PINE ACRES FAMILY CAMPING RESORT,OAKHAM,2,,,,,,,,,,,False,,False,0.0,0.0,False,False,False,0
MA2222003,6135.333225097053,6.135333225097053,40130.05339968263,40.13005339968263,3240.0745521128997,3.2400745521128997,7032.173580134741,7.032173580134741,5586.051070878011,5.586051070878011,0,0,0,0,1,0,7,3,False,False,TNC,LAKE DEAN CAMPGROUND,OAKHAM,3,,,,,,,,,,,False,,False,0.0,0.0,False,False,False,0
MA2222004,4354.719365229095,4.354719365229095,41545.65630596556,41.54565630596556,2464.581975593784,2.4645819755937843,5177.132116734966,5.177132116734966,8722.469544850319,8.72246954485032,0,0,1,0,2,0,6,2,False,False,NTNC,OAKHAM COUNTRY DAY SCHOOL,OAKHAM,1,,,,,,,,,,,False,,False,0.0,0.0,False,False,False,0
MA2222009,3705.2734598688944,3.7052734598688946,39441.46320861385,39.441463208613854,3189.4112741048566,3.189411274104857,7032.872343973004,7.032872343973004,3558.9396946085635,3.5589396946085636,0,0,0,0,2,1,9,7,False,False,TNC,TREASURE VALLEY SCOUT RESERVATION,OAKHAM,4,,,,,,,,,,,False,,False,0.0,0.0,False,False,False,0
MA2222200,5168.027226030558,5.168027226030558,41031.05374212992,41.03105374212992,3735.898970521049,3.7358989705210486,7386.370183336551,7.386370183336552,6894.441919550956,6.894441919550956,0,0,0,0,2,0,7,3,False,False,TNC,OAKHAM TOWN HALL,OAKHAM,1,,,,,,,,,,,False,,False,0.0,0.0,False,False,False,0
MA2226000,5241.920779532757,5.241920779532757,46913.74995926772,46.91374995926772,2790.0917380692686,2.7900917380692687,1827.4981452313123,1.8274981452313122,1308.0839496374774,1.3080839496374774,0,0,1,4,3,11,9,31,True,False,GW,"GP WELL 2, N. MAIN STREET",OXFORD,4,AQUARION WATER COMPANY OXFORD,7.0,174.0,True,False,,,1.0,10.5,False,True,True,True,0.11153263924437196,1142.0,True,False,False,1
MA2226001,9455.318902613284,9.455318902613284,46222.22296558597,46.22222296558597,3116.4670808588307,3.116467080858831,445.7934727517619,0.4457934727517619,1721.4479126948147,1.7214479126948148,0,0,0,7,2,11,9,43,False,False,TNC,RICHARDS INN,OXFORD,1,,,,,,,,,,,False,,False,0.0,0.0,False,False,False,0
MA2226003,8350.618442785468,8.350618442785468,48566.122657447726,48.56612265744773,1738.5847441199212,1.7385847441199211,1290.5083780387824,1.2905083780387825,632.5865237814345,0.6325865237814345,0,1,1,2,2,14,8,30,False,False,TNC,CLARA BARTON DIABETES CENTER,OXFORD,4,,,,,,,,,,,False,,False,0.0,0.0,False,False,False,0
MA2226004,9651.15657056467,9.65115657056467,46904.65002382238,46.904650023822384,3387.0202687401843,3.3870202687401845,1428.7438754009256,1.4287438754009256,1421.6931859735528,1.4216931859735529,0,0,0,8,4,14,8,43,False,False,TNC,D  W DIESEL AND FUEL,OXFORD,2,,,,,,,,,,,False,,False,0.0,0.0,False,False,False,0
MA2226007,7011.757117245993,7.011757117245993,49598.79917418165,49.59879917418165,4872.880398989991,4.872880398989991,4032.7585806032885,4.032758580603288,681.7839403327453,0.6817839403327453,0,1,0,4,1,6,8,30,True,False,GW,ROCK WELL #1,OXFORD,2,,,,,,,,,,,False,,False,0.0,0.0,False,False,False,0
MA2226008,5769.855642807812,5.769855642807812,50931.84541522393,50.931845415223925,5071.425968053841,5.071425968053841,3686.857256431379,3.686857256431379,774.1711464556507,0.7741711464556508,0,1,0,2,0,5,8,32,True,False,GW,ROCK WELL  2,OXFORD,2,,,,,,,,,,,False,,False,0.0,0.0,False,False,False,0
MA2226009,6909.733196874032,6.909733196874032,49731.211218189084,49.73121121818908,4910.733803034872,4.910733803034872,4025.1881499160854,4.025188149916086,618.4097692854331,0.6184097692854331,0,1,0,4,1,6,8,28,True,False,GW,ROCK WELL,OXFORD,1,,,,,,,,,,,False,,False,0.0,0.0,False,False,False,0
MA2226011,9424.979802317926,9.424979802317926,46380.262101198496,46.3802621011985,3490.712148406845,3.490712148406845,401.49053072423465,0.40149053072423463,1865.2702190964583,1.8652702190964583,0,0,0,2,2,9,9,41,True,False,GW,WELL NO. 3,OXFORD,2,,,,,,,,,,,False,,False,0.0,0.0,False,False,False,0
MA2226012,6106.335220367729,6.106335220367729,50470.18964462615,50.47018964462615,4530.242904224465,4.5302429042244645,4217.815497138721,4.217815497138721,815.370273907925,0.815370273907925,0,1,0,3,1,6,8,31,False,False,NTNC,"AMERICAN POLYMERS, INC.",OXFORD,1,,,,,,,,,,,False,,False,0.0,0.0,False,False,False,0
MA2226013,4684.547190592459,4.6845471905924585,49369.06948674809,49.369069486748096,1715.7106687995765,1.7157106687995765,1911.5555453437864,1.9115555453437865,1788.0510884467217,1.7880510884467218,0,0,1,2,1,11,6,18,False,False,NTNC,19 INDUSTRIAL PARK ROAD,OXFORD,1,,,,,,,,,,,False,,False,0.0,0.0,False,False,False,0
MA2226016,9102.589507487879,9.10258950748788,47091.26653541988,47.091266535419884,3365.515410869879,3.365515410869879,3495.5481057369816,3.4955481057369817,317.91052952917386,0.31791052952917387,0,1,0,3,2,5,8,33,False,False,NTNC,CHASE CORPORATION,OXFORD,1,,,,,,,,,,,False,,False,0.0,0.0,False,False,False,0
MA2228000,5636.73002880124,5.6367300288012405,34660.526646755316,34.660526646755315,3036.3369753817906,3.0363369753817904,5842.686722622587,5.842686722622587,4945.032323400878,4.945032323400878,0,0,0,0,1,1,5,25,False,False,ESW,ASNEBUMSKIT POND,PAXTON,1,PAXTON WATER DEPARTMENT,5.0,116.0,True,False,,,3.0,10.5,False,True,True,True,1.965830725935238e-05,4018.0,True,True,False,2
MA2228001,3902.009822566374,3.902009822566374,33153.95806465579,33.15395806465579,5045.122566556018,5.045122566556018,3663.475814087992,3.663475814087992,2004.833829649452,2.004833829649452,0,0,0,8,0,24,9,84,False,True,TNC,JEWISH COMMMUNITY CENTER CAMP,PAXTON,1,,,,,,,,,,,False,,False,0.0,0.0,False,False,False,0
MA2228005,2622.2704029939196,2.6222704029939194,38180.92632597462,38.180926325974625,1294.8544133131404,1.2948544133131403,7175.321805293981,7.175321805293981,3451.1413522336834,3.4511413522336833,0,0,1,0,1,1,5,14,False,False,TNC,DCR MOORE STATE PARK,PAXTON,1,,,,,,,,,,,False,,False,0.0,0.0,False,False,False,0
MA2232000,941.8822688465359,0.9418822688465359,13778.634452633472,13.778634452633472,1000.1789413205328,1.0001789413205329,1825.8196929974767,1.8258196929974768,7086.68478579719,7.08668478579719,0,0,2,0,3,0,7,4,True,False,GW,BEMIS ROAD GP WELL 1,PEPPERELL,5,PEPPERELL DPW WATER DIVISION,5.0,145.0,True,True,11.4,10.0,2.0,27.9,True,True,True,True,0.04102098881417499,767.0,True,False,False,1
MA2235001,4475.7714709870415,4.475771470987041,45417.295214305,45.417295214305,3320.7187832871778,3.3207187832871776,5844.686535853431,5.844686535853431,6320.749203929323,6.3207492039293225,0,0,0,0,1,0,7,4,False,False,TNC,FOX RUN RESTAURANT,PHILLIPSTON,1,,,,,,,,,,,False,,False,0.0,0.0,False,False,False,0
MA2235002,7354.964256637293,7.3549642566372935,42791.90855469903,42.791908554699035,578.424112123982,0.578424112123982,6839.195134195076,6.8391951341950765,7560.2559009613,7.5602559009613,1,0,1,0,2,0,7,7,False,False,NTNC,PHILLIPSTON MEMORIAL BUILDING,PHILLIPSTON,1,,,,,,,,,,,False,,False,0.0,0.0,False,False,False,0
MA2235003,5801.876362765451,5.801876362765451,43615.75410115381,43.61575410115381,3908.7423347093118,3.908742334709312,4019.409419492528,4.019409419492527,7120.0956225418395,7.1200956225418395,0,0,0,0,3,0,8,6,False,False,TNC,WOODLAND CAMPGROUND,PHILLIPSTON,1,,,,,,,,,,,False,,False,0.0,0.0,False,False,False,0
MA2235004,6518.2322055274835,6.518232205527483,42758.22769768941,42.758227697689414,2166.666444216069,2.166666444216069,5627.789640594692,5.627789640594692,7113.183648003367,7.113183648003367,0,0,1,0,2,0,9,7,False,False,TNC,KING PHILLIP RESTAURANT,PHILLIPSTON,1,,,,,,,,,,,False,,False,0.0,0.0,False,False,False,0
MA2235006,6305.559129599377,6.305559129599377,42871.49206910413,42.871492069104136,3074.503062940225,3.074503062940225,5451.608561766143,5.451608561766143,6841.013801969912,6.841013801969911,0,0,0,0,2,0,8,7,False,False,TNC,LAMB CITY CAMPGROUND,PHILLIPSTON,1,,,,,,,,,,,False,,False,0.0,0.0,False,False,False,0
MA2235008,4248.725393584347,4.248725393584348,45054.93364328864,45.05493364328864,3618.3560950637916,3.6183560950637914,5625.872872266356,5.625872872266356,6016.7222903983775,6.016722290398378,0,0,0,0,1,0,7,5,False,False,TNC,WOODSIDE VARIETY,PHILLIPSTON,1,,,,,,,,,,,False,,False,0.0,0.0,False,False,False,0
MA2235009,5141.969049896364,5.141969049896364,44038.50337652082,44.03850337652082,3879.977604585178,3.879977604585178,5254.95115568099,5.25495115568099,6721.994648128223,6.721994648128224,0,0,0,0,2,0,6,5,False,False,TNC,"RED APPLE FARM, LLC",PHILLIPSTON,1,,,,,,,,,,,False,,False,0.0,0.0,False,False,False,0
MA2241002,1756.3224964618662,1.7563224964618662,22890.234729910666,22.890234729910667,4552.186221278742,4.552186221278742,4509.385819719238,4.509385819719237,4692.6549738917065,4.692654973891707,0,0,0,0,3,1,7,12,False,False,NTNC,WACHUSETT MOUNTAIN SKI AREA,PRINCETON,2,,,,,,,,,,,False,,False,0.0,0.0,False,False,False,0
MA2241003,4437.070832012922,4.437070832012923,21931.50053932087,21.93150053932087,3954.72987479018,3.9547298747901802,10230.290270810297,10.230290270810297,6036.231900585021,6.036231900585022,0,0,0,0,1,0,4,6,False,False,NTNC,THOMAS PRINCE SCHOOL,PRINCETON,1,,,,,,,,,,,False,,False,0.0,0.0,False,False,False,0
MA2241005,5974.4854296228605,5.97448542962286,20393.502767411937,20.39350276741194,336.99956893243166,0.33699956893243166,8392.440465791047,8.392440465791047,6300.0389551292365,6.300038955129237,1,0,1,0,1,0,6,28,False,False,TNC,CAPTAIN BOBS RESTAURANT,PRINCETON,1,,,,,,,,,,,False,,False,0.0,0.0,False,False,False,0
MA2241006,6415.498558196224,6.415498558196224,24009.841750239262,24.00984175023926,4234.832886792927,4.234832886792927,9980.67878063281,9.980678780632811,9055.314334332621,9.055314334332621,0,0,0,0,1,0,5,4,False,False,TNC,FIRST CONGREGATION CHURCH OF PRINCETON,PRINCETON,1,,,,,,,,,,,False,,False,0.0,0.0,False,False,False,0
MA2241007,6562.810674239882,6.562810674239882,24016.49356196395,24.01649356196395,4292.346771213064,4.292346771213064,9906.684720929485,9.906684720929485,8961.084558016775,8.961084558016776,0,0,0,0,1,0,4,4,False,False,TNC,VILLAGE STORE AT GREGORY HILL,PRINCETON,1,,,,,,,,,,,False,,False,0.0,0.0,False,False,False,0
MA2241008,4375.1415769808145,4.375141576980814,23763.57134233689,23.763571342336892,3705.588617632686,3.705588617632686,8399.875698053578,8.399875698053577,7897.30076379361,7.89730076379361,0,0,0,0,2,0,6,5,False,False,TNC,FERNSIDE VACATION HOUSE S WALKER,PRINCETON,1,,,,,,,,,,,False,,False,0.0,0.0,False,False,False,0
MA2241010,2770.351172167047,2.770351172167047,22616.048279770606,22.616048279770606,3495.872916463399,3.4958729164633993,5976.111129722643,5.976111129722644,5460.94907212324,5.460949072123239,0,0,0,0,1,0,6,10,False,False,TNC,DCR WACHUSETT MT STATE RESERVATION,PRINCETON,2,,,,,,,,,,,False,,False,0.0,0.0,False,False,False,0
MA2241011,2448.9377369133977,2.448937736913398,25062.59064814877,25.06259064814877,4139.016302017338,4.139016302017338,6993.823895454567,6.993823895454566,7421.1875562449495,7.421187556244949,0,0,0,0,1,0,7,10,False,False,TNC,HARRINGTON FARM,PRINCETON,1,,,,,,,,,,,False,,False,0.0,0.0,False,False,False,0
MA2241012,7062.754313795154,7.062754313795154,25363.966875688617,25.363966875688618,6018.893562026146,6.018893562026147,7911.129451276656,7.911129451276656,7071.7810081539055,7.071781008153906,0,0,0,0,0,0,5,7,False,False,TNC,MOUNTAIN BARN RESTAURANT,PRINCETON,1,,,,,,,,,,,False,,False,0.0,0.0,False,False,False,0
MA2241013,6193.130514151885,6.1931305141518855,20264.92831953202,20.26492831953202,206.49898599455187,0.20649898599455188,8585.28226581205,8.58528226581205,6426.591871759774,6.426591871759774,1,0,1,0,1,0,6,28,False,False,TNC,MECHANICS HALL,PRINCETON,1,,,,,,,,,,,False,,False,0.0,0.0,False,False,False,0
MA2241015,6987.420875183585,6.987420875183585,25553.277125333214,25.553277125333214,6382.128958771188,6.3821289587711885,7642.680032840455,7.642680032840455,6615.842901781918,6.615842901781918,0,0,0,0,0,0,5,9,False,False,NTNC,POST OFFICE PLACE,PRINCETON,1,,,,,,,,,,,False,,False,0.0,0.0,False,False,False,0
MA2241016,6252.758716955091,6.252758716955091,24295.99249443044,24.29599249443044,4451.450742464977,4.451450742464977,9817.373334620228,9.817373334620228,9386.689633110556,9.386689633110556,0,0,0,0,2,0,5,4,False,False,TNC,PRINCETON STORE AND HOUSE OF PIZZA,PRINCETON,1,,,,,,,,,,,False,,False,0.0,0.0,False,False,False,0
MA2241017,6408.516207602835,6.408516207602835,24110.81988736405,24.110819887364052,4326.45315841834,4.32645315841834,9896.957759270053,9.896957759270054,9137.355312733343,9.137355312733343,0,0,0,0,1,0,5,4,False,False,TNC,PRINCETON TOWN CAMPUS,PRINCETON,1,,,,,,,,,,,False,,False,0.0,0.0,False,False,False,0
MA2241018,6125.801748961514,6.125801748961514,20201.018606068374,20.201018606068374,132.66356531857093,0.13266356531857093,8552.186955290921,8.55218695529092,6366.559769175882,6.366559769175882,1,0,1,0,1,0,6,28,False,False,TNC,KWIK STOP/TOWN LINE GARAGE,PRINCETON,1,,,,,,,,,,,False,,False,0.0,0.0,False,False,False,0
MA2257000,8790.404686211758,8.790404686211758,31015.188950997428,31.015188950997427,2777.9124786441985,2.7779124786441987,2202.3063866005714,2.202306386600571,2529.800096984345,2.5298000969843453,0,0,1,2,1,2,5,7,False,False,SW,MUSCHOPAUGE POND,RUTLAND,1,RUTLAND WATER DEPARTMENT,9.0,232.0,False,False,,,0.0,10.5,False,True,False,False,0.0,0.0,False,False,False,0
MA2257002,8656.720609349031,8.656720609349032,31266.6959371079,31.2666959371079,2777.698274501137,2.777698274501137,6671.914972124282,6.671914972124282,5518.762301568104,5.5187623015681035,0,0,1,0,2,0,6,3,False,False,TNC,POUT AND TROUT CAMPGROUND,RUTLAND,2,,,,,,,,,,,False,,False,0.0,0.0,False,False,False,0
MA2257003,5723.655178580665,5.723655178580665,35265.78099607507,35.265780996075065,2269.5879844912747,2.2695879844912747,4313.64353083364,4.31364353083364,1452.489454191496,1.4524894541914959,0,0,1,1,2,3,5,8,True,False,GW,DRILLED WELL,RUTLAND,1,,,,,,,,,,,False,,False,0.0,0.0,False,False,False,0
MA2257004,8131.384066152711,8.13138406615271,36714.913741729244,36.71491374172924,1674.1076240000557,1.6741076240000556,3942.9440487876896,3.9429440487876897,3371.3295730242053,3.371329573024205,0,0,1,0,2,2,6,3,False,False,TNC,DCR RUTLAND STATE PARK,RUTLAND,2,,,,,,,,,,,False,,False,0.0,0.0,False,False,False,0
MA2257005,7860.688935302194,7.8606889353021945,35553.034971912144,35.55303497191215,2204.112032600948,2.204112032600948,2485.9459425457244,2.485945942545724,2001.2236869071512,2.001223686907151,0,0,1,2,2,2,5,5,False,False,TNC,RUTLAND SPORTSMANS CLUB,RUTLAND,1,,,,,,,,,,,False,,False,0.0,0.0,False,False,False,0
MA2257006,4876.387607945099,4.876387607945099,37026.17792868841,37.02617792868841,2308.36759172226,2.30836759172226,5005.251389337498,5.005251389337498,1267.0914856068869,1.267091485606887,0,0,1,1,2,2,5,6,False,False,TNC,BRISCHS,RUTLAND,1,,,,,,,,,,,False,,False,0.0,0.0,False,False,False,0
MA2257007,6846.142068562685,6.846142068562686,37218.95616997718,37.21895616997718,3850.8351581965203,3.8508351581965203,4176.100514089108,4.176100514089108,2152.1851630553883,2.1521851630553885,0,0,0,1,3,2,5,3,False,False,TNC,STILL FOUR CORNERS RESTAURANT,RUTLAND,1,,,,,,,,,,,False,,False,0.0,0.0,False,False,False,0
MA2257008,6840.671950271557,6.840671950271557,37122.724323326336,37.12272432332634,3776.2903002351704,3.7762903002351704,4091.9236071524847,4.091923607152484,2057.938502164073,2.057938502164073,0,0,0,1,3,2,5,3,False,False,TNC,COLONIAL CONVENIENCE STORE,RUTLAND,1,,,,,,,,,,,False,,False,0.0,0.0,False,False,False,0
MA2257009,9835.661176573994,9.835661176573995,32363.538923853805,32.3635389238538,3920.726406105727,3.920726406105727,6223.798947139513,6.223798947139513,5981.56653718799,5.98156653718799,0,0,0,0,3,0,7,4,False,False,TNC,VASUCON,RUTLAND,1,,,,,,,,,,,False,,False,0.0,0.0,False,False,False,0
MA2257010,8347.611745208891,8.34761174520889,28847.650222709115,28.847650222709117,4777.224872204985,4.777224872204985,4319.466143607464,4.319466143607464,4025.827837965138,4.025827837965138,0,0,0,0,1,2,5,7,False,False,NTNC,LILAC HEDGE FARM,RUTLAND,1,,,,,,,,,,,False,,False,0.0,0.0,False,False,False,0
MA2270000,1043.7064941654967,1.0437064941654968,1793.4255659783291,1.7934255659783291,1183.4905961460922,1.1834905961460922,1714.8576574221477,1.7148576574221477,1517.6781632526536,1.5176781632526535,0,0,2,14,5,18,13,59,True,False,GW,WALKER WELL,SHIRLEY,4,SHIRLEY WATER DISTRICT,6.0,149.0,True,True,6.9,,5.0,17.6,False,True,True,True,0.26704084029911584,6580.0,False,True,False,1
MA2270001,2029.364345860048,2.029364345860048,3028.8277414741315,3.0288277414741316,3659.8112825650574,3.6598112825650575,2877.558025011184,2.877558025011184,1311.2381285796337,1.3112381285796337,0,0,0,4,3,14,12,55,True,False,GW,GP WELL  2,SHIRLEY,2,MCI SHIRLEY,3.0,58.0,True,False,,,1.0,17.7,False,True,True,True,1.0,6580.0,False,True,False,1
MA2270009,4490.452537955012,4.490452537955012,7160.395012642229,7.160395012642229,1514.2128043090963,1.5142128043090963,5013.01027403999,5.01301027403999,1050.2942425816138,1.0502942425816137,0,0,1,1,3,2,6,31,True,False,GW,WELL  1,SHIRLEY,2,,,,,,,,,,,False,,False,0.0,0.0,False,False,False,0
MA2271000,2122.6549386223232,2.1226549386223232,28612.99330142801,28.61299330142801,554.1986504548165,0.5541986504548165,3095.5516209684365,3.0955516209684366,211.99686300777077,0.21199686300777076,1,2,2,19,2,40,10,107,True,False,GW,GP #6.1 HOME FARM WELL,SHREWSBURY,10,SHREWSBURY WATER DEPARTMENT,2.0,58.0,True,True,5.4,5.6,5.0,17.5,False,True,True,True,0.7186372933814951,31358.0,True,True,False,2
MA2271003,1948.2478476730587,1.9482478476730587,30290.1170857552,30.2901170857552,1597.1318403907726,1.5971318403907726,2730.911854149433,2.7309118541494333,644.3335754757561,0.6443335754757561,0,3,2,16,3,37,18,104,False,False,NTNC,MEMORIAL DR. IND. PARK SITE 1 (RIGR),SHREWSBURY,4,,,,,,,,,,,False,,False,0.0,0.0,False,False,False,0
MA2271004,2093.840503973184,2.0938405039731838,30348.76805242091,30.34876805242091,1674.468711256868,1.674468711256868,2690.4716586965033,2.690471658696503,436.72930561209495,0.43672930561209494,0,3,2,16,3,35,18,104,False,False,NTNC,MEMORIAL DR. IND. PARK SITE 2 (RIFL),SHREWSBURY,4,,,,,,,,,,,False,,False,0.0,0.0,False,False,False,0
MA2278000,5685.893301182768,5.685893301182768,41006.87169644799,41.00687169644799,3039.7657906324716,3.0397657906324715,3343.918823783628,3.343918823783628,3165.2479286257567,3.1652479286257567,0,0,0,0,2,6,8,20,False,False,SW,COHASSE BROOK RESERVOIR,SOUTHBRIDGE,5,SOUTHBRIDGE WATER DEPARTMENT,4.0,116.0,True,False,,,1.0,10.5,False,True,True,True,0.47099303239810597,15774.0,True,True,False,2
MA2278002,5841.642044485162,5.8416420444851616,42565.002957124176,42.56500295712418,4192.140546662538,4.1921405466625385,3212.195041897,3.212195041897,3050.1888100106044,3.0501888100106043,0,0,0,0,1,6,8,20,False,False,TNC,TWO COUSINS PASTA  GRILL,SOUTHBRIDGE,1,,,,,,,,,,,False,,False,0.0,0.0,False,False,False,0
MA2280000,3562.264401870239,3.562264401870239,41870.87323573618,41.870873235736184,503.13211226635303,0.503132112266353,1344.175575440283,1.3441755754402829,810.6528706012134,0.8106528706012134,2,1,2,4,3,4,9,14,True,False,GW,MEADOW ROAD WELL 2,SPENCER,4,SPENCER WATER DEPARTMENT,4.0,116.0,False,False,,,0.0,10.5,False,True,False,True,0.1646892169702564,3138.0,True,False,False,1
MA2280001,3907.7150604672865,3.9077150604672863,42504.18586694962,42.50418586694962,4771.485663210868,4.771485663210868,3415.322161166407,3.415322161166407,2777.5845444368338,2.777584544436834,0,0,0,1,1,2,9,14,False,False,TNC,SPENCER COUNTRY INN,SPENCER,1,,,,,,,,,,,False,,False,0.0,0.0,False,False,False,0
MA2280002,2962.1912235006916,2.9621912235006915,42071.45499328829,42.071454993288285,2794.131596781831,2.7941315967818308,5570.111221022261,5.570111221022261,6060.751473685482,6.060751473685482,0,0,1,0,1,0,9,8,True,False,GW,WELL 2,SPENCER,3,,,,,,,,,,,False,,False,0.0,0.0,False,False,False,0
MA2280004,10258.03331717334,10.25803331717334,45085.67168714036,45.08567168714036,3575.6983182678164,3.5756983182678166,5018.847347903343,5.018847347903343,3933.041192816089,3.9330411928160887,0,0,0,0,2,3,10,17,False,False,TNC,PINE TREE DRIVE IN,SPENCER,1,,,,,,,,,,,False,,False,0.0,0.0,False,False,False,0
MA2280005,10056.582398708308,10.056582398708308,47456.14949207354,47.45614949207354,4939.0421520357295,4.9390421520357295,3165.635107963646,3.165635107963646,4755.877809585123,4.755877809585123,0,0,0,0,1,1,9,31,False,False,TNC,CAMP LAURELWOOD,SPENCER,1,,,,,,,,,,,False,,False,0.0,0.0,False,False,False,0
MA2280006,2453.985462996523,2.453985462996523,40818.53927165171,40.81853927165171,4016.4665159621954,4.016466515962195,6442.1795750287265,6.442179575028726,5309.455455941565,5.309455455941564,0,0,0,0,2,0,9,9,False,False,TNC,BLACK AND WHITE GRILLE  PIZZERIA,SPENCER,2,,,,,,,,,,,False,,False,0.0,0.0,False,False,False,0
MA2280008,8736.683086767216,8.736683086767217,44237.89096627398,44.23789096627398,1551.759527261202,1.5517595272612021,3203.3907386356614,3.2033907386356613,1909.8773934963197,1.9098773934963196,0,0,2,2,3,4,8,13,False,False,TNC,DCR SPENCER STATE FOREST,SPENCER,1,,,,,,,,,,,False,,False,0.0,0.0,False,False,False,0
MA2280010,5297.633510511058,5.297633510511059,43481.749916962086,43.48174991696209,3437.094167495975,3.437094167495975,2448.9642909538497,2.4489642909538496,2860.110376724566,2.860110376724566,0,0,0,1,2,4,10,7,False,False,NTNC,LITTLE CHELSEAS LEARNING CENTER,SPENCER,1,,,,,,,,,,,False,,False,0.0,0.0,False,False,False,0
MA2280011,7006.3764284833205,7.00637642848332,42951.83366857076,42.951833668570764,1266.3070299367173,1.2663070299367174,1948.8528213400243,1.9488528213400242,808.6982074733969,0.8086982074733969,0,1,2,4,4,4,8,8,False,False,TNC,FERN HILL BARN,SPENCER,1,,,,,,,,,,,False,,False,0.0,0.0,False,False,False,0
MA2282000,1632.1590982826935,1.6321590982826935,18767.891201669838,18.767891201669837,4423.404211791439,4.423404211791438,6957.444956638073,6.9574449566380725,401.0798175282388,0.4010798175282388,0,2,0,2,2,2,7,15,True,False,GW,GP 4 REDEMPTION ROCK TRAIL WELL,STERLING,6,STERLING WATER DEPARTMENT,4.0,116.0,True,True,,5.2,1.0,13.7,False,True,True,True,2.7130878053484965e-06,4095.0,False,True,False,1
MA2282006,3769.173661122071,3.7691736611220708,16375.402129860038,16.37540212986004,2539.4981735401557,2.5394981735401556,7756.160560799144,7.756160560799144,3130.500270357686,3.130500270357686,0,0,1,0,1,4,9,34,False,False,NTNC,STERLING NURSERY SCHOOL,STERLING,1,,,,,,,,,,,False,,False,0.0,0.0,False,False,False,0
MA2286000,1232.6004573451787,1.2326004573451788,15889.32234391346,15.88932234391346,3268.65764034363,3.2686576403436303,4502.921145564522,4.502921145564522,4170.231035598354,4.170231035598354,0,0,0,0,2,1,9,28,True,False,GW,BEDROCK WELL #4,STOW,2,,,,,,,,,,,False,,False,0.0,0.0,False,False,False,0
MA2286002,2177.1172076010503,2.17711720760105,14095.821413318106,14.095821413318106,3865.2861981892274,3.8652861981892275,5141.535729558476,5.141535729558476,5256.784571971781,5.256784571971781,0,0,0,0,2,0,9,27,True,False,GW,WELL # 1,STOW,1,,,,,,,,,,,False,,False,0.0,0.0,False,False,False,0
MA2286003,1186.556234788825,1.186556234788825,15779.30379169349,15.77930379169349,2112.3561306949778,2.1123561306949776,2532.1614119116175,2.5321614119116176,2818.915813695839,2.818915813695839,0,0,1,1,3,5,8,29,False,False,NTNC,STOW SHOPPING CENTER,STOW,2,,,,,,,,,,,False,,False,0.0,0.0,False,False,False,0
MA2286004,1386.681226430771,1.3866812264307709,16051.549438814838,16.05154943881484,2539.1188615606593,2.5391188615606595,2533.827599980431,2.5338275999804307,3078.2230550243926,3.0782230550243925,0,0,1,0,3,4,10,31,False,False,TNC,STOW LOWER VILLAGE/ BEEF AND ALE,STOW,1,,,,,,,,,,,False,,False,0.0,0.0,False,False,False,0
MA2286005,2329.758359542744,2.329758359542744,14169.588433572844,14.169588433572844,2985.571426770324,2.9855714267703237,4489.99843465181,4.4899984346518105,4419.0089979741415,4.419008997974141,0,0,1,0,2,2,10,24,False,False,NTNC,HALE MIDDLE SCHOOL,STOW,1,,,,,,,,,,,False,,False,0.0,0.0,False,False,False,0
MA2286006,1869.8232296087892,1.8698232296087893,13885.39325589498,13.88539325589498,3955.5464545414466,3.9555464545414467,5480.178874592835,5.480178874592835,5210.174321560557,5.210174321560556,0,0,0,0,2,0,10,24,False,False,NTNC,STOW FIRE AND COMMUNITY CENTER,STOW,1,,,,,,,,,,,False,,False,0.0,0.0,False,False,False,0
MA2286007,2514.6061031507534,2.5146061031507534,14311.333973555966,14.311333973555966,3154.8306319835447,3.1548306319835446,4498.522565778446,4.498522565778446,4529.9475125845365,4.5299475125845365,0,0,0,0,2,1,10,25,False,False,NTNC,STOW CENTER SCHOOL,STOW,1,,,,,,,,,,,False,,False,0.0,0.0,False,False,False,0
MA2286009,2012.8809956985003,2.0128809956985005,15648.073075789642,15.648073075789641,1649.40808613284,1.64940808613284,4063.9973290379967,4.0639973290379965,3533.409339415555,3.533409339415555,0,0,1,0,1,4,8,30,False,False,TNC,STOW ACRES COUNTRY CLUB,STOW,1,,,,,,,,,,,False,,False,0.0,0.0,False,False,False,0
MA2286010,1463.706026750227,1.463706026750227,16117.35539414851,16.11735539414851,3515.8298669685682,3.515829866968568,2144.1258157058815,2.1441258157058813,2719.4114382438784,2.7194114382438785,0,0,0,1,3,5,11,32,False,False,TNC,STOWAWAY GOLF COURSE,STOW,1,,,,,,,,,,,False,,False,0.0,0.0,False,False,False,0
MA2286011,290.0290133728114,0.2900290133728114,12207.301447854437,12.207301447854437,3388.592741271397,3.3885927412713968,5946.123139030909,5.9461231390309095,3021.031164657421,3.021031164657421,0,0,0,0,2,2,8,24,False,False,TNC,MINUTEMAN AIRFIELD,STOW,1,,,,,,,,,,,False,,False,0.0,0.0,False,False,False,0
MA2286012,1574.5899948052336,1.5745899948052335,15405.49973330209,15.40549973330209,2156.02222176154,2.15602222176154,2957.406451393057,2.957406451393057,3112.6717802487037,3.1126717802487036,0,0,1,0,2,5,10,25,True,False,GW,WELL #1,STOW,1,,,,,,,,,,,False,,False,0.0,0.0,False,False,False,0
MA2286014,1100.4462266761664,1.1004462266761663,13721.155513451442,13.721155513451443,3467.191853637286,3.467191853637286,5651.187818175364,5.651187818175364,5250.15614863003,5.25015614863003,0,0,0,0,2,0,10,22,False,False,TNC,STOW BROOK GULF,STOW,1,,,,,,,,,,,False,,False,0.0,0.0,False,False,False,0
MA2286016,296.9803564999315,0.2969803564999315,13373.640927513432,13.373640927513431,3184.25824991553,3.1842582499155303,5071.63292078426,5.07163292078426,4768.272373657052,4.7682723736570525,0,0,0,0,2,1,10,25,False,False,NTNC,BOSE CORPORATION (688 GREAT ROAD),STOW,2,,,,,,,,,,,False,,False,0.0,0.0,False,False,False,0
MA2286017,1781.2800695864487,1.7812800695864488,15280.53614081925,15.28053614081925,2956.089130519587,2.956089130519587,3525.859723246971,3.525859723246971,3932.5666338855067,3.9325666338855068,0,0,1,0,2,2,10,29,True,False,GW,WELL # 1,STOW,3,,,,,,,,,,,False,,False,0.0,0.0,False,False,False,0
MA2286018,2481.2857332737776,2.4812857332737774,14361.546430532626,14.361546430532625,2766.112999335278,2.7661129993352778,4204.681132419004,4.204681132419004,4151.361929180527,4.151361929180527,0,0,1,0,2,2,10,24,True,False,GW,ROCK WELL # 2,STOW,2,,,,,,,,,,,False,,False,0.0,0.0,False,False,False,0
MA2286019,2992.0314076712366,2.9920314076712367,16772.69869125282,16.77269869125282,1129.0301272348725,1.1290301272348724,3364.7463818055876,3.3647463818055874,2747.9196483811015,2.7479196483811017,0,0,1,1,1,5,8,37,False,False,NTNC,STOW INDUSTRIAL (FLB INCORPORATED),STOW,1,,,,,,,,,,,False,,False,0.0,0.0,False,False,False,0
MA2286020,1379.4887538597288,1.379488753859729,14910.561940640639,14.910561940640639,1511.7038441303735,1.5117038441303734,3547.0400479397485,3.5470400479397486,3163.2560583477366,3.1632560583477365,0,0,1,0,1,5,9,29,False,False,NTNC,"CPI RADANT TECHNOLOGIES, INC",STOW,1,,,,,,,,,,,False,,False,0.0,0.0,False,False,False,0
MA2286021,2152.791445197263,2.1527914451972627,14916.214819407835,14.916214819407834,3340.2202668519053,3.3402202668519054,5030.133949513592,5.0301339495135915,5073.978255340621,5.073978255340621,0,0,0,0,2,0,9,22,False,False,TNC,BUTTERNUT FARM GOLF CLUB,STOW,1,,,,,,,,,,,False,,False,0.0,0.0,False,False,False,0
MA2286022,2276.759366270398,2.276759366270398,14709.889221771182,14.709889221771181,3232.112573945235,3.232112573945235,4266.4199532664725,4.266419953266473,4471.0121576439215,4.471012157643921,0,0,0,0,2,2,10,27,False,False,NTNC,STOW MUNICIPAL BUILDINGS,STOW,1,,,,,,,,,,,False,,False,0.0,0.0,False,False,False,0
MA2286023,892.919866808745,0.892919866808745,15641.800271767688,15.641800271767687,1668.554551852768,1.668554551852768,2369.1156333587815,2.3691156333587813,2395.6828493907137,2.3956828493907136,0,0,1,2,3,5,8,27,False,False,NTNC,KIDS A LOT (DAYCARE),STOW,2,,,,,,,,,,,False,,False,0.0,0.0,False,False,False,0
MA2286024,690.0274725294393,0.6900274725294393,13799.519457637909,13.79951945763791,3108.333733746645,3.1083337337466452,5238.194645818167,5.238194645818167,4854.590573893655,4.854590573893655,0,0,0,0,1,1,10,24,True,False,GW,ROCK WELL 2,STOW,4,,,,,,,,,,,False,,False,0.0,0.0,False,False,False,0
MA2286025,1341.9246131543732,1.3419246131543732,16151.16331768857,16.15116331768857,2572.4985754588333,2.5724985754588334,2447.0837644963544,2.4470837644963543,2995.462480067335,2.995462480067335,0,0,1,1,3,4,10,31,False,False,NTNC,92 GREAT ROAD (PRESTI MGMT CORP),STOW,1,,,,,,,,,,,False,,False,0.0,0.0,False,False,False,0
MA2286026,641.4910857028392,0.6414910857028392,14233.103483737605,14.233103483737604,2537.7352843455856,2.5377352843455854,4677.618464062812,4.677618464062812,4284.1777596077245,4.284177759607725,0,0,1,0,1,2,8,25,True,False,GW,WELL 2,STOW,1,,,,,,,,,,,False,,False,0.0,0.0,False,False,False,0
MA2286027,1475.821790050506,1.475821790050506,15657.39239704179,15.657392397041791,2297.429531053024,2.2974295310530244,2785.8830250912265,2.7858830250912265,3103.2417794734374,3.1032417794734375,0,0,1,0,2,5,10,30,False,False,TNC,10.0 ACADEMY / GYMNASTICS,STOW,1,,,,,,,,,,,False,,False,0.0,0.0,False,False,False,0
MA2286028,1567.1896835415314,1.5671896835415313,15795.603158822145,15.795603158822145,2509.643384123915,2.509643384123915,2790.8855995361655,2.7908855995361654,3245.8293866161316,3.2458293866161316,0,0,1,0,2,4,10,31,False,False,TNC,STOW HOUSE OF PIZZA,STOW,1,,,,,,,,,,,False,,False,0.0,0.0,False,False,False,0
MA2286029,1788.1920027375786,1.7881920027375786,12455.1897241542,12.455189724154199,3741.2537511372725,3.7412537511372723,6109.209392625305,6.109209392625305,4197.4519403964305,4.19745194039643,0,0,0,0,3,1,10,18,False,False,TNC,WEDGEWOOD PINES COUNTRY CLUB,STOW,1,,,,,,,,,,,False,,False,0.0,0.0,False,False,False,0
MA2286030,2192.468802470383,2.192468802470383,14789.172995669744,14.789172995669743,3270.3464015222894,3.2703464015222896,4235.929983952104,4.235929983952103,4480.030247393312,4.480030247393311,0,0,0,0,2,2,10,27,False,False,TNC,WEST STREET STATION LLC,STOW,1,,,,,,,,,,,False,,False,0.0,0.0,False,False,False,0
MA2286031,2494.5434218583327,2.494543421858333,14378.050712369475,14.378050712369475,2753.960132066536,2.753960132066536,4198.336442754399,4.1983364427544,4140.750801093284,4.140750801093284,0,0,1,0,1,2,10,24,True,False,GW,WELL 1,STOW,1,,,,,,,,,,,False,,False,0.0,0.0,False,False,False,0
MA2286032,1741.3286078199246,1.7413286078199246,16727.513918588913,16.72751391858891,2310.962513461148,2.310962513461148,4617.350762861373,4.617350762861373,3159.094466549641,3.1590944665496408,0,0,1,0,1,2,9,35,False,False,TNC,HONEY POT HILL ORCHARDS,STOW,1,,,,,,,,,,,False,,False,0.0,0.0,False,False,False,0
MA2286033,1178.9041825524826,1.1789041825524826,13043.128388645277,13.043128388645277,3122.296678369341,3.122296678369341,5297.157180215781,5.297157180215781,3928.636754143185,3.9286367541431853,0,0,0,0,2,2,10,24,True,False,GW,WELL 1,STOW,2,,,,,,,,,,,False,,False,0.0,0.0,False,False,False,0
MA2286034,1949.3853838190496,1.9493853838190496,16251.236813965743,16.251236813965743,2857.776002801241,2.857776002801241,4827.899634166464,4.827899634166465,2025.2121600061896,2.0252121600061894,0,0,1,1,1,2,9,35,False,False,TNC,COLLINGS FOUNDATION AHM,STOW,1,,,,,,,,,,,False,,False,0.0,0.0,False,False,False,0
MA2286035,2048.900400186221,2.0489004001862208,15176.138168545303,15.176138168545304,2738.2409556813145,2.7382409556813143,3546.0796666606475,3.5460796666606473,3808.6383039043503,3.8086383039043503,0,0,1,0,2,2,10,27,False,False,TNC,PHILLIPS HERITAGE,STOW,1,,,,,,,,,,,False,,False,0.0,0.0,False,False,False,0
MA2287000,4543.665545895932,4.543665545895932,37695.66545735534,37.69566545735534,5022.266232501778,5.022266232501778,987.283374447828,0.987283374447828,843.6324560708819,0.8436324560708819,0,1,0,5,0,5,10,22,True,False,GW,WELL 5,STURBRIDGE,4,STURBRIDGE WATER DEPARTMENT,8.0,232.0,False,False,,,0.0,10.5,False,True,False,False,0.0,0.0,False,False,False,0
MA2287003,3713.8544093562323,3.7138544093562325,38632.381997677716,38.63238199767772,4317.93256665108,4.317932566651081,1962.3431717402939,1.962343171740294,1573.9267288060873,1.5739267288060874,0,0,0,3,1,7,10,21,False,False,TNC,DAYS INN,STURBRIDGE,1,,,,,,,,,,,False,,False,0.0,0.0,False,False,False,0
MA2287005,5979.720753253588,5.979720753253588,38619.96109489085,38.619961094890854,3281.467703033018,3.281467703033018,5316.175934564507,5.316175934564507,4758.159468558403,4.758159468558403,0,0,0,0,1,1,9,17,False,False,NTNC,APPLEGREEN,STURBRIDGE,1,,,,,,,,,,,False,,False,0.0,0.0,False,False,False,0
MA2287009,7292.6716012706565,7.292671601270657,35376.586735115576,35.37658673511557,4228.921473749855,4.228921473749855,3666.0004589707337,3.666000458970734,1865.0451044638075,1.8650451044638074,0,0,0,3,2,3,11,17,False,False,TNC,HEMLOCK RIDGE GOLF COURSE,STURBRIDGE,1,,,,,,,,,,,False,,False,0.0,0.0,False,False,False,0
MA2287010,6147.495779701429,6.147495779701429,39001.25762075868,39.001257620758686,2964.9257648623443,2.964925764862344,5181.498284987239,5.181498284987239,5140.635942609475,5.140635942609475,0,0,1,0,1,0,9,17,False,False,TNC,STURBRIDGE CAMPGROUND,STURBRIDGE,1,,,,,,,,,,,False,,False,0.0,0.0,False,False,False,0
MA2287012,2135.3353485389207,2.135335348538921,40692.855625251876,40.69285562525187,2077.917491418567,2.077917491418567,3304.306510155809,3.304306510155809,1005.4039011660327,1.0054039011660327,0,0,1,5,2,14,7,23,False,False,NTNC,"GREEN ACRES DAYCARE CENTER, INC.",STURBRIDGE,1,,,,,,,,,,,False,,False,0.0,0.0,False,False,False,0
MA2287016,5197.002189947558,5.197002189947558,39255.750828628064,39.25575082862807,4893.161151709809,4.893161151709809,3718.773836544811,3.718773836544811,2241.622905898481,2.2416229058984807,0,0,0,2,1,7,9,26,False,False,TNC,DCR WELLS STATE PARK,STURBRIDGE,2,,,,,,,,,,,False,,False,0.0,0.0,False,False,False,0
MA2287020,4437.737492640047,4.437737492640047,39047.806726964816,39.047806726964815,4294.837769286829,4.294837769286829,4188.716125268389,4.188716125268389,3562.160549239003,3.562160549239003,0,0,0,0,1,6,9,21,True,False,GW,ROCK WELL 2,STURBRIDGE,5,,,,,,,,,,,False,,False,0.0,0.0,False,False,False,0
MA2287024,7032.508114969306,7.032508114969306,38053.55861248205,38.05355861248205,2346.597578383803,2.346597578383803,6089.009554027876,6.089009554027876,5391.444559001445,5.391444559001445,0,0,1,0,3,0,9,18,False,False,NTNC,PILOT TRAVEL CENTER,STURBRIDGE,1,,,,,,,,,,,False,,False,0.0,0.0,False,False,False,0
MA2287025,5610.675460377746,5.610675460377746,38783.740551989315,38.78374055198931,3633.6925879526275,3.6336925879526274,5021.870667939409,5.021870667939409,4538.109101366805,4.538109101366805,0,0,0,0,1,2,9,18,True,False,GW,ROCK WELL  2,STURBRIDGE,2,,,,,,,,,,,False,,False,0.0,0.0,False,False,False,0
MA2287029,5962.8571406014125,5.962857140601413,35552.387139063714,35.55238713906371,7453.2751515700065,7.453275151570007,2825.2428396873493,2.8252428396873492,3025.3827975056215,3.0253827975056216,0,0,0,0,0,5,6,21,False,False,TNC,HYLAND ORCHARD,STURBRIDGE,1,,,,,,,,,,,False,,False,0.0,0.0,False,False,False,0
MA2287031,5665.807202414868,5.665807202414868,37488.22604381657,37.48822604381657,5672.748890891512,5.672748890891512,2161.82556125603,2.16182556125603,2805.007675087157,2.805007675087157,0,0,0,2,0,6,10,24,False,False,TNC,HAMILTON ROD AND GUN CLUB,STURBRIDGE,1,,,,,,,,,,,False,,False,0.0,0.0,False,False,False,0
MA2290001,2991.4929157354995,2.9914929157354995,40888.03136366848,40.88803136366848,1167.1900069286235,1.1671900069286234,1875.3228114581086,1.8753228114581086,4208.572538710782,4.208572538710782,0,0,1,0,2,2,8,7,True,False,GW,GP WELL # 3,SUTTON,3,,,,,,,,,,,False,,False,0.0,0.0,False,False,False,0
MA2290004,2755.6479004561565,2.7556479004561565,40815.53726432025,40.81553726432025,2535.2678397266745,2.5352678397266746,1616.983772010901,1.616983772010901,6340.21713369097,6.340217133690969,0,0,1,0,1,0,8,28,False,False,TNC,"BLUE JAY FAMILY RESTAURANT, INC.",SUTTON,1,,,,,,,,,,,False,,False,0.0,0.0,False,False,False,0
MA2290006,3564.2827920569844,3.5642827920569844,36294.364098961014,36.29436409896101,2130.21115446079,2.13021115446079,1661.6316151376955,1.6616316151376955,3186.8522912561234,3.1868522912561232,0,0,1,0,1,3,14,31,False,False,TNC,RED ROOF INN,SUTTON,2,,,,,,,,,,,False,,False,0.0,0.0,False,False,False,0
MA2290009,3367.160499395325,3.3671604993953252,39672.66059852351,39.67266059852351,4138.616336345919,4.138616336345919,187.81292396926713,0.18781292396926713,5028.135188037541,5.028135188037542,0,0,0,0,2,0,11,39,False,False,NTNC,SUTTON PUBLIC SCHOOLS,SUTTON,3,,,,,,,,,,,False,,False,0.0,0.0,False,False,False,0
MA2290010,3864.229632594622,3.8642296325946224,42449.997043761585,42.449997043761584,2133.013597735641,2.133013597735641,3638.668551285314,3.6386685512853143,6749.663570535387,6.749663570535388,0,0,1,0,1,0,7,18,False,False,TNC,SUTTON FALLS CAMPING AREA,SUTTON,1,,,,,,,,,,,False,,False,0.0,0.0,False,False,False,0
MA2290014,3650.333455147911,3.650333455147911,35580.548277444046,35.580548277444045,2277.9103604979637,2.277910360497964,1245.4517516686903,1.2454517516686903,1535.937491354364,1.535937491354364,0,0,1,1,5,5,14,48,True,False,GW,"HATCHERY ROAD 8"" GRAVEL PACKED WELL",SUTTON,3,,,,,,,,,,,False,,True,3.883360826670402e-06,1463.0,False,True,False,1
MA2290016,2475.441665659276,2.475441665659276,40962.12420356276,40.96212420356276,1647.5581168869307,1.6475581168869307,2479.327526909995,2.479327526909995,5789.265217699473,5.789265217699473,0,0,1,0,1,0,7,15,False,False,TNC,BLACKSTONE NATIONAL GOLF CLUB,SUTTON,1,,,,,,,,,,,False,,False,0.0,0.0,False,False,False,0
MA2290017,5279.710160977029,5.279710160977029,41842.075315254704,41.842075315254704,2330.187412326757,2.330187412326757,2970.964954076643,2.970964954076643,5022.984112568382,5.022984112568382,0,0,2,0,2,0,11,43,False,False,TNC,WELSHS GROVE CAMPGROUND,SUTTON,1,,,,,,,,,,,False,,False,0.0,0.0,False,False,False,0
MA2290019,4767.474206520222,4.767474206520221,42988.088901115785,42.98808890111579,2468.1355112557167,2.4681355112557166,3736.323003801565,3.736323003801565,6014.700025711347,6.014700025711347,0,0,1,0,2,0,7,13,False,False,TNC,KINGS FAMILY CAMPGROUND,SUTTON,2,,,,,,,,,,,False,,False,0.0,0.0,False,False,False,0
MA2290021,2029.2303162160904,2.0292303162160903,36480.51194767268,36.48051194767268,1650.9372257754658,1.6509372257754658,3765.814424544795,3.765814424544795,2398.443580523704,2.398443580523704,0,0,1,1,2,2,12,12,False,False,TNC,DCR PURGATORY CHASM STATE RESERVATION,SUTTON,2,,,,,,,,,,,False,,False,0.0,0.0,False,False,False,0
MA2290022,3738.583687553609,3.738583687553609,42230.83453778641,42.23083453778641,1461.8542544536142,1.4618542544536142,3593.1066023284516,3.5931066023284517,5854.241531480109,5.854241531480109,0,0,1,0,1,0,7,13,False,False,TNC,YMCA CAMP BLANCHARD,SUTTON,2,,,,,,,,,,,False,,False,0.0,0.0,False,False,False,0
MA2290024,2176.1939935734003,2.1761939935734005,37393.429984075345,37.39342998407535,4685.863775330179,4.685863775330179,2941.217808600714,2.941217808600714,1902.493257964367,1.9024932579643672,0,0,0,5,1,6,13,59,False,False,NTNC,JOHN ROAD INDUSTRIAL PARK,SUTTON,1,,,,,,,,,,,False,,False,0.0,0.0,False,False,False,0
MA2290025,1994.6116129228974,1.9946116129228975,37230.500808562814,37.230500808562816,4441.274813364681,4.441274813364681,2709.7456293615755,2.7097456293615756,1701.561522352802,1.701561522352802,0,0,0,5,1,8,13,59,False,False,TNC,BRICKSTONE KITCHEN,SUTTON,1,,,,,,,,,,,False,,False,0.0,0.0,False,False,False,0
MA2290026,3404.7967201772394,3.4047967201772393,38836.06002436614,38.83606002436614,4204.8802763722515,4.2048802763722515,1218.6288951826841,1.218628895182684,4215.090702431332,4.215090702431332,0,0,0,0,2,3,11,40,False,False,TNC,SUTTON CENTER STORE,SUTTON,1,,,,,,,,,,,False,,False,0.0,0.0,False,False,False,0
MA2290027,3604.553644623728,3.604553644623728,36352.12275997188,36.35212275997188,2233.9730037352588,2.233973003735259,1700.8570544707247,1.7008570544707247,3131.439236895265,3.131439236895265,0,0,1,0,1,3,14,33,False,False,TNC,SUTTON MEDICAL BUILDING,SUTTON,1,,,,,,,,,,,False,,False,0.0,0.0,False,False,False,0
MA2290028,2385.634156747302,2.385634156747302,36791.28887947555,36.79128887947555,4418.494157035009,4.418494157035009,2899.4121558785127,2.8994121558785126,1396.7592387493753,1.3967592387493752,0,0,0,5,3,5,11,59,False,False,TNC,EXTRA MART SUTTON,SUTTON,1,,,,,,,,,,,False,,False,0.0,0.0,False,False,False,0
MA2290029,3770.3443294829226,3.7703443294829224,37707.96334814845,37.707963348148446,3606.1334592017,3.6061334592017,2383.5462079161334,2.3835462079161336,3157.6542015974965,3.1576542015974964,0,0,0,0,1,5,12,45,False,False,NTNC,COUNTRY MONTESSORI PRESCHOOL,SUTTON,1,,,,,,,,,,,False,,False,0.0,0.0,False,False,False,0
MA2290031,2902.7841722369744,2.9027841722369745,36949.5446260168,36.9495446260168,4189.387444387551,4.189387444387551,2695.066905553005,2.695066905553005,1838.5434458814004,1.8385434458814005,0,0,0,2,2,5,11,51,False,False,TNC,64 WORCESTER PROVIDENCE TURNPIKE,SUTTON,1,,,,,,,,,,,False,,False,0.0,0.0,False,False,False,0
MA2294000,2789.602390218199,2.789602390218199,34573.49239744378,34.57349239744378,1770.7313603062487,1.7707313603062487,954.828844771191,0.954828844771191,803.8051369481294,0.8038051369481294,0,1,1,5,3,11,9,12,True,False,GW,SAWYER STREET GPW,TEMPLETON,4,TEMPLETON MUNIC. LIGHT AND WATER PLANT,8.0,232.0,True,True,5.2,,4.0,15.2,False,True,True,True,1.22116428434531e-10,1829.0,True,False,False,1
MA2294001,2221.8650547218595,2.2218650547218592,35260.26917558847,35.260269175588476,1472.1050597581202,1.4721050597581202,2201.4476336323173,2.201447633632317,1374.1064188712544,1.3741064188712544,0,0,2,1,3,8,9,13,False,False,TNC,TEMPLETON FISH AND GAME,TEMPLETON,1,,,,,,,,,,,False,,False,0.0,0.0,False,False,False,0
MA2299000,7026.811495062872,7.026811495062872,12465.15495508178,12.465154955081779,1892.0328891655142,1.8920328891655143,7842.9379171979945,7.842937917197994,2101.8036703576654,2.1018036703576652,0,0,3,1,4,2,8,8,True,False,GW,WITCHES BROOK WELL 2,TOWNSEND,6,TOWNSEND WATER DEPARTMENT,9.0,261.0,True,True,6.5,,3.0,15.0,False,True,True,True,0.141011325354534,990.0,True,False,False,1
MA2299002,9579.498037712712,9.579498037712712,19651.33744996071,19.65133744996071,1801.573612740098,1.801573612740098,8707.668295740463,8.707668295740463,4323.770440695564,4.323770440695563,0,0,3,0,4,1,6,15,False,False,TNC,DCR WILLARD BROOK STATE FOREST,TOWNSEND,2,,,,,,,,,,,False,,False,0.0,0.0,False,False,False,0
MA2299003,9585.466969850495,9.585466969850495,17337.70111860717,17.337701118607168,3689.344653126218,3.689344653126218,7503.632856654219,7.503632856654219,3316.495554854708,3.316495554854708,0,0,0,0,4,4,6,15,False,False,TNC,DCR PEARL HILL STATE PARK,TOWNSEND,2,,,,,,,,,,,False,,False,0.0,0.0,False,False,False,0
MA2303000,8387.913121216847,8.387913121216847,27819.36470208761,27.819364702087608,494.1753363858437,0.4941753363858437,1176.0062651829026,1.1760062651829026,2492.597450098325,2.4925974500983252,1,0,3,1,4,2,13,28,True,False,GW,MUNICIPAL WELLFIELD # 3 WELL 1,UPTON,8,UPTON DPW WATER/WASTEWATER DIVISION,6.0,174.0,False,False,,,0.0,10.5,False,True,False,False,0.0,0.0,False,False,False,0
MA2303002,8349.34950920543,8.349349509205432,28455.974255587927,28.45597425558793,2009.738618726229,2.009738618726229,2444.952106639882,2.444952106639882,2850.016182671908,2.8500161826719084,0,0,2,1,2,2,14,16,False,False,TNC,RED ROCK GRILL AND BAR  LOUNGE,UPTON,1,,,,,,,,,,,False,,False,0.0,0.0,False,False,False,0
MA2303003,7725.863986676992,7.725863986676992,25953.064594523457,25.953064594523457,3212.8619587447993,3.2128619587447993,3201.334311141551,3.2013343111415513,4376.73553116738,4.37673553116738,0,0,0,0,3,1,11,36,False,False,TNC,RIVERSIDE COMMUNITY CARE,UPTON,1,,,,,,,,,,,False,,False,0.0,0.0,False,False,False,0
MA2303004,3517.4883381382883,3.517488338138288,22742.31658267358,22.742316582673578,3104.3782119026214,3.1043782119026213,4253.322213242658,4.253322213242658,2072.042869140551,2.072042869140551,0,0,0,2,1,3,18,43,True,False,GW,WELL 1,UPTON,2,,,,,,,,,,,False,,False,0.0,0.0,False,False,False,0
MA2303005,5653.365198314067,5.653365198314067,25806.218029075368,25.806218029075367,3700.230829041219,3.7002308290412187,3211.574438468308,3.211574438468308,5520.396487465523,5.520396487465523,0,0,0,0,1,0,19,30,True,False,GW,WELL 2,UPTON,2,,,,,,,,,,,False,,False,0.0,0.0,False,False,False,0
MA2304000,727.0002703337015,0.7270002703337014,33950.639367752425,33.95063936775242,4549.972532930127,4.549972532930127,1006.8154903478589,1.006815490347859,644.9943565063214,0.6449943565063214,0,1,0,2,2,3,11,14,True,False,GW,GP WELL # 2,UXBRIDGE,7,"UXBRIDGE DPW,  WATER DIVISION",6.0,174.0,True,True,,6.7,3.0,17.1,False,True,True,False,0.0,0.0,False,False,False,0
MA2304002,2163.0788862971767,2.1630788862971766,38542.60505959531,38.54260505959531,3090.4390592280492,3.090439059228049,6130.18915193596,6.1301891519359595,1769.760953698654,1.769760953698654,0,0,0,1,2,1,4,6,False,False,TNC,MCDONALDS RESTAURANT,UXBRIDGE,1,,,,,,,,,,,False,,False,0.0,0.0,False,False,False,0
MA2304004,2870.535907729229,2.870535907729229,37477.1434537648,37.4771434537648,3249.393479239914,3.249393479239914,2182.070501688491,2.1820705016884907,2003.8981657824668,2.003898165782467,0,0,0,2,1,3,6,6,False,False,TNC,SPAGHETTI SHED,UXBRIDGE,1,,,,,,,,,,,False,,False,0.0,0.0,False,False,False,0
MA2304005,355.6834309184433,0.35568343091844334,37906.81622829284,37.90681622829284,4929.713230885011,4.929713230885011,4001.637800751517,4.001637800751517,526.7425322630141,0.5267425322630142,0,1,0,1,2,3,6,7,False,False,TNC,QUAKER TAVERN,UXBRIDGE,1,,,,,,,,,,,False,,False,0.0,0.0,False,False,False,0
MA2304006,393.35251375940476,0.3933525137594048,37768.39975940057,37.76839975940057,4952.376889897385,4.952376889897385,3805.3477336141514,3.8053477336141515,704.7666509650463,0.7047666509650463,0,1,0,1,1,3,7,8,False,False,TNC,QUAKER MOTOR LODGE,UXBRIDGE,1,,,,,,,,,,,False,,False,0.0,0.0,False,False,False,0
MA2304007,1752.457721049847,1.7524577210498469,38427.676685281374,38.42767668528138,3391.4657946274583,3.3914657946274582,5736.323699422776,5.736323699422776,1351.4378968024982,1.3514378968024983,0,0,0,1,2,1,4,6,False,False,TNC,GIA RESTAURANT,UXBRIDGE,1,,,,,,,,,,,False,,False,0.0,0.0,False,False,False,0
MA2304008,7829.247945906469,7.829247945906469,30878.81473884753,30.87881473884753,2886.286655859415,2.886286655859415,4630.6357639027165,4.630635763902716,4243.623148486325,4.243623148486325,0,0,1,0,3,2,12,24,False,False,TNC,WEST HILL DAM,UXBRIDGE,1,,,,,,,,,,,False,,False,0.0,0.0,False,False,False,0
MA2304010,5365.198122471569,5.365198122471569,41668.79937512538,41.66879937512538,4623.645092040112,4.623645092040112,5359.549496458949,5.359549496458949,3385.252714276713,3.3852527142767133,0,0,0,0,1,1,4,5,False,False,TNC,BLISSFUL MEADOWS GOLF CLUB,UXBRIDGE,1,,,,,,,,,,,False,,False,0.0,0.0,False,False,False,0
MA2304012,1590.6548886689827,1.5906548886689826,38366.160496226905,38.366160496226904,3502.0527152947834,3.5020527152947833,5578.436840048181,5.578436840048181,1189.5303942480728,1.1895303942480728,0,0,0,1,2,1,4,6,False,False,TNC,775 QUAKER HIGHWAY (UXBRIDGE PLAZA),UXBRIDGE,1,,,,,,,,,,,False,,False,0.0,0.0,False,False,False,0
MA2304013,2308.9105227011846,2.3089105227011846,39175.847222755765,39.17584722275576,3661.452563498363,3.661452563498363,6315.465301201258,6.315465301201257,1837.7687518802836,1.8377687518802837,0,0,0,1,2,1,4,5,False,False,NTNC,BJS WHOLESALE DISTRIBUTION CENTER,UXBRIDGE,1,,,,,,,,,,,False,,False,0.0,0.0,False,False,False,0
MA2304014,6489.683275887478,6.489683275887478,37740.02259274558,37.74002259274558,515.7372312548355,0.5157372312548355,3098.3789208667226,3.0983789208667227,2077.112407212417,2.077112407212417,1,0,1,2,2,4,6,7,False,False,NTNC,BANGMAS FARM STORE AND DAIRY BAR,UXBRIDGE,1,,,,,,,,,,,False,,False,0.0,0.0,False,False,False,0
MA2304015,5348.663780222547,5.348663780222547,38487.86660420661,38.48786660420661,967.5379072155486,0.9675379072155486,3554.9017247853085,3.5549017247853083,643.5669814145905,0.6435669814145905,1,1,1,1,2,3,8,6,False,False,TNC,FAITH FELLOWSHIP,UXBRIDGE,1,,,,,,,,,,,False,,False,0.0,0.0,False,False,False,0
MA2304017,603.3853942564338,0.6033853942564338,38234.19479543646,38.23419479543646,4705.354722348702,4.7053547223487024,4461.491416436901,4.4614914164369015,259.25721498103496,0.259257214981035,0,1,0,1,2,3,5,6,False,False,TNC,GREEN ROOM BILLIARD CLUB,UXBRIDGE,1,,,,,,,,,,,False,,False,0.0,0.0,False,False,False,0
MA2304018,547.0584870372171,0.5470584870372172,38030.90947551197,38.030909475511976,4365.83648908893,4.36583648908893,4550.719594355248,4.550719594355248,110.85863770845319,0.11085863770845318,0,1,0,1,2,2,4,7,False,False,NTNC,BLACKSTONE VALLEY CANNABIS,UXBRIDGE,1,,,,,,,,,,,False,,False,0.0,0.0,False,False,False,0
MA2304019,217.2078842000052,0.2172078842000052,37421.49256732688,37.42149256732688,4428.179365997177,4.4281793659971775,3901.036910742712,3.901036910742712,677.2143901198888,0.6772143901198888,0,1,0,1,2,3,7,7,False,False,NTNC,UNILOCK,UXBRIDGE,1,,,,,,,,,,,False,,False,0.0,0.0,False,False,False,0
MA2304020,367.8787452153234,0.36787874521532343,37990.575719873465,37.99057571987346,4823.929971898639,4.8239299718986395,4154.211789400445,4.154211789400445,381.82530875092266,0.38182530875092263,0,1,0,1,2,3,6,7,False,False,TNC,BERTS BREAKFAST AND LUNCH,UXBRIDGE,1,,,,,,,,,,,False,,False,0.0,0.0,False,False,False,0
MA2316000,2344.4825479577003,2.3444825479577003,51182.59073932312,51.18259073932312,1271.737564665952,1.2717375646659521,834.2586582791736,0.8342586582791736,513.4304278914526,0.5134304278914527,0,2,1,7,2,11,2,16,True,False,GW,STATION 1 WELL #4 MEMORIAL BEACH,WEBSTER,7,WEBSTER WATER DEPARTMENT,6.0,116.0,True,True,4.4,,3.0,12.9,False,True,True,True,0.29028269996524136,10882.0,True,True,False,3
MA2316001,3909.5999881379444,3.9095999881379444,48684.863176764804,48.68486317676481,3312.0077526038203,3.3120077526038205,2946.415161286379,2.946415161286379,472.7286866361914,0.4727286866361914,0,1,0,2,1,7,4,14,False,False,TNC,DOUGLAS FOREST RV RESORT,WEBSTER,1,,,,,,,,,,,False,,False,0.0,0.0,False,False,False,0
MA2316002,3673.2656588096906,3.6732656588096906,49034.31925201652,49.034319252016516,2976.0351960145435,2.9760351960145437,2583.3816312185118,2.583381631218512,159.81918930290487,0.15981918930290487,0,1,1,3,1,7,4,15,False,False,NTNC,"LKQ RT. 16 USED AUTO PARTS, INC.",WEBSTER,1,,,,,,,,,,,False,,False,0.0,0.0,False,False,False,0
MA2321000,1892.764425808071,1.8927644258080711,22879.238030874265,22.879238030874266,761.8920730482478,0.7618920730482478,1296.57132612965,1.29657132612965,1813.5904466520349,1.813590446652035,1,0,2,4,2,9,6,51,True,False,GW,"GPW 6, PLEASANT VALLEY WELL 2",WEST BOYLSTON,4,WEST BOYLSTON WATER DISTRICT,10.0,290.0,True,True,5.4,,3.0,13.9,False,True,True,True,2.0325157586568008e-07,1247.0,False,True,False,1
MA2321002,921.1182066398538,0.9211182066398539,25657.9736593333,25.6579736593333,1802.7186933258429,1.8027186933258428,2121.127761011903,2.1211277610119033,2476.569499119474,2.476569499119474,0,0,1,1,2,8,5,31,False,False,TNC,HOLY CROSS CONTEMPLATIVE CENTER,WEST BOYLSTON,1,,,,,,,,,,,False,,False,0.0,0.0,False,False,False,0
MA2323000,5437.452463661053,5.437452463661053,30725.283224520706,30.725283224520705,2693.2154711463368,2.693215471146337,4518.9747488332205,4.51897474883322,2969.090026687543,2.969090026687543,0,0,1,1,1,3,12,8,True,False,GW,GPW WELL 1,WEST BROOKFIELD,5,,,,,,,,,,,False,,True,0.4970780739884655,1387.0,True,False,False,1
MA2323001,4026.2808957083203,4.02628089570832,30763.451926970327,30.763451926970326,3558.7664898433995,3.5587664898433995,5751.462577686301,5.7514625776863015,5342.467032864574,5.342467032864574,0,0,0,0,1,0,12,8,False,False,TNC,"HIGHVIEW CAMPGROUND, INC.",WEST BROOKFIELD,3,,,,,,,,,,,False,,False,0.0,0.0,False,False,False,0
MA2323002,5018.009832194826,5.018009832194826,32088.571678432527,32.08857167843253,2776.5439143280432,2.7765439143280433,4403.521989162837,4.4035219891628365,5908.52272080682,5.90852272080682,0,0,1,0,2,0,13,8,True,False,GW,WELL #4,WEST BROOKFIELD,4,,,,,,,,,,,False,,False,0.0,0.0,False,False,False,0
MA2328000,3096.428940353573,3.096428940353573,21964.220844871885,21.964220844871885,935.0502666118693,0.9350502666118693,1556.9117301407127,1.5569117301407127,304.2653917606307,0.30426539176063067,1,5,7,10,10,30,19,84,True,False,GW,ANDREWS I,WESTBOROUGH,12,WESTBOROUGH WATER DEPARTMENT,21.0,348.0,True,True,5.8,7.5,3.0,19.8,False,True,True,True,0.7107886875082234,17169.0,True,True,False,2
MA2332000,2430.1319077101566,2.4301319077101566,24547.921818322324,24.547921818322322,1177.7133852534384,1.1777133852534385,1711.3463452435465,1.7113463452435465,1513.3929384902567,1.5133929384902567,0,0,1,1,2,4,8,19,False,False,ESW,MEETINGHOUSE POND,WESTMINSTER,1,WESTMINSTER DEPARTMENT OF PUBLIC WORKS,4.0,116.0,False,False,,,0.0,10.5,False,True,False,True,1.0839978167955035e-05,4090.0,True,True,False,2
MA2332003,1879.2690272884338,1.8792690272884338,23746.949217247005,23.746949217247007,2419.681847735206,2.419681847735206,811.922782577144,0.8119227825771439,73.1298272825309,0.0731298272825309,0,1,1,3,4,9,7,22,False,False,NTNC,RANOR INCORPORATED,WESTMINSTER,3,,,,,,,,,,,False,,False,0.0,0.0,False,False,False,0
MA2332004,2343.009650139389,2.3430096501393893,23674.22492812115,23.674224928121152,2367.9333689777486,2.3679333689777486,637.1964276708363,0.6371964276708363,439.91028339307985,0.43991028339307986,0,1,1,3,4,9,7,22,False,False,TNC,SHORE BIBLE CAMP - INACT.,WESTMINSTER,1,,,,,,,,,,,False,,False,0.0,0.0,False,False,False,0
MA2332006,4516.618052093278,4.5166180520932775,22700.733307659102,22.700733307659103,3744.59293107237,3.74459293107237,4705.384032893561,4.705384032893561,2882.5436657726923,2.882543665772692,0,0,0,1,3,8,7,29,False,False,TNC,THE WOODS AT WESTMINSTER,WESTMINSTER,1,,,,,,,,,,,False,,False,0.0,0.0,False,False,False,0
MA2332007,3729.738329546712,3.729738329546712,22411.163708320008,22.411163708320007,2901.7016150581926,2.9017016150581925,2854.0477680379795,2.8540477680379794,1210.8945998677248,1.2108945998677247,0,0,1,5,3,10,8,29,False,False,TNC,CROCKER POND RECREATION AREA,WESTMINSTER,1,,,,,,,,,,,False,,False,0.0,0.0,False,False,False,0
MA2343005,13880.590607386468,13.880590607386468,33924.07857880548,33.92407857880548,2804.200426034551,2.804200426034551,5281.132974363271,5.281132974363271,4864.652657850327,4.8646526578503275,0,0,1,0,1,1,5,3,False,False,TNC,CAMP RIVERWOOD,WINCHENDON,1,,,,,,,,,,,False,,False,0.0,0.0,False,False,False,0
MA2343007,11254.807320272383,11.254807320272382,34180.28429400894,34.18028429400894,2871.568475749845,2.871568475749845,5209.432199915128,5.209432199915128,4691.688124739835,4.691688124739835,0,0,1,0,1,1,7,11,False,False,TNC,POPS HOT DOG STAND,WINCHENDON,1,,,,,,,,,,,False,,False,0.0,0.0,False,False,False,0
MA2343008,10199.297033854764,10.199297033854764,34019.831943003,34.019831943003005,3285.952142640903,3.2859521426409026,5830.150751554923,5.830150751554923,5313.095963558718,5.313095963558718,0,0,0,0,1,0,9,13,False,False,TNC,NOURIA ENERGY CORP,WINCHENDON,1,,,,,,,,,,,False,,False,0.0,0.0,False,False,False,0
MA2348000,1690.0453726939977,1.6900453726939977,27919.780682401713,27.919780682401715,666.4408269828988,0.6664408269828987,1168.8985211031156,1.1688985211031155,322.01505339865747,0.3220150533986575,1,2,2,20,2,43,11,111,True,True,SW,KETTLE BROOK (#4) RESERVOIR NO. 4,WORCESTER,13,"WORCESTER DPWP, WATER SUPPLY DIVISION",5.0,112.0,True,False,,,1.0,10.5,False,True,True,True,0.8793657551497089,198217.0,True,True,True,5
MA3007000,1070.501027718178,1.070501027718178,50269.910255173054,50.26991025517305,3397.200424557917,3.397200424557917,3174.525945451132,3.174525945451132,2278.550093317231,2.2785500933172314,0,0,0,2,5,5,7,21,True,False,GW,GP WELL  2,AMESBURY,4,AMESBURY DPW  WATER DIV.,4.0,91.0,False,False,,,0.0,10.5,False,True,False,True,0.08431421771419324,3979.0,True,False,False,1
MA3009000,1571.367339245452,1.5713673392454521,21164.274446797925,21.164274446797926,2998.43022962399,2.99843022962399,4051.8533689200303,4.05185336892003,606.4395169412445,0.6064395169412445,0,2,1,8,3,20,11,92,False,False,SW,MERRIMACK RIVER,ANDOVER,3,ANDOVER WATER DEPT,5.0,116.0,True,False,,,1.0,10.5,False,True,True,True,0.06480693330086569,17385.0,True,True,True,2
MA3009004,7827.112586520796,7.827112586520796,22555.885329645513,22.555885329645513,2101.3489212794534,2.1013489212794534,3231.5987329762793,3.231598732976279,2747.342231196328,2.747342231196328,0,0,1,1,4,8,12,56,False,False,TNC,CAMP EVERGREEN,ANDOVER,1,,,,,,,,,,,False,,False,0.0,0.0,False,False,False,0
MA3014000,3769.8201555007613,3.7698201555007613,13603.54237244958,13.60354237244958,1280.9751379463594,1.2809751379463594,2524.8748848960504,2.5248748848960503,348.87877522294343,0.3488787752229434,0,1,1,5,5,12,16,65,True,False,GW,HOWE ST. GP WELL 4,ASHLAND,6,Ashland Water & Sewer Dept.,2.0,58.0,True,False,,,1.0,10.5,False,True,True,True,0.9999702080909443,31111.0,True,True,False,2
MA3023000,1429.3189106207672,1.429318910620767,1738.2663169926468,1.7382663169926469,1783.4957940141721,1.7834957940141722,1596.6021578848263,1.5966021578848262,373.9359247628476,0.3739359247628476,0,2,2,17,4,41,13,103,True,True,GW,WELL  3 (MITRE/RTE. 62 G.P. WELL),BEDFORD,10,BEDFORD WATER DEPT.,4.0,116.0,False,False,,,0.0,10.5,False,True,False,True,0.0050119471792837945,4852.0,False,True,False,1
MA3030001,2130.3949088160025,2.1303949088160024,32414.928674228555,32.414928674228555,806.2487141873949,0.8062487141873949,2577.4525219069624,2.577452521906962,807.59531676229,0.80759531676229,1,1,4,11,6,19,19,91,False,False,SW,IPSWICH RIVER,BEVERLY,4,,,,,,,,,,,False,,False,0.0,0.0,False,False,False,0
MA3031000,4851.588892593786,4.851588892593786,12259.9408342688,12.2599408342688,2888.8984714109783,2.8888984714109784,2400.9545282521112,2.4009545282521114,140.30913750395695,0.14030913750395696,0,6,1,12,3,25,13,95,False,False,SW,CONCORD RIVER,BILLERICA,1,BILLERICA WATER WORKS,4.0,116.0,True,True,5.5,,5.0,14.0,False,True,True,True,0.3248379440536079,11917.0,False,True,False,1
MA3031003,5729.140264608573,5.7291402646085725,11051.957909711604,11.051957909711604,2324.896744976732,2.324896744976732,735.2885624231155,0.7352885624231156,947.4621295093475,0.9474621295093475,0,1,1,7,2,22,14,109,False,False,TNC,OLD INDIAN SPRING @ WHIFFLE TREE (VND),BILLERICA,1,,,,,,,,,,,False,,False,0.0,0.0,False,False,False,0
MA3038001,7485.159924984373,7.485159924984373,33715.152761110185,33.71515276111018,1499.7784362429327,1.4997784362429327,5269.168909179177,5.269168909179177,4056.593280851524,4.056593280851524,0,0,1,0,3,1,9,15,True,False,GW,WELL  3,BOXFORD,3,,,,,,,,,,,False,,False,0.0,0.0,False,False,False,0
MA3038008,8656.008467991658,8.656008467991658,33897.14048788259,33.897140487882595,313.8645569526088,0.3138645569526088,4175.2112813143085,4.175211281314309,3352.729486229148,3.3527294862291477,1,0,1,0,2,2,10,18,False,False,NTNC,SPOFFORD POND SCHOOL,BOXFORD,1,,,,,,,,,,,False,,False,0.0,0.0,False,False,False,0
MA3038009,7417.129414033081,7.417129414033081,31798.32004717797,31.79832004717797,3390.5682321207796,3.3905682321207795,4365.431600803782,4.365431600803782,6032.317439161101,6.032317439161101,0,0,0,0,2,0,8,17,False,False,NTNC,HARRY LEE COLE SCHOOL,BOXFORD,1,,,,,,,,,,,False,,False,0.0,0.0,False,False,False,0
MA3038010,4991.806888650768,4.9918068886507685,32460.297809255273,32.46029780925527,4276.452649249073,4.276452649249073,4304.279724919382,4.304279724919382,4327.995072673573,4.327995072673573,0,0,0,0,1,3,10,58,False,False,TNC,THE VILLAGE STORE BLDG.,BOXFORD,1,,,,,,,,,,,False,,False,0.0,0.0,False,False,False,0
MA3038011,7684.03690012622,7.68403690012622,32286.181167903862,32.28618116790386,3068.1626127270333,3.068162612727033,4638.769526195223,4.638769526195223,6298.666706443499,6.298666706443499,0,0,0,0,2,0,8,14,False,False,NTNC,FIRST CHURCH CONGREGATIONAL,BOXFORD,2,,,,,,,,,,,False,,False,0.0,0.0,False,False,False,0
MA3038012,3743.75788657556,3.74375788657556,34180.942161923864,34.180942161923866,3134.472058784791,3.134472058784791,4687.939497144872,4.687939497144872,2754.3793882532514,2.7543793882532515,0,0,0,1,4,20,9,63,False,False,TNC,FAR CORNER FARM GOLF COURSE INC.,BOXFORD,2,,,,,,,,,,,False,,False,0.0,0.0,False,False,False,0
MA3038013,7601.630801019336,7.601630801019336,32299.081240343687,32.29908124034369,3008.3776226898767,3.008377622689877,4468.052501397883,4.468052501397883,6285.141801954659,6.285141801954659,0,0,0,0,2,0,8,15,False,False,TNC,BOXFORD COMMUNITY STORE INC,BOXFORD,1,,,,,,,,,,,False,,False,0.0,0.0,False,False,False,0
MA3038020,5129.749731869371,5.129749731869372,32403.137446053188,32.40313744605319,2287.6246497539746,2.2876246497539747,1886.1414686892672,1.8861414686892672,4967.2130455231045,4.9672130455231045,0,0,1,0,2,1,12,30,True,False,GW,WELL  1,BOXFORD,1,,,,,,,,,,,False,,False,0.0,0.0,False,False,False,0
MA3038021,6421.931751167281,6.421931751167281,35518.11693022895,35.51811693022895,1959.012227990506,1.959012227990506,3979.345862265536,3.979345862265536,2564.2431107438765,2.5642431107438766,0,0,2,1,3,1,7,7,False,False,TNC,BOXFORD MEETING PLACE,BOXFORD,1,,,,,,,,,,,False,,False,0.0,0.0,False,False,False,0
MA3038022,6028.976696395707,6.028976696395707,34327.407843527864,34.327407843527865,3682.3101446938895,3.6823101446938895,4132.253349007523,4.132253349007523,2480.2959222919735,2.4802959222919734,0,0,0,1,2,3,9,48,False,False,TNC,INGALDSBY BAKERY AND FARM STAND,BOXFORD,1,,,,,,,,,,,False,,False,0.0,0.0,False,False,False,0
MA3038024,7552.828159039612,7.552828159039612,32322.970605967646,32.32297060596765,2945.91753974388,2.94591753974388,4412.675435900229,4.412675435900229,6232.422267038181,6.2324222670381815,0,0,1,0,2,0,8,16,False,False,TNC,CENTER AT 10 ELM,BOXFORD,1,,,,,,,,,,,False,,False,0.0,0.0,False,False,False,0
MA3038025,4879.75170071796,4.879751700717961,32552.15016290637,32.55215016290637,4401.644086353101,4.401644086353101,4352.870926979576,4.352870926979576,4206.252771518893,4.206252771518892,0,0,0,0,2,3,10,59,False,False,TNC,SECOND CONGREGATIONAL CHURCH,BOXFORD,1,,,,,,,,,,,False,,False,0.0,0.0,False,False,False,0
MA3038026,8376.631155847925,8.376631155847925,33739.4166342706,33.739416634270604,379.92803294036315,0.37992803294036315,4533.009494121564,4.533009494121564,3581.0705234062198,3.5810705234062197,1,0,1,0,2,1,10,18,False,False,NTNC,BOXFORD POLICE STATION,BOXFORD,1,,,,,,,,,,,False,,False,0.0,0.0,False,False,False,0
MA3038028,7116.109503740741,7.116109503740741,34279.30285875574,34.27930285875574,2598.514658671205,2.598514658671205,3569.824607936789,3.569824607936789,2931.051476015821,2.931051476015821,0,0,1,1,3,2,9,39,True,False,GW,WELL #1,BOXFORD,2,,,,,,,,,,,False,,False,0.0,0.0,False,False,False,0
MA3048000,2638.919651406332,2.638919651406332,10095.246399701653,10.095246399701653,1201.5477545640197,1.2015477545640196,1422.0092670204288,1.4220092670204287,1035.7382528272128,1.0357382528272128,0,0,3,22,4,49,16,128,True,False,SW,SHAWSHEEN RIVER    BILLERICA DIV.,BURLINGTON,3,BURLINGTON WATER DEPT,9.0,232.0,True,False,,,1.0,10.5,False,True,True,True,0.5074040447884213,24264.0,False,True,False,1
MA3049000,1265.4410292179064,1.2654410292179064,5238.762419990529,5.23876241999053,907.9321143295298,0.9079321143295298,2292.2221655137537,2.2922221655137536,238.2992714961812,0.23829927149618121,1,7,5,31,7,117,22,368,False,True,SW,STONY BROOK RES.,CAMBRIDGE,4,CAMBRIDGE WATER DEPARTMENT,4.0,116.0,True,True,4.8,,3.0,13.3,False,True,True,True,0.799871907084557,136585.0,True,True,True,4
MA3051004,7928.446614703775,7.928446614703775,8198.02980025807,8.19802980025807,1243.5183264152445,1.2435183264152445,421.90062257761974,0.42190062257761973,4829.351808509477,4.829351808509477,0,0,1,0,1,1,6,62,False,False,NTNC,CARLISLE PUBLIC SCHOOL,CARLISLE,1,,,,,,,,,,,False,,False,0.0,0.0,False,False,False,0
MA3051005,7789.032620297215,7.789032620297214,8391.474810942447,8.391474810942448,1025.3324322979151,1.0253324322979152,596.4263848852485,0.5964263848852485,4722.163969369467,4.722163969369467,0,0,1,0,1,1,7,61,False,False,TNC,FIRST RELIGIOUS SOCIETY,CARLISLE,1,,,,,,,,,,,False,,False,0.0,0.0,False,False,False,0
MA3051006,7904.7619467762415,7.904761946776241,8165.617202950145,8.165617202950145,1337.9518723285262,1.3379518723285262,444.2274265684563,0.44422742656845626,4952.597195279644,4.952597195279645,0,0,1,0,1,1,6,62,False,False,TNC,CARLISLE CONGREGATIONAL CHURCH,CARLISLE,1,,,,,,,,,,,False,,False,0.0,0.0,False,False,False,0
MA3051009,7358.623742513698,7.358623742513698,7776.329507493232,7.776329507493232,1512.9972838310664,1.5129972838310664,529.5563418715358,0.5295563418715358,4224.03800480608,4.224038004806079,0,0,1,0,2,2,9,61,False,False,TNC,KIMBALL BATES FARM,CARLISLE,1,,,,,,,,,,,False,,False,0.0,0.0,False,False,False,0
MA3051011,7133.470887098484,7.133470887098484,8507.156686584798,8.507156686584798,2860.143478902538,2.860143478902538,2208.871378518108,2.208871378518108,4940.066752735186,4.940066752735186,0,0,1,0,1,2,6,53,False,False,NTNC,ASSURANCE TECHNOLOGY CORP.,CARLISLE,2,,,,,,,,,,,False,,False,0.0,0.0,False,False,False,0
MA3051012,7535.891147424803,7.535891147424803,8662.384296603896,8.662384296603896,814.8083640929233,0.8148083640929232,867.671870889713,0.867671870889713,4739.746429156344,4.739746429156344,1,0,1,0,1,1,7,60,False,False,TNC,CARLISLE TOWN HALL,CARLISLE,1,,,,,,,,,,,False,,False,0.0,0.0,False,False,False,0
MA3051013,7929.422860129158,7.929422860129158,8622.195386368316,8.622195386368317,704.1177436499281,0.7041177436499281,1056.2374040023603,1.0562374040023603,4001.2678802878045,4.001267880287805,1,0,1,0,1,2,8,61,False,False,TNC,SAINT IRENES CHURCH,CARLISLE,1,,,,,,,,,,,False,,False,0.0,0.0,False,False,False,0
MA3051016,7955.425543363559,7.955425543363559,8444.282349467767,8.444282349467766,886.4194038721315,0.8864194038721315,949.1247250430216,0.9491247250430216,3970.633237952016,3.9706332379520157,1,0,1,0,1,2,8,60,False,False,NTNC,"CARLISLE EXTENDED DAY PROGRAM,INC.",CARLISLE,1,,,,,,,,,,,False,,False,0.0,0.0,False,False,False,0
MA3051017,5983.002551098612,5.983002551098611,11027.379727654077,11.027379727654077,2221.4456641892994,2.2214456641892992,3677.9005912581197,3.6779005912581195,2899.004840618119,2.8990048406181192,0,0,1,1,1,11,11,80,False,False,TNC,DCR GREAT BROOK FARM STATE PARK,CARLISLE,2,,,,,,,,,,,False,,False,0.0,0.0,False,False,False,0
MA3051018,7815.894909937369,7.815894909937369,8434.272005785913,8.434272005785914,915.5489945248781,0.9155489945248781,650.025745353822,0.650025745353822,4564.151665764571,4.56415166576457,1,0,1,0,1,1,7,62,False,False,TNC,GLEASON PUBLIC LIBRARY,CARLISLE,1,,,,,,,,,,,False,,False,0.0,0.0,False,False,False,0
MA3051019,5625.840027191507,5.625840027191507,6147.233855187655,6.147233855187655,2725.6432372668214,2.7256432372668216,1960.439269703775,1.960439269703775,3901.520872621337,3.9015208726213366,0,0,1,0,3,8,8,63,False,False,NTNC,WEE FOREST FOLK,CARLISLE,1,,,,,,,,,,,False,,False,0.0,0.0,False,False,False,0
MA3051020,7761.844713586376,7.761844713586377,8486.17518226785,8.48617518226785,875.0723545893721,0.8750723545893722,698.5013667918839,0.6985013667918839,4580.048105474912,4.580048105474912,1,0,1,0,1,1,7,62,False,False,TNC,FERNS COUNTRY STORE,CARLISLE,1,,,,,,,,,,,False,,False,0.0,0.0,False,False,False,0
MA3051021,6424.4153818079085,6.424415381807909,8637.39548801497,8.63739548801497,3828.454389926175,3.8284543899261747,3142.383385412355,3.142383385412355,4038.1008080781644,4.038100808078164,0,0,0,0,1,5,8,39,True,False,GW,BENFIELD FARMS WELL,CARLISLE,1,,,,,,,,,,,False,,False,0.0,0.0,False,False,False,0
MA3051022,7559.332294679173,7.559332294679173,7988.201445768109,7.988201445768109,2198.3279091382874,2.1983279091382872,1222.0357406972155,1.2220357406972155,5937.346831098921,5.937346831098921,0,0,1,0,1,0,6,58,True,False,GW,BEDROCK WELL,CARLISLE,1,,,,,,,,,,,False,,False,0.0,0.0,False,False,False,0
MA3051023,5712.441224444263,5.712441224444263,6321.175887871408,6.321175887871408,2821.092738250591,2.821092738250591,1950.2418825745506,1.9502418825745507,3813.224637007775,3.813224637007775,0,0,1,0,3,8,8,63,True,False,GW,WELL #1,CARLISLE,2,,,,,,,,,,,False,,False,0.0,0.0,False,False,False,0
MA3056000,1150.3306613546652,1.150330661354665,13415.745667882848,13.415745667882847,859.8434435488861,0.8598434435488861,2097.4213421172353,2.097421342117235,387.05470011346273,0.3870547001134627,1,3,3,20,5,43,12,87,True,False,GW,MEADOWBROOK #3 WELLFIELD,CHELMSFORD,17,CHELMSFORD WATER DISTRICT,10.0,232.0,True,True,8.9,7.2,5.0,22.6,True,True,True,True,0.23346245775513946,13405.0,False,True,False,1
MA3056001,967.7060106617271,0.9677060106617271,15007.183374253422,15.007183374253422,2556.8678914849875,2.5568678914849876,3791.848920094919,3.791848920094919,717.2636639677756,0.7172636639677756,0,3,2,18,5,52,12,85,True,False,GW,CANAL ST. GP WELL 2,CHELMSFORD,3,,,,,,,,,,,False,,True,0.30324522934995807,8682.0,False,True,True,2
MA3056002,3702.5928445946624,3.7025928445946623,19501.895508083537,19.501895508083535,1836.2489082861953,1.8362489082861952,3489.29547566791,3.48929547566791,1396.159665435171,1.3961596654351711,0,0,3,8,4,18,9,67,True,False,GW,BOMIL BEDROCK WELL #2,CHELMSFORD,7,NORTH CHELMSFORD WATER DIST,2.0,58.0,False,False,,,0.0,10.5,False,True,False,True,0.3547051435874087,10981.0,False,True,False,1
MA3067000,439.9578323952804,0.43995783239528036,4843.655377216497,4.843655377216497,1028.9754443081035,1.0289754443081036,1769.2892910168648,1.7692892910168647,1346.928350881347,1.346928350881347,0,0,3,4,6,10,15,47,True,False,GW,NAGOG POND,CONCORD,11,"CONCORD WATER DEPT, MA",12.0,319.0,True,True,6.0,,4.0,14.5,False,True,True,True,0.00743369959412938,4833.0,False,True,False,1
MA3071000,3173.409494904795,3.173409494904795,24059.432357920818,24.05943235792082,561.8432173848665,0.5618432173848665,3330.8979796837502,3.3308979796837503,953.8935584933892,0.9538935584933892,1,1,3,17,7,37,20,108,True,False,GW,SWAN POND RES.,DANVERS,7,DANVERS WATER DEPT.,8.0,145.0,True,True,,5.2,1.0,13.7,False,True,True,True,0.11109465705723359,8056.0,True,True,False,3
MA3073000,224.00561285309308,0.2240056128530931,13712.529541540027,13.712529541540027,1362.4982352665086,1.3624982352665085,1349.528517588605,1.349528517588605,361.0666902205985,0.3610666902205985,0,3,2,20,3,51,17,116,True,False,GW,WELL E2,DEDHAM,18,DEDHAM WESTWOOD WATER DIST.,8.0,232.0,True,True,6.5,5.1000000000000005,4.0,18.0,False,True,True,True,0.09532564930511579,29821.0,True,True,True,5
MA3078000,3536.4697622116373,3.5364697622116372,8947.353725161722,8.947353725161722,2858.840263515175,2.8588402635151753,4612.517691944215,4.612517691944214,599.1211120515253,0.5991211120515253,0,2,1,3,4,3,13,87,False,False,NTNC,DOVER WATER DEPT,DOVER,2,,,,,,,,,,,False,,False,0.0,0.0,False,False,False,0
MA3078001,3381.8875700497742,3.3818875700497744,10144.039815263093,10.144039815263094,2646.191276043721,2.6461912760437207,5009.897885017231,5.009897885017231,787.3782060324555,0.7873782060324556,0,2,1,3,3,3,13,90,True,False,GW,DRILLED WELL  1,DOVER,1,,,,,,,,,,,False,,False,0.0,0.0,False,False,False,0
MA3078005,5229.950040280036,5.229950040280036,6514.051251045949,6.51405125104595,3402.391817784537,3.402391817784537,4495.931543547743,4.4959315435477425,1277.4245412619694,1.2774245412619694,0,0,0,1,4,15,10,66,True,False,GW,TUBULAR WELLS,DOVER,1,,,,,,,,,,,False,,False,0.0,0.0,False,False,False,0
MA3078006,2252.778727158846,2.2527787271588458,8174.2132262328705,8.17421322623287,2300.0075392972753,2.300007539297275,3945.131611788002,3.945131611788002,432.56553126333307,0.4325655312633331,0,2,1,3,4,8,14,89,True,False,GW,KNOLLWOOD DR. WELLS,DOVER,9,,,,,,,,,,,False,,False,0.0,0.0,False,False,False,0
MA3078008,3631.783876816585,3.6317838768165847,8567.468933097769,8.56746893309777,3996.8717163568517,3.9968717163568517,4487.104187889258,4.487104187889258,965.0196444264421,0.9650196444264422,0,3,0,3,4,3,12,71,True,False,GW,WELL # 2,DOVER,2,,,,,,,,,,,False,,False,0.0,0.0,False,False,False,0
MA3078010,4561.358451334491,4.561358451334491,9128.501065166269,9.128501065166269,2867.143239744684,2.8671432397446837,4460.495295838643,4.460495295838643,1428.9519963905375,1.4289519963905375,0,0,1,3,4,4,11,82,False,False,TNC,PRECIOUS BEGINNINGS,DOVER,1,,,,,,,,,,,False,,False,0.0,0.0,False,False,False,0
MA3078011,3113.8264285851556,3.1138264285851553,12272.339593010822,12.272339593010821,1086.212285143434,1.086212285143434,4172.926199633632,4.172926199633632,2735.7249107002867,2.7357249107002866,0,0,1,2,3,3,14,81,False,False,TNC,POWISSET FARM,DOVER,1,,,,,,,,,,,False,,False,0.0,0.0,False,False,False,0
MA3079000,329.24811817778755,0.32924811817778754,22994.49822546543,22.99449822546543,2155.8190258883997,2.1558190258883996,2265.320021328276,2.265320021328276,883.1884999092791,0.8831884999092792,0,1,1,2,1,5,6,52,True,False,GW,NEW BOSTON RD. GP WELL 1,DRACUT,10,DRACUT WATER SUPPLY DISTRICT,8.0,232.0,True,True,6.1000000000000005,,3.0,14.6,False,True,True,True,0.30382413672116704,19589.0,True,True,True,3
MA3092000,3048.9412195628533,3.0489412195628534,42927.93781383183,42.927937813831825,1611.132588059811,1.611132588059811,1807.94547432462,1.80794547432462,4.813269199024435,0.004813269199024435,0,2,3,2,3,2,9,19,True,False,GW,HARRY HOMANS 1 GP WELL,ESSEX,3,,,,,,,,,,,False,,False,0.0,0.0,False,False,False,0
MA3092003,5199.6985442932555,5.1996985442932555,48644.74509602343,48.64474509602343,3624.3749310530084,3.6243749310530085,3456.3654515919275,3.4563654515919273,3280.6609552579444,3.2806609552579444,0,0,0,0,1,3,5,12,False,False,TNC,"ESSEX MEETING AND RETREAT CENTER, LLC",ESSEX,1,,,,,,,,,,,False,,False,0.0,0.0,False,False,False,0
MA3100000,1792.6163339034406,1.7926163339034407,3569.625030651133,3.569625030651133,1942.5293071018564,1.9425293071018563,1687.6726125621954,1.6876726125621953,447.6170322839944,0.44761703228399435,0,1,1,5,4,31,10,63,True,True,GW,BIRCH RD. GP WELL  3,FRAMINGHAM,3,FRAMINGHAM WATER DEPT. (MWRA),5.0,116.0,False,False,,,0.0,10.5,False,True,False,True,0.7882473043295075,80049.0,True,True,True,4
MA3100003,993.5947669372166,0.9935947669372166,7257.946572367184,7.257946572367183,3279.3334957445727,3.279333495744573,4087.1755297175914,4.087175529717592,1767.3453637714272,1.7673453637714271,0,0,0,5,4,16,12,66,False,True,TNC,NATIVE PLANT TRUST INC.,FRAMINGHAM,1,,,,,,,,,,,False,,False,0.0,0.0,False,False,False,0
MA3105000,7951.690201884512,7.951690201884512,35442.47805472794,35.442478054727935,2720.409482497156,2.720409482497156,1245.271018793684,1.2452710187936842,1681.2718376686114,1.6812718376686113,0,0,1,2,3,3,8,32,True,False,GW,DUFFYS LANDING GP WELL,GEORGETOWN,5,GEORGETOWN WATER DEPARTMENT,2.0,58.0,False,False,,,0.0,10.5,False,True,False,False,0.0,0.0,False,False,False,0
MA3107000,1197.0650374961758,1.1970650374961758,48241.803310195806,48.241803310195806,2384.2569977265503,2.3842569977265504,372.5272368112664,0.37252723681126637,674.9482170242779,0.674948217024278,0,1,1,8,2,9,5,12,False,False,SW,KLONDIKE RES.,GLOUCESTER,7,GLOUCESTER PUBLIC UTILITY DIVISION,8.0,232.0,False,False,,,0.0,10.5,False,True,False,True,0.07382275345383893,7637.0,True,True,False,2
MA3116000,8115.824908795966,8.115824908795966,37831.12595779541,37.831125957795415,912.3468116348657,0.9123468116348658,1229.810524661017,1.2298105246610171,1252.3231577179413,1.2523231577179412,1,0,2,2,2,5,9,33,True,False,GW,GP WELL 4 MERRIMACK R.,GROVELAND,3,GROVELAND WATER DEPARTMENT,4.0,116.0,True,True,6.3,,4.0,14.8,False,True,True,False,0.0,0.0,False,False,False,0
MA3119000,2100.330450344809,2.100330450344809,36358.52070310054,36.35852070310054,958.4538502279379,0.9584538502279379,1406.8744494866564,1.4068744494866565,1970.158678663274,1.970158678663274,1,0,1,1,5,5,13,57,True,False,GW,BRIDGE ST. TUB  GP WELLS,HAMILTON,7,HAMILTON WATER DEPT,5.0,116.0,True,True,11.1,11.2,5.0,28.8,True,True,True,True,0.07390461390997885,1151.0,True,True,False,2
MA3128000,1418.0246091018191,1.4180246091018192,33121.226541316944,33.12122654131694,1988.0238527048325,1.9880238527048326,2358.743637857028,2.3587436378570277,1404.8289121450625,1.4048289121450626,0,0,1,4,2,19,9,61,False,False,SW,JOHNSONS POND,HAVERHILL,7,HAVERHILL WATER DEPT,5.0,116.0,False,False,,,0.0,10.5,False,True,False,True,0.22908791163014647,38467.0,True,True,True,3
MA3144000,1079.3060305403146,1.0793060305403146,39412.88419251865,39.412884192518646,2775.8875663830704,2.77588756638307,1713.5360583064514,1.7135360583064514,3565.579773312318,3.5655797733123182,0,0,2,0,2,2,12,13,True,False,GW,BROWNS GP WELL,IPSWICH,9,IPSWICH DPU  WATER DEPT,18.0,348.0,True,True,7.3,,6.0,19.1,False,True,True,False,0.0,0.0,False,False,False,0
MA3144008,1940.6507055222633,1.9406507055222633,37954.53544217157,37.95453544217157,3523.609340457087,3.523609340457087,6640.659217705741,6.640659217705741,86.11196847328314,0.08611196847328315,0,1,0,2,1,2,10,6,False,False,NTNC,MICRO MECH,IPSWICH,1,,,,,,,,,,,False,,False,0.0,0.0,False,False,False,0
MA3149000,2930.7966404724953,2.9307966404724954,26804.100999401235,26.804100999401236,2702.0399307657535,2.7020399307657534,1558.7667545652835,1.5587667545652835,762.2102906627495,0.7622102906627495,0,2,2,21,3,32,7,69,False,False,SW,MERRIMACK RIVER,LAWRENCE,1,LAWRENCE WATER WORKS,6.0,116.0,True,False,,,2.0,10.5,False,True,True,True,0.9997082756367885,110238.0,True,True,True,4
MA3157000,736.2737151969499,0.7362737151969498,4654.996148407807,4.654996148407807,2221.7843354415077,2.221784335441508,3626.1301211740283,3.6261301211740284,3536.431610069931,3.5364316100699313,0,0,1,0,2,11,18,61,True,False,GW,TOWER RD. GP WELL,LINCOLN,3,LINCOLN WATER DEPT,7.0,203.0,True,True,6.4,5.4,3.0,18.3,False,True,True,True,0.0002976432452270315,4241.0,False,True,False,1
MA3160000,2738.5557453016277,2.738555745301628,20686.026776571358,20.686026776571357,2311.149602546398,2.311149602546398,4337.134348939103,4.337134348939103,386.268691796824,0.386268691796824,0,1,3,9,4,19,8,64,False,False,SW,MERRIMACK RIVER,LOWELL,1,LOWELL REGIONAL WATER UTILITY,4.0,116.0,True,True,4.6,,3.0,13.1,False,True,True,True,0.9227566089055709,124801.0,True,True,True,4
MA3160005,550.1055505788767,0.5501055505788767,20054.44267710867,20.054442677108668,2128.0464747802894,2.128046474780289,1825.6026386512535,1.8256026386512536,645.0975757305982,0.6450975757305982,0,2,3,23,5,32,8,74,False,False,TNC,HERITAGE FARMS ICE CREAM,LOWELL,1,,,,,,,,,,,False,,False,0.0,0.0,False,False,False,0
MA3163000,70.42670167740094,0.07042670167740094,21278.852499800305,21.278852499800305,1340.1061595564813,1.3401061595564814,1116.5647009131724,1.1165647009131723,426.9600651242079,0.4269600651242079,0,1,2,27,8,55,25,175,False,True,SW,BREEDS POND,LYNN,7,LYNN WATER AND SEWER COMM,4.0,116.0,True,True,4.7,,5.0,13.2,False,True,True,True,0.8696771103285099,101709.0,True,True,True,5
MA3164000,6608.816097627784,6.608816097627784,21150.860634609984,21.150860634609984,3322.0252420820802,3.32202524208208,1118.1069218014716,1.1181069218014716,1458.354437257293,1.458354437257293,0,0,0,6,4,18,20,131,True,False,GW,MAIN STREET G.P. WELL,LYNNFIELD,11,LYNNFIELD CENTER WATER DISTRICT,6.0,174.0,True,True,6.1000000000000005,,4.0,14.6,False,True,True,True,5.408512142261108e-06,1116.0,False,True,False,1
MA3164003,7187.376960247798,7.187376960247798,22809.107761448897,22.809107761448896,2974.9020770629136,2.9749020770629135,2374.223681333355,2.3742236813333553,1289.0565680742639,1.2890565680742638,0,0,1,3,2,14,18,121,False,False,TNC,"SAGAMORE SPRING GOLF CLUB, INC.",LYNNFIELD,1,,,,,,,,,,,False,,False,0.0,0.0,False,False,False,0
MA3164005,7460.333937416995,7.460333937416994,22684.200877242285,22.684200877242287,3078.990642416876,3.0789906424168763,1693.8740094357693,1.6938740094357692,1813.314044769155,1.8133140447691551,0,0,0,4,4,17,19,122,False,False,TNC,POCAHONTAS SPRING WATER (VND),LYNNFIELD,1,,,,,,,,,,,False,,False,0.0,0.0,False,False,False,0
MA3166000,2141.930188339796,2.141930188339796,41761.52900258914,41.761529002589135,411.38064953784357,0.4113806495378436,710.9131070560649,0.7109131070560648,2260.185836269569,2.260185836269569,2,0,2,2,4,3,11,21,True,False,GW,GRAVELLY POND,MANCHESTER,3,MANCHESTER BY THE SEA DPW,5.0,145.0,True,True,12.0,4.8,6.0,25.8,True,True,True,False,0.0,0.0,False,False,False,0
MA3166003,2707.8972915214376,2.7078972915214377,45475.49127874423,45.47549127874423,3398.3111453119855,3.3983111453119856,1555.2350576128517,1.5552350576128517,3438.9404256107587,3.4389404256107587,0,0,0,0,4,3,8,12,False,False,TNC,MANCHESTER MEDICAL OFFICE BUILDING,MANCHESTER,1,,,,,,,,,,,False,,False,0.0,0.0,False,False,False,0
MA3180000,1208.5027133481162,1.2085027133481163,48378.79735548839,48.37879735548839,1242.5284236524835,1.2425284236524836,1700.4581627469634,1.7004581627469633,1570.633064049691,1.570633064049691,0,0,2,3,5,4,7,25,True,False,GW,EAST MAIN ST GP WELL,MERRIMAC,4,MERRIMAC WATER DEPARTMENT,4.0,116.0,True,True,6.9,,1.0,15.4,False,True,True,True,0.16327556891259343,1278.0,True,False,False,1
MA3181000,1163.433135898551,1.163433135898551,26848.832835579167,26.848832835579167,3297.4916021851764,3.2974916021851763,3204.2972310021473,3.204297231002147,1337.6289737454028,1.3376289737454028,0,0,0,15,2,34,7,74,False,False,SW,MERRIMACK RIVER,METHUEN,1,METHUEN WATER DEPT,4.0,116.0,True,False,4.0,,3.0,12.5,False,True,True,True,0.5791982090874266,60793.0,True,True,True,4
MA3181004,2754.5711618863984,2.7545711618863984,23899.95834625553,23.89995834625553,3370.196293698658,3.370196293698658,6150.292641715553,6.150292641715553,1296.5172578206066,1.2965172578206066,0,0,0,5,1,13,11,92,False,False,TNC,JIMMYS II RESTAURANT,METHUEN,1,,,,,,,,,,,False,,False,0.0,0.0,False,False,False,0
MA3184004,3633.0404750237767,3.6330404750237766,26344.855794010327,26.34485579401033,2227.05682164559,2.22705682164559,5398.6127428202435,5.3986127428202435,1061.162588129962,1.061162588129962,0,0,2,5,4,17,17,82,False,False,TNC,"MIDDLETON GOLF COURSE II, INC.",MIDDLETON,1,,,,,,,,,,,False,,False,0.0,0.0,False,False,False,0
MA3184011,7186.1885618553,7.1861885618553,26110.34057114761,26.11034057114761,391.8280079285218,0.3918280079285218,5781.793495921186,5.781793495921186,387.00539193397367,0.38700539193397365,1,1,3,2,3,3,9,40,False,False,TNC,CANDLELITE MOTOR INN,MIDDLETON,1,,,,,,,,,,,False,,False,0.0,0.0,False,False,False,0
MA3184015,2053.1968241557156,2.0531968241557155,28084.319963975788,28.084319963975787,2351.863459212936,2.351863459212936,3755.601724189106,3.755601724189106,123.34921326446398,0.12334921326446398,0,1,1,6,4,14,16,77,False,False,TNC,FARMER BROWNS,MIDDLETON,1,,,,,,,,,,,False,,False,0.0,0.0,False,False,False,0
MA3198000,503.8256504179578,0.5038256504179578,525.232700256354,0.5252327002563539,1897.8303286465173,1.8978303286465172,1758.2780134573643,1.7582780134573643,333.2784773068393,0.3332784773068393,0,6,1,20,4,39,17,73,True,False,GW,SPRINGVALE #2 GP WELL,NATICK,14,NATICK WATER DEPARTMENT,8.0,232.0,True,True,14.3,37.3,6.0,67.8,True,True,True,True,0.2204836477945079,23156.0,True,True,True,4
MA3199000,5528.597394543068,5.528597394543068,6540.625066117882,6.540625066117882,2818.6607170999114,2.8186607170999114,4029.328179985585,4.029328179985585,1476.6242828648997,1.4766242828648997,0,0,1,3,2,15,10,63,True,True,GW,CHARLES RIVER WELL 3 (STATION 5),NEEDHAM,4,NEEDHAM WATER DEPT,6.0,174.0,True,True,4.6,5.0,2.0,16.1,False,True,True,True,1.0330443452169702e-05,6761.0,False,True,False,1
MA3205001,6137.03001284669,6.13703001284669,41956.4509314704,41.9564509314704,3188.144614102998,3.1881446141029977,1713.9873258246723,1.7139873258246723,4717.912692425735,4.7179126924257355,0,0,0,0,3,1,13,22,True,False,GW,LARKIN ST. GP WELL 1,NEWBURY,4,,,,,,,,,,,False,,False,0.0,0.0,False,False,False,0
MA3205006,3715.0176129685237,3.715017612968524,49210.441320398386,49.21044132039839,2276.8357302775266,2.2768357302775266,6630.960416736385,6.630960416736385,5426.764204821966,5.426764204821966,0,0,1,0,3,0,7,13,False,False,TNC,OLD TOWN COUNTRY CLUB,NEWBURY,1,,,,,,,,,,,False,,False,0.0,0.0,False,False,False,0
MA3205007,3017.6500357711247,3.017650035771125,45478.822875929014,45.47882287592901,241.4520072056669,0.2414520072056669,2258.7618607504605,2.2587618607504605,4722.557281916035,4.7225572819160355,1,0,2,0,3,5,8,16,False,False,TNC,OULD NEWBURY GOLF CLUB,NEWBURY,1,,,,,,,,,,,False,,False,0.0,0.0,False,False,False,0
MA3205018,3004.819769157003,3.004819769157003,49185.31601698633,49.185316016986334,1164.6258435314905,1.1646258435314905,2905.3607970923754,2.905360797092375,1104.0066814604725,1.1040066814604725,0,0,1,12,4,12,11,22,False,False,TNC,HOLISTIC FAMILY HEALTH PRACTICE,NEWBURY,1,,,,,,,,,,,False,,False,0.0,0.0,False,False,False,0
MA3205021,3047.7585049444397,3.0477585049444396,49101.40641194882,49.101406411948815,1111.999305657255,1.111999305657255,2937.341580398875,2.937341580398875,1114.1974481602613,1.1141974481602612,0,0,1,12,4,12,11,22,False,False,NTNC,RUPP REALTY TRUST,NEWBURY,1,,,,,,,,,,,False,,False,0.0,0.0,False,False,False,0
MA3206000,1152.804876631404,1.152804876631404,44600.98594744469,44.60098594744469,1562.3307059594351,1.5623307059594351,2059.5266660495317,2.059526666049532,1415.8070300937368,1.4158070300937369,0,0,3,7,4,22,12,28,True,False,SW,WELL  2,NEWBURYPORT,5,NEWBURYPORT WATER DEPARTMENT,6.0,174.0,True,True,,4.6,2.0,13.1,False,True,True,True,0.048071348332991946,2213.0,True,False,False,1
MA3210000,975.0348956215373,0.9750348956215373,29414.89791494878,29.414897914948778,1346.7304572115845,1.3467304572115846,1077.581886982584,1.077581886982584,489.24177053399006,0.48924177053399004,0,1,2,8,3,25,10,67,False,False,SW,LAKE COCHICHEWICK  NPS,NORTH ANDOVER,2,NORTH ANDOVER WATER DEPT,5.0,116.0,False,False,,,0.0,10.5,False,True,False,True,0.1329549843003573,15707.0,False,True,True,2
MA3213000,3393.986213963607,3.3939862139636072,16741.667151767902,16.741667151767903,343.4223046929959,0.3434223046929959,1244.3925975638501,1.2443925975638501,460.10867185795763,0.4601086718579576,1,2,1,9,3,26,15,90,True,False,GW,RAILROAD BED WELLS,NORTH READING,7,NORTH READING WATER DEPT.,5.0,116.0,True,False,,,3.0,10.5,False,True,True,False,0.0,0.0,False,False,False,0
MA3229000,3825.9347925891425,3.8259347925891425,23993.161667160755,23.993161667160756,723.645647501958,0.723645647501958,1668.2873466901383,1.6682873466901382,288.998097826202,0.288998097826202,1,2,7,17,9,56,25,151,True,True,SW,PINE ST. GP WELL,PEABODY,6,PEABODY WATER DEPT.,13.0,348.0,True,True,7.0,,5.0,15.5,False,True,True,True,0.27842181473131017,29939.0,True,True,True,4
MA3246000,727.7440655785539,0.7277440655785539,15432.391917604222,15.432391917604221,2606.0754714627415,2.6060754714627414,1785.774112266155,1.785774112266155,388.5134037947296,0.3885134037947296,0,2,3,23,6,43,15,101,True,False,GW,WELL #8220,READING,9,READING WATER DEPARTMENT,4.0,116.0,False,False,,,0.0,10.5,False,True,False,True,0.026093036734740723,2565.0,True,True,False,2
MA3252000,702.7387080085485,0.7027387080085485,57624.07103152964,57.62407103152964,282.81979114625267,0.28281979114625266,521.6830794127638,0.5216830794127638,1961.4058138097064,1.9614058138097064,1,0,1,3,1,7,2,10,True,False,ESW,DEEP BEDROCK WELL,ROCKPORT,9,ROCKPORT WATER DEPT,4.0,116.0,False,False,,,0.0,10.5,False,True,False,True,0.07277197929279942,828.0,True,False,False,1
MA3254000,1751.3668879537022,1.751366887953702,37543.590088595076,37.543590088595074,2888.817787597629,2.888817787597629,4609.882711320055,4.609882711320055,1601.0579915681524,1.6010579915681524,0,0,1,1,3,3,10,5,True,False,GW,PINGREE FARM WELLFIELD #5,ROWLEY,3,ROWLEY WATER DEPARTMENT,4.0,116.0,True,True,7.7,5.7,7.0,21.0,True,True,True,False,0.0,0.0,False,False,False,0
MA3259000,4459.487835638924,4.459487835638924,56234.4619119331,56.234461911933096,5410.031694357557,5.410031694357557,4288.73722805755,4.28873722805755,1910.078205514808,1.910078205514808,0,0,0,2,0,8,6,22,True,False,GW,GP WELL 8,SALISBURY,4,SALISBURY WATER DEPARTMENT,4.0,58.0,True,True,6.0,,3.0,14.5,False,True,True,False,0.0,0.0,False,False,False,0
MA3269002,1288.9194683538906,1.2889194683538905,8172.77278659104,8.17277278659104,2402.5572970529984,2.4025572970529985,4445.612287170665,4.445612287170665,427.1369511201287,0.42713695112012867,0,1,2,1,2,7,10,67,True,False,GW,WELL  1,SHERBORN,3,,,,,,,,,,,False,,False,0.0,0.0,False,False,False,0
MA3269003,1298.5387270765207,1.2985387270765207,8398.212874055494,8.398212874055494,2625.684072312357,2.6256840723123567,4490.890376893934,4.490890376893934,645.6586931240195,0.6456586931240195,0,1,2,1,2,9,10,67,False,False,TNC,UNITARIAN UNIVERSALIST AREA CHURCH,SHERBORN,1,,,,,,,,,,,False,,False,0.0,0.0,False,False,False,0
MA3269011,1735.8474181171691,1.735847418117169,7523.683168990579,7.523683168990579,1777.2628063267493,1.7772628063267493,4477.602234910166,4.477602234910166,379.4683430292998,0.37946834302929977,0,1,2,1,2,10,11,65,False,False,NTNC,PINE HILL ELEMENTARY SCHOOL,SHERBORN,1,,,,,,,,,,,False,,False,0.0,0.0,False,False,False,0
MA3269017,1739.406679110266,1.739406679110266,7776.830466517192,7.7768304665171915,2004.0482884365163,2.004048288436516,4750.29038858587,4.75029038858587,73.83990092617202,0.07383990092617201,0,1,2,1,2,11,10,66,False,False,TNC,ANEMOTIA REALTY,SHERBORN,1,,,,,,,,,,,False,,False,0.0,0.0,False,False,False,0
MA3269019,1263.988263712926,1.263988263712926,8599.145135936085,8.599145135936086,2826.3107909372184,2.8263107909372183,4480.5159617080235,4.480515961708024,848.7867649782111,0.848786764978211,0,1,1,1,2,9,10,66,False,False,NTNC,SHERBORN TOWN OFFICES; POLICE; LIBRARY,SHERBORN,1,,,,,,,,,,,False,,False,0.0,0.0,False,False,False,0
MA3269024,1840.6737059513762,1.8406737059513762,7697.773586644701,7.6977735866447015,1926.2130816542606,1.9262130816542606,4675.952282592799,4.675952282592799,143.96896814741925,0.14396896814741925,0,1,2,1,2,13,10,66,False,False,TNC,FIRESIDE TAVERN SHERBORN,SHERBORN,1,,,,,,,,,,,False,,False,0.0,0.0,False,False,False,0
MA3269025,1223.7176498025667,1.2237176498025668,8432.491354510195,8.432491354510196,2661.3750209314203,2.66137502093142,4416.51388453787,4.41651388453787,682.2679645446949,0.682267964544695,0,1,1,1,2,8,10,66,False,False,TNC,SHERBORN PLAZA,SHERBORN,1,,,,,,,,,,,False,,False,0.0,0.0,False,False,False,0
MA3269026,1135.3828032073777,1.1353828032073776,8526.20711689491,8.52620711689491,2756.747246631129,2.756747246631129,4338.691464180977,4.338691464180977,780.5314588387001,0.7805314588387001,0,1,1,1,2,8,10,66,False,False,TNC,SHERBORN MARKET,SHERBORN,1,,,,,,,,,,,False,,False,0.0,0.0,False,False,False,0
MA3269027,1551.3666358884918,1.5513666358884919,7943.4432535476035,7.943443253547604,2171.700279801908,2.171700279801908,4635.209172630442,4.635209172630441,192.8094052268322,0.1928094052268322,0,1,2,1,2,11,10,66,False,False,TNC,FISKE PROPERTY,SHERBORN,1,,,,,,,,,,,False,,False,0.0,0.0,False,False,False,0
MA3269028,1253.188092924704,1.2531880929247041,8283.81703527238,8.28381703527238,2515.4640139119083,2.515464013911908,4409.446802363811,4.409446802363811,544.6859670013745,0.5446859670013745,0,1,2,1,2,7,10,67,True,False,GW,LELAND FARMS WELL,SHERBORN,1,,,,,,,,,,,False,,False,0.0,0.0,False,False,False,0
MA3269030,1113.6216987560274,1.1136216987560275,8546.790387789817,8.546790387789818,2777.8919579131016,2.7778919579131016,4318.81817360309,4.31881817360309,802.7539754776317,0.8027539754776317,0,1,1,1,2,8,10,66,False,False,TNC,PILGRIM CHURCH,SHERBORN,1,,,,,,,,,,,False,,False,0.0,0.0,False,False,False,0
MA3269031,1649.1609559919466,1.6491609559919467,7881.164965873908,7.881164965873908,2108.32806597839,2.10832806597839,4730.7330675979165,4.7307330675979165,137.17985101826733,0.13717985101826732,0,1,2,1,2,11,10,67,False,False,TNC,SHERBORN CROSSING,SHERBORN,1,,,,,,,,,,,False,,False,0.0,0.0,False,False,False,0
MA3269032,2422.4317990935697,2.4224317990935695,11640.289376213605,11.640289376213605,3563.5181965795573,3.5635181965795573,2096.5646976634334,2.0965646976634336,890.0345313572436,0.8900345313572436,0,1,0,3,1,6,11,58,True,False,GW,WELL 2,SHERBORN,2,,,,,,,,,,,False,,False,0.0,0.0,False,False,False,0
MA3288000,478.1333241191639,0.47813332411916387,6833.691468265145,6.833691468265145,1428.8057738374778,1.4288057738374778,2402.7248436286036,2.4027248436286035,250.75569135729404,0.25075569135729403,0,4,1,7,5,10,13,62,True,False,GW,GP WELL 10,SUDBURY,9,SUDBURY WATER DISTRICT,10.0,290.0,True,True,9.0,,6.0,19.0,False,True,True,False,0.0,0.0,False,False,False,0
MA3295000,3115.3981955597274,3.1153981955597274,21218.684938588605,21.218684938588606,5371.104693955624,5.3711046939556235,5600.630165623626,5.600630165623627,2010.174541500796,2.010174541500796,0,0,0,2,0,23,13,110,False,False,SW,MERRIMACK RIVER,TEWKSBURY,1,TEWKSBURY WATER DEPARTMENT,4.0,116.0,True,True,5.0,,3.0,13.5,False,True,True,True,8.68293386593577e-07,1470.0,False,True,False,1
MA3295001,1597.589169379646,1.597589169379646,17378.94505302636,17.37894505302636,650.1443241811031,0.6501443241811031,1509.4529045674888,1.5094529045674887,1082.027859027669,1.0820278590276688,1,0,2,7,5,19,10,101,True,False,GW,OLD TUBULAR WELL,TEWKSBURY,2,,,,,,,,,,,False,,False,0.0,0.0,False,False,False,0
MA3295002,172.18149955623693,0.17218149955623693,15882.970031349041,15.882970031349041,694.8177675073265,0.6948177675073265,2289.6706936491482,2.2896706936491484,598.5357638653193,0.5985357638653193,1,1,3,3,5,16,12,101,False,False,TNC,DEEP ROCK SPRING (VENDING),TEWKSBURY,1,,,,,,,,,,,False,,False,0.0,0.0,False,False,False,0
MA3298000,4866.17172393553,4.866171723935531,35187.19260648277,35.187192606482775,1753.9416359482966,1.7539416359482967,3978.173087675314,3.978173087675314,2853.8308500502544,2.8538308500502545,0,0,1,1,2,2,9,20,True,False,GW,PERKINS ROW TUB WELL,TOPSFIELD,2,TOPSFIELD WATER DEPARTMENT,2.0,58.0,True,True,9.0,5.4,5.0,20.9,True,True,True,False,0.0,0.0,False,False,False,0
MA3298009,4554.848050723274,4.554848050723274,35331.37914872421,35.33137914872421,2620.2209590115435,2.6202209590115437,4430.921069067798,4.430921069067798,4515.070177728655,4.515070177728655,0,0,1,0,2,2,11,55,False,False,TNC,IPSWICH RIVER WILDLIFE REFUGE,TOPSFIELD,1,,,,,,,,,,,False,,False,0.0,0.0,False,False,False,0
MA3301002,1732.1551180168233,1.7321551180168233,22307.466374505813,22.307466374505815,4329.250368294789,4.329250368294789,527.0070193427031,0.5270070193427031,2823.8020697114694,2.823802069711469,0,0,0,1,1,2,7,33,True,False,GW,WELLPOINT #2,TYNGSBOROUGH,2,,,,,,,,,,,False,,False,0.0,0.0,False,False,False,0
MA3301008,2035.9097190440539,2.035909719044054,22115.657817692845,22.115657817692846,3854.724894149717,3.854724894149717,246.5149233932196,0.2465149233932196,2518.695516689569,2.518695516689569,0,0,0,1,1,3,7,35,True,False,GW,WELL 1,TYNGSBOROUGH,5,,,,,,,,,,,False,,False,0.0,0.0,False,False,False,0
MA3301011,2720.785233825779,2.720785233825779,22044.322485201617,22.04432248520162,3389.3592685709536,3.3893592685709537,524.243308376978,0.524243308376978,2384.53595842779,2.3845359584277896,0,0,0,1,1,4,8,38,False,False,TNC,"AMERICAN LEGION  POST #247, INC.",TYNGSBOROUGH,1,,,,,,,,,,,False,,False,0.0,0.0,False,False,False,0
MA3301019,2484.9461922802484,2.4849461922802485,20595.814841993186,20.595814841993185,5424.443165071947,5.424443165071947,2926.597182400368,2.9265971824003683,2128.477654587146,2.128477654587146,0,0,0,2,0,2,5,16,False,False,NTNC,PICONICS,TYNGSBOROUGH,1,,,,,,,,,,,False,,False,0.0,0.0,False,False,False,0
MA3301020,2234.828503743417,2.234828503743417,21809.103034225285,21.809103034225284,3814.1501494824765,3.8141501494824763,580.9494102431095,0.5809494102431094,2255.273127484782,2.255273127484782,0,0,0,1,1,4,7,35,True,False,GW,ROCK WELL 1,TYNGSBOROUGH,1,,,,,,,,,,,False,,False,0.0,0.0,False,False,False,0
MA3301023,8157.164842402887,8.157164842402887,13653.691084704486,13.653691084704485,995.9727732769484,0.9959727732769483,3108.765459993959,3.1087654599939594,20.974024824159695,0.020974024824159696,1,1,1,1,2,1,7,15,False,False,NTNC,MIT HAYSTACK OBSERVATORY,TYNGSBOROUGH,1,,,,,,,,,,,False,,False,0.0,0.0,False,False,False,0
MA3301030,2655.8572480832777,2.6558572480832776,20907.136014559084,20.907136014559086,5029.002057712792,5.029002057712791,3822.477916672123,3.8224779166721228,1477.1437341602893,1.4771437341602893,0,0,0,1,0,2,4,12,False,False,NTNC,BUSINESS PARK WEST CONDOMINIUM TRUST,TYNGSBOROUGH,1,,,,,,,,,,,False,,False,0.0,0.0,False,False,False,0
MA3301034,7967.5410335827655,7.967541033582766,13150.467871077133,13.150467871077133,867.4038415307501,0.8674038415307501,3146.634775234555,3.146634775234555,494.9415285781641,0.4949415285781641,1,1,1,1,2,1,7,17,False,False,NTNC,MIT MILLSTONE LABORATORY,TYNGSBOROUGH,2,,,,,,,,,,,False,,False,0.0,0.0,False,False,False,0
MA3301035,1731.647523141588,1.731647523141588,22295.81632537689,22.29581632537689,4325.65007052216,4.32565007052216,531.3010967414621,0.5313010967414621,2813.7324131657656,2.8137324131657655,0,0,0,1,1,2,7,33,True,False,GW,ROCK WELL,TYNGSBOROUGH,3,,,,,,,,,,,False,,False,0.0,0.0,False,False,False,0
MA3301038,2354.2512383173726,2.3542512383173726,21041.494022294657,21.041494022294657,5340.788925165336,5.340788925165336,3466.7115706883733,3.466711570688373,1381.0095015496934,1.3810095015496933,0,0,0,1,0,2,4,14,False,False,NTNC,TYNGSBORO BUSINESS PARK LOT 1,TYNGSBOROUGH,1,,,,,,,,,,,False,,False,0.0,0.0,False,False,False,0
MA3301043,1255.7020378686318,1.2557020378686319,21958.442880343147,21.958442880343146,6051.476881091333,6.051476881091333,2685.938989356399,2.6859389893563987,1045.8299861173948,1.0458299861173947,0,0,0,1,0,2,6,18,False,False,NTNC,PLAZA @ PONDVIEW PLACE LLC,TYNGSBOROUGH,1,,,,,,,,,,,False,,False,0.0,0.0,False,False,False,0
MA3301045,1263.4538919210243,1.2634538919210243,22246.133233307544,22.246133233307543,6471.923128320645,6.471923128320645,3024.8327763705593,3.0248327763705594,627.882127515647,0.627882127515647,0,1,0,1,0,2,6,16,False,False,TNC,TWINCO REALTY DBA MAXS COUNTRY GOLF,TYNGSBOROUGH,1,,,,,,,,,,,False,,False,0.0,0.0,False,False,False,0
MA3301047,1512.604825186453,1.512604825186453,22207.681249039797,22.207681249039798,6287.672483122137,6.287672483122138,3301.626436660778,3.301626436660778,376.7977129319074,0.37679771293190745,0,1,0,1,0,2,4,15,False,False,TNC,VILLAGE CROSSING,TYNGSBOROUGH,1,,,,,,,,,,,False,,False,0.0,0.0,False,False,False,0
MA3305000,5121.913103345699,5.121913103345698,18048.217053311477,18.048217053311475,1165.2254853321438,1.1652254853321438,998.9611779861705,0.9989611779861705,353.6930556179595,0.3536930556179595,0,4,3,15,5,34,19,137,False,True,SW,CRYSTAL LAKE,WAKEFIELD,1,WAKEFIELD WATER DEPT,6.0,173.0,True,True,6.9,,3.0,15.4,False,True,True,True,0.09711548954003578,1116.0,False,True,False,1
MA3315000,2518.3815632049977,2.518381563204998,3816.4502658113884,3.8164502658113886,1470.0593453840042,1.4700593453840043,202.6381039613863,0.2026381039613863,1636.617141109114,1.6366171411091142,0,0,4,4,5,22,13,62,True,False,GW,MEADOWVIEW GP WELL  1,WAYLAND,9,WAYLAND WATER DEPARTMENT,8.0,232.0,True,True,9.0,4.0,6.0,22.0,True,True,True,True,3.0983405190934726e-09,1984.0,False,True,False,1
MA3317000,1948.6876329735153,1.9486876329735152,3223.759028598531,3.223759028598531,2398.765787849799,2.3987657878497988,2481.7750247539534,2.4817750247539534,716.7517136533462,0.7167517136533462,0,2,2,11,5,23,20,124,True,True,GW,WELLESLEY AVE. DUG WELL,WELLESLEY,10,WELLESLEY WATER DIVISION,10.0,290.0,True,True,6.3,6.6,6.0,19.3,False,True,True,True,0.021036499574119426,3638.0,False,True,False,1
MA3317001,4738.662679300384,4.7386626793003845,4263.463197432582,4.263463197432582,2465.0184176255298,2.46501841762553,1855.1009778339715,1.8551009778339715,349.93545891502896,0.349935458915029,0,1,1,10,2,23,14,75,True,True,GW,BOTANY WELL 1,WELLESLEY,2,,,,,,,,,,,False,,True,0.7258758495989578,1967.0,False,True,False,1
MA3320000,2689.6462682290567,2.6896462682290565,36146.35164948494,36.14635164948494,744.7417533783204,0.7447417533783204,4436.821697897474,4.436821697897474,1640.9383589119934,1.6409383589119935,1,0,2,1,4,8,14,64,True,False,GW,GP WELL  1,WENHAM,2,WENHAM WATER DEPT.,2.0,58.0,True,True,7.2,6.4,5.0,20.1,True,True,True,True,8.619508355868264e-08,1567.0,True,False,False,1
MA3324000,2617.0642242829226,2.6170642242829225,42781.15204928105,42.781152049281054,2379.2685299378763,2.3792685299378764,1929.226658944786,1.9292266589447862,1462.3182835208584,1.4623182835208584,0,0,3,1,5,18,11,32,True,False,GW,BEDROCK WELL,WEST NEWBURY,3,WEST NEWBURY WATER DEPARTMENT,5.0,116.0,False,False,,,0.0,10.5,False,True,False,False,0.0,0.0,False,False,False,0
MA3330000,1503.6104484605135,1.5036104484605135,12109.397132354838,12.109397132354838,283.2230046161463,0.2832230046161463,507.1429027579354,0.5071429027579354,1371.9411229413142,1.3719411229413143,1,0,1,4,2,6,8,35,True,False,GW,STEPINSKI WELL,WESTFORD,19,WESTFORD WATER DEPARTMENT,8.0,207.0,True,True,8.6,4.4,5.0,19.5,False,True,True,True,0.03831194974681589,4891.0,False,True,False,1
MA3330019,6450.951750456764,6.450951750456764,12253.321173461789,12.253321173461789,2206.185673771055,2.206185673771055,2755.270418067282,2.755270418067282,1942.8084657118698,1.9428084657118698,0,0,1,1,2,1,8,20,True,False,GW,WELL # 2,WESTFORD,2,HAYSTACK ESTATES,2.0,58.0,True,True,5.6,,4.0,14.1,False,True,True,False,0.0,0.0,False,False,False,0
MA3330024,3747.7950814622272,3.747795081462227,12130.859238924797,12.130859238924797,4217.702322310382,4.217702322310382,4924.655817777185,4.924655817777185,3659.195796996839,3.6591957969968387,0,0,0,0,1,3,5,30,False,False,TNC,BUTTER BROOK CROSSING GOLF CLUB,WESTFORD,1,,,,,,,,,,,False,,False,0.0,0.0,False,False,False,0
MA3330025,7234.0323601334485,7.234032360133448,15782.423415972473,15.782423415972472,3487.9038285972842,3.4879038285972843,2050.3557524311896,2.0503557524311895,2535.098800624481,2.535098800624481,0,0,0,1,3,3,7,23,False,False,NTNC,SUMMER VILLAGE,WESTFORD,3,,,,,,,,,,,False,,False,0.0,0.0,False,False,False,0
MA3333000,2953.242068550253,2.953242068550253,8773.562061915896,8.773562061915896,209.89373348355977,0.20989373348355977,3656.8348013662803,3.6568348013662804,1276.9779574172883,1.2769779574172884,1,0,2,13,6,28,18,99,True,True,GW,KENDALL GREEN TUB. WELLS,WESTON,1,WESTON WATER DEPT.,4.0,116.0,False,False,,,0.0,10.5,False,True,False,True,3.655943319833396e-06,2205.0,False,True,False,1
MA3333002,4741.742710256387,4.741742710256387,2257.6916437909954,2.2576916437909955,3091.3595933723495,3.0913595933723497,2290.9826805752696,2.2909826805752695,2454.2570699569496,2.4542570699569497,0,0,0,5,1,21,16,99,False,True,TNC,THE RIVERS SCHOOL,WESTON,1,,,,,,,,,,,False,,False,0.0,0.0,False,False,False,0
MA3335008,4439.570186130613,4.439570186130613,12076.577443014123,12.076577443014124,409.61852624190465,0.40961852624190465,2100.156741308034,2.1001567413080338,3090.3740568579865,3.0903740568579865,1,0,2,0,4,22,12,96,False,False,TNC,"HALE EDUCATION, INC.",WESTWOOD,9,,,,,,,,,,,False,,False,0.0,0.0,False,False,False,0
MA3342000,2237.484119079094,2.237484119079094,11390.773526822002,11.390773526822002,211.17397937019805,0.21117397937019805,1415.651461680719,1.415651461680719,260.1501083111231,0.2601501083111231,1,6,3,21,4,36,16,122,True,False,GW,BUTTERS ROW GP WELL 2,WILMINGTON,11,WILMINGTON WATER DEPT,12.0,290.0,True,False,,,2.0,10.5,False,True,True,True,8.04343867923129e-07,7330.0,False,True,False,1
MA3344000,1961.6456153662448,1.9616456153662447,13962.859593053112,13.962859593053112,1285.779782776451,1.285779782776451,2141.8209093712544,2.1418209093712544,779.8646164833584,0.7798646164833584,0,1,1,6,3,33,22,273,False,True,SW,MIDDLE RESERVOIR,WINCHESTER,3,WINCHESTER WATER DEPT,8.0,232.0,False,False,,,0.0,10.5,False,True,False,True,0.06375235645262162,6413.0,False,True,False,1
MA3347000,1615.145019146295,1.615145019146295,9788.353061207052,9.78835306120705,1554.6522907959022,1.5546522907959022,1458.847727001296,1.458847727001296,485.6933500776275,0.4856933500776275,0,4,1,22,7,50,19,158,True,True,GW,G.P. WELL B,WOBURN,10,WOBURN WATER DEPT.,6.0,174.0,True,True,8.4,6.9,6.0,21.8,True,True,True,True,0.42821994099257576,31518.0,True,True,False,2
MA4001000,2660.214638444822,2.6602146384448218,40869.11628401464,40.869116284014645,1113.4882750801112,1.1134882750801112,1947.2732470673443,1.9472732470673444,880.5434355649453,0.8805434355649453,0,4,2,16,3,34,16,83,True,False,GW,HINGHAM ST. RES.,ABINGTON,6,ABINGTON/ROCKLAND JOINT WTR. WORKS,14.0,290.0,True,True,12.0,7.0,8.0,34.5,True,True,True,True,0.14083790046078412,11461.0,True,True,True,3
MA4003000,4125.153548531457,4.125153548531457,31720.53992681861,31.72053992681861,2353.685556142241,2.3536855561422407,5197.720382043411,5.197720382043411,4421.610873016772,4.421610873016772,0,0,1,0,2,3,8,34,False,False,PW,PROPOSED RIVET WELLFIELD,ACUSHNET,1,ACUSHNET WATER DEPARTMENT,4.0,116.0,False,False,,,0.0,10.5,False,True,False,True,0.11399875525472633,3183.0,True,True,False,3
MA4003002,4473.788112404494,4.4737881124044945,29881.979693621925,29.881979693621926,1304.5438327169272,1.3045438327169272,4369.8694878579645,4.369869487857964,5593.452891477518,5.593452891477519,0,0,2,0,2,0,11,39,True,False,GW,WELL  2,ACUSHNET,2,,,,,,,,,,,False,,False,0.0,0.0,False,False,False,0
MA4003004,5416.0220175783215,5.416022017578322,31595.05126118782,31.59505126118782,1173.017344601792,1.173017344601792,3704.818694499444,3.704818694499444,3802.8515798615304,3.8028515798615303,0,0,1,0,2,7,10,44,True,False,GW,WELL  1,ACUSHNET,1,,,,,,,,,,,False,,False,0.0,0.0,False,False,False,0
MA4003005,4263.4964438518355,4.263496443851835,30466.85984260402,30.46685984260402,1431.4196249196584,1.4314196249196585,4564.14299557555,4.56414299557555,5166.562843890558,5.166562843890558,0,0,1,0,2,0,10,37,False,False,NTNC,LONG PLAIN CHRISTIAN NURSERY SCHOOL,ACUSHNET,1,,,,,,,,,,,False,,False,0.0,0.0,False,False,False,0
MA4003007,4326.717765689673,4.326717765689673,30533.646905560723,30.533646905560722,1378.1946769491822,1.3781946769491822,4506.144113177088,4.506144113177088,5084.732162565315,5.084732162565315,0,0,1,0,2,0,10,38,False,False,TNC,COUNTRY WHIP,ACUSHNET,1,,,,,,,,,,,False,,False,0.0,0.0,False,False,False,0
MA4003009,3059.676408278004,3.0596764082780044,31898.959972802168,31.898959972802167,3705.988496302591,3.705988496302591,6632.317029213205,6.632317029213206,5357.812988804996,5.357812988804996,0,0,0,0,1,0,6,22,False,False,NTNC,LITTLE PEOPLES COLLEGE,ACUSHNET,1,,,,,,,,,,,False,,False,0.0,0.0,False,False,False,0
MA4003010,4075.133494100249,4.075133494100249,30940.499165278852,30.94049916527885,1791.4411279569006,1.7914411279569005,4852.631695024205,4.852631695024205,4894.4279130490995,4.8944279130491,0,0,1,0,2,1,9,36,False,False,NTNC,WEE FOLK FARM DAYCARE,ACUSHNET,1,,,,,,,,,,,False,,False,0.0,0.0,False,False,False,0
MA4016000,1878.823786968568,1.878823786968568,35556.0866826601,35.556086682660094,4899.166528053823,4.899166528053823,2681.467817015189,2.6814678170151893,977.8006826841606,0.9778006826841606,0,1,0,16,1,43,7,61,True,False,SW,MANCHESTER POND,ATTLEBORO,5,ATTLEBORO WATER DEPT,9.0,203.0,True,True,6.6,12.0,5.0,25.1,True,True,True,True,0.17066260157501215,17292.0,True,True,False,3
MA4018000,4011.6978656584333,4.011697865658434,33070.42078294365,33.07042078294365,154.4735547644071,0.1544735547644071,3372.51092986838,3.37251092986838,445.41884848123044,0.4454188484812304,2,2,3,10,5,26,15,100,True,False,GW,TROUT BROOK WELLFIELD,AVON,7,TOWN OF AVON,4.0,116.0,True,True,5.1000000000000005,6.0,2.0,17.6,False,True,True,True,0.9999999999999984,10646.0,False,True,False,1
MA4020000,1160.7856697416678,1.1607856697416679,16985.84650725086,16.98584650725086,5655.574870959095,5.655574870959096,1610.895089256699,1.610895089256699,628.6692980440711,0.6286692980440711,0,4,0,28,0,30,4,34,True,False,GW,GP WELL 5,BARNSTABLE,5,BARNSTABLE FIRE DISTRICT,7.0,174.0,True,True,4.4,7.1000000000000005,6.0,15.3,False,True,True,True,0.21989699630448564,1113.0,True,True,False,1
MA4020002,1183.4147539191274,1.1834147539191273,7011.255772798309,7.011255772798309,1153.3328403695332,1.153332840369533,757.1209931620856,0.7571209931620856,509.73245856997795,0.509732458569978,0,1,4,5,5,26,6,34,True,False,GW,GP WELL  12  MURRAY,BARNSTABLE,22,CENTERVILLE OSTERVILLE MARSTONS MILLS WD,30.0,870.0,True,True,4.9,,5.0,13.4,False,True,True,True,0.013245882870686159,4411.0,True,True,False,2
MA4020003,718.0741681095064,0.7180741681095064,5719.248065624093,5.719248065624093,1688.9889671329524,1.6889889671329525,1613.7411876548558,1.6137411876548557,578.276562867217,0.578276562867217,0,1,1,2,5,4,6,9,True,False,GW,STATION 5,BARNSTABLE,6,COTUIT FIRE DISTRICT  WATER DEPARTMENT,10.0,290.0,False,False,,,0.0,10.5,False,True,False,False,0.0,0.0,False,False,False,0
MA4020004,298.4847611383494,0.29848476113834943,17693.7215290806,17.6937215290806,4868.191897057204,4.868191897057204,1875.6261812763694,1.8756261812763695,467.52808304141763,0.46752808304141763,0,9,0,28,1,30,4,34,True,False,GW,MARY DUNN WELL  4,BARNSTABLE,12,"HYANNIS WATER SYSTEM, TOWN OF BARNSTABLE",6.0,174.0,True,False,,,3.0,10.5,False,True,True,True,0.7804856723780763,18701.0,True,True,True,5
MA4020013,2404.3602461290625,2.4043602461290625,6309.6374167712665,6.309637416771267,663.3452108806457,0.6633452108806457,4569.45623372974,4.56945623372974,2526.351578207861,2.526351578207861,1,0,1,1,5,2,7,9,False,False,TNC,SANDY TERRACES ASSOCIATES,BARNSTABLE,2,,,,,,,,,,,False,,False,0.0,0.0,False,False,False,0
MA4020016,3312.8867322164447,3.3128867322164446,13358.502925196093,13.358502925196094,5052.670406210976,5.052670406210976,5096.559031665818,5.0965590316658185,3450.0712809324596,3.4500712809324594,0,0,0,0,0,1,4,34,False,False,TNC,OLD VILLAGE STORE,BARNSTABLE,1,,,,,,,,,,,False,,False,0.0,0.0,False,False,False,0
MA4020020,2082.562068125475,2.082562068125475,12274.490177307662,12.274490177307662,3899.046251540515,3.8990462515405153,4024.521413012972,4.024521413012972,3854.1380208187356,3.8541380208187355,0,0,0,0,3,2,4,28,False,False,NTNC,WEST PARISH OF  BARNSTABLE,BARNSTABLE,1,,,,,,,,,,,False,,False,0.0,0.0,False,False,False,0
MA4020021,4303.86880432962,4.303868804329619,14665.406612308994,14.665406612308994,5074.100439057834,5.074100439057833,4836.850485503351,4.8368504855033505,1359.0876062765499,1.3590876062765498,0,0,0,1,0,5,4,33,False,False,TNC,FIRST LUTHERAN CHURCH,BARNSTABLE,1,,,,,,,,,,,False,,False,0.0,0.0,False,False,False,0
MA4020022,3645.996798646947,3.645996798646947,13744.136410089455,13.744136410089455,5268.698285364881,5.268698285364881,5267.389906481058,5.267389906481058,3161.634745617834,3.161634745617834,0,0,0,0,0,1,4,33,False,False,TNC,GREAT MARSH LLC,BARNSTABLE,1,,,,,,,,,,,False,,False,0.0,0.0,False,False,False,0
MA4020023,6139.60024773169,6.13960024773169,14666.474287271676,14.666474287271676,8347.137608062128,8.347137608062129,6500.955653770402,6.500955653770402,6301.4793451177275,6.301479345117728,0,0,0,0,0,0,5,9,False,False,TNC,SANDY NECK BEACH,BARNSTABLE,1,,,,,,,,,,,False,,False,0.0,0.0,False,False,False,0
MA4020024,3114.4988736869727,3.1144988736869728,13183.109923655582,13.183109923655582,4863.356651052205,4.8633566510522055,4917.6534613815975,4.917653461381597,3486.55703613682,3.48655703613682,0,0,0,0,1,1,4,34,False,False,TNC,BARNSTABLE COMMUNITY BUILDING,BARNSTABLE,1,,,,,,,,,,,False,,False,0.0,0.0,False,False,False,0
MA4027001,1828.288767304997,1.828288767304997,50155.57240914133,50.15557240914133,3663.620539883924,3.6636205398839237,2635.269228387774,2.635269228387774,2120.2677408416084,2.1202677408416086,0,0,0,2,4,14,14,50,False,False,NTNC,BERKLEY MIDDLE SCHOOL/TOWN OFFICES,BERKLEY,1,,,,,,,,,,,False,,False,0.0,0.0,False,False,False,0
MA4027002,1173.970007759593,1.1739700077595931,49868.43501952318,49.86843501952318,1734.2200319268393,1.7342200319268393,4720.973857308046,4.720973857308046,1402.5362465702635,1.4025362465702635,0,0,3,2,5,5,13,32,False,False,TNC,DCR DIGHTON ROCK STATE PARK,BERKLEY,1,,,,,,,,,,,False,,False,0.0,0.0,False,False,False,0
MA4027003,2656.5863295645704,2.65658632956457,49141.5223372139,49.1415223372139,2413.554282192415,2.413554282192415,3616.0201516944758,3.616020151694476,2997.7083073902545,2.9977083073902544,0,0,1,1,6,9,13,49,False,False,NTNC,BERKLEY COMMUNITY SCHOOL,BERKLEY,1,,,,,,,,,,,False,,False,0.0,0.0,False,False,False,0
MA4027007,2638.91685414644,2.6389168541464403,48075.540937776874,48.07554093777687,1318.2487802167761,1.3182487802167762,5130.07297628727,5.13007297628727,2052.847222111149,2.0528472221111493,0,0,2,2,7,5,11,41,False,False,NTNC,ANCHOR ACADEMY BERKLEY,BERKLEY,1,,,,,,,,,,,False,,False,0.0,0.0,False,False,False,0
MA4027008,3288.3744888538536,3.2883744888538535,47895.264816778,47.895264816777996,1872.1191013433724,1.8721191013433724,5210.710740187581,5.210710740187581,1578.9443245810378,1.5789443245810377,0,0,2,1,4,8,13,49,False,False,TNC,PADELFORD BERKLEY LLC,BERKLEY,1,,,,,,,,,,,False,,False,0.0,0.0,False,False,False,0
MA4036000,3386.722656145623,3.3867226561456234,5380.738057404367,5.3807380574043675,1427.496904915473,1.4274969049154729,1597.4729012967093,1.5974729012967093,120.06063447003977,0.12006063447003977,0,1,3,5,4,7,5,19,True,False,GW,WELLFIELD  1,BOURNE,8,BOURNE WATER DISTRICT,13.0,377.0,True,True,,4.8,3.0,19.4,False,True,True,True,0.1199852707829608,2106.0,True,True,False,2
MA4036001,7827.395263308096,7.827395263308096,10989.700784256489,10.989700784256488,3641.9462717664796,3.6419462717664794,933.4225808259717,0.9334225808259717,2362.9328950901786,2.3629328950901787,0,0,0,1,3,7,6,20,True,False,GW,WELL 5,BOURNE,5,BUZZARDS BAY WATER DISTRICT,10.0,290.0,False,False,,,0.0,21.0,True,True,False,False,0.0,0.0,False,False,False,0
MA4036002,10701.981304691819,10.701981304691818,13021.161529636678,13.021161529636679,4015.088506830221,4.015088506830221,2019.427295801702,2.019427295801702,1544.6765725974024,1.5446765725974023,0,0,0,3,1,6,5,18,True,False,GW,TUBULAR WELLS,BOURNE,4,NORTH SAGAMORE WATER DISTRICT,4.0,116.0,True,False,,,2.0,10.5,False,True,True,False,0.0,0.0,False,False,False,0
MA4036007,8183.092137323201,8.183092137323202,10343.58966362264,10.343589663622641,2997.0632636099253,2.9970632636099253,493.8570654176748,0.49385706541767477,1711.9815164615786,1.7119815164615786,0,0,1,1,3,8,6,23,False,False,TNC,SANDYS RESTAURANT,BOURNE,2,,,,,,,,,,,False,,False,0.0,0.0,False,False,False,0
MA4036008,9332.752585854732,9.332752585854733,9238.670618806518,9.238670618806518,3965.8948422840326,3.9658948422840328,1747.1854000056062,1.7471854000056062,71.55441089828189,0.07155441089828189,0,1,0,4,2,9,6,17,False,False,NTNC,CAPE COD SPACE FORCE STATION,BOURNE,2,,,,,,,,,,,False,,False,0.0,0.0,False,False,False,0
MA4040000,8304.454361082267,8.304454361082268,28335.614056738035,28.335614056738034,1002.0686308989372,1.002068630898937,2269.81412415576,2.26981412415576,592.4419006255009,0.592441900625501,0,1,2,16,11,35,22,135,False,False,SW,GREAT POND (LOWER),BRAINTREE,4,BRAINTREE WATER AND SEWER DEPT.,5.0,116.0,True,True,5.3,8.5,5.0,20.3,True,True,True,True,0.7432297448638344,43568.0,True,True,True,3
MA4040002,8870.290473634663,8.870290473634663,28350.01853813792,28.35001853813792,2634.1295134665747,2.6341295134665748,2820.4031301972477,2.820403130197248,826.9187436770458,0.8269187436770458,0,1,2,17,11,33,22,134,False,False,SW,GREAT POND,BRAINTREE,1,,,,,,,,,,,False,,False,0.0,0.0,False,False,False,0
MA4041000,2619.5588608726903,2.61955886087269,34923.85652995935,34.923856529959345,1755.5843532378215,1.7555843532378215,1618.9614758775128,1.6189614758775128,1574.0207087691042,1.5740207087691043,0,0,2,2,4,4,6,8,True,False,GW,WELL #5 (SITE 19-84),BREWSTER,6,BREWSTER WATER DEPARTMENT,10.0,290.0,False,False,,,0.0,10.5,False,True,False,True,0.08904382809819693,503.0,True,False,False,1
MA4041004,2240.5547116386674,2.2405547116386675,37195.55111613637,37.19555111613637,1589.7360116630425,1.5897360116630426,5236.918130059958,5.236918130059958,1684.7089569759646,1.6847089569759646,0,0,1,1,2,2,6,8,False,False,TNC,SWEETWATER FOREST INC,BREWSTER,2,,,,,,,,,,,False,,False,0.0,0.0,False,False,False,0
MA4041006,1263.8858913868246,1.2638858913868245,37899.03993684746,37.89903993684746,2960.7430862246692,2.960743086224669,4803.185038959809,4.80318503895981,3019.6531306002066,3.0196531306002066,0,0,1,0,2,2,7,9,False,False,TNC,CAMP FAVORITE,BREWSTER,2,,,,,,,,,,,False,,False,0.0,0.0,False,False,False,0
MA4041007,5662.883813024481,5.662883813024481,33527.754807554804,33.52775480755481,3126.393829167054,3.126393829167054,5910.407811480516,5.910407811480516,2887.2686233439845,2.8872686233439846,0,0,0,1,4,4,5,6,False,False,TNC,CAMP MITTON,BREWSTER,2,,,,,,,,,,,False,,False,0.0,0.0,False,False,False,0
MA4042000,6833.070474485667,6.833070474485667,47277.46954160936,47.27746954160936,436.09642996076326,0.43609642996076325,1511.0781955765976,1.5110781955765977,558.309771039921,0.558309771039921,1,1,2,5,6,15,14,51,True,False,GW,GP WELL 4A,BRIDGEWATER,13,BRIDGEWATER WATER DEPARTMENT,6.0,174.0,True,True,9.0,7.0,7.0,24.0,True,True,True,True,0.06571931105077684,6710.0,True,True,False,2
MA4042003,5572.973423929876,5.572973423929876,44912.85379244486,44.912853792444864,255.18909725352717,0.2551890972535272,1727.7011239434837,1.7277011239434836,3233.159587076296,3.2331595870762957,1,0,3,0,4,2,13,34,False,False,NTNC,STILES AND HART BRICK COMPANY,BRIDGEWATER,1,,,,,,,,,,,False,,False,0.0,0.0,False,False,False,0
MA4044000,684.4177717122635,0.6844177717122635,33211.64846397886,33.21164846397886,1490.1837571440105,1.4901837571440106,2964.2053479638666,2.964205347963867,403.3785483056801,0.4033785483056801,0,2,2,9,4,32,16,87,True,False,SW,BROCKTON RES.,BROCKTON,3,BROCKTON WATER DEPARTMENT,4.0,116.0,False,False,,,0.0,10.5,False,True,False,True,0.9662534400524736,113338.0,True,True,True,4
MA4044003,111.12059684776179,0.1111205968477618,37472.65788817938,37.472657888179384,460.1476056049739,0.46014760560497386,1994.8131364958344,1.9948131364958344,201.88089625251834,0.20188089625251834,1,7,1,16,2,30,13,65,False,False,TNC,SPECTRUM GYMNASTICS INC.,BROCKTON,1,,,,,,,,,,,False,,False,0.0,0.0,False,False,False,0
MA4044005,6131.402810045639,6.131402810045639,36544.94759594313,36.54494759594313,2017.138464558325,2.0171384645583252,2872.5945431783643,2.8725945431783644,1049.089271399316,1.049089271399316,0,0,1,11,4,24,15,83,False,False,TNC,ROCK SPRING,BROCKTON,1,,,,,,,,,,,False,,False,0.0,0.0,False,False,False,0
MA4050000,2616.0669428474116,2.6160669428474117,22177.217631184965,22.177217631184966,2410.1235172086817,2.4101235172086817,1343.0900948621122,1.3430900948621123,312.98178821838746,0.31298178821838746,0,2,1,18,2,46,12,115,True,True,GW,GP WELL  #11 (PECUNIT),CANTON,8,CANTON WATER DEPT,8.0,232.0,True,True,5.0,,4.0,13.5,False,True,True,True,0.43827681291969,25478.0,False,True,False,1
MA4052001,2422.6895115010307,2.4226895115010305,28799.3529349631,28.7993529349631,5134.498862470645,5.134498862470645,2117.0730539017586,2.1170730539017586,4001.752752392021,4.001752752392021,0,0,0,0,0,1,8,26,True,False,GW,WELLFIELD 2,CARVER,1,,,,,,,,,,,False,,True,0.7297551430780417,1293.0,True,False,False,1
MA4052003,1490.2182127766118,1.490218212776612,25643.880765399335,25.643880765399334,1685.2680337055626,1.6852680337055626,6655.8677641527665,6.655867764152767,1638.930230139895,1.638930230139895,0,0,1,2,2,2,5,16,False,False,TNC,CRANE BROOK RESTAURANT,CARVER,2,,,,,,,,,,,False,,False,0.0,0.0,False,False,False,0
MA4052006,1296.283326921384,1.296283326921384,25654.64757709631,25.654647577096313,1514.8802332275482,1.5148802332275482,7040.427279186092,7.040427279186092,1307.8113523205461,1.3078113523205461,0,0,1,2,2,3,5,16,False,False,TNC,ELKA PROPERTIES LLC,CARVER,1,,,,,,,,,,,False,,False,0.0,0.0,False,False,False,0
MA4052007,3641.7145750960563,3.6417145750960564,31202.334530883916,31.202334530883917,3287.8288985710715,3.2878288985710715,4142.783541245968,4.142783541245968,683.5562032602962,0.6835562032602962,0,1,0,1,3,2,9,15,False,False,NTNC,CARVER ELEMENTARY SCHOOL,CARVER,3,,,,,,,,,,,False,,False,0.0,0.0,False,False,False,0
MA4052008,1698.4197877796944,1.6984197877796945,25258.660885383306,25.258660885383307,1920.8541346844922,1.9208541346844923,7636.451679034214,7.636451679034214,468.2731214394188,0.4682731214394188,0,1,1,2,2,5,5,16,False,False,TNC,ERICKSONS ICE CREAM CAFE INC,CARVER,1,,,,,,,,,,,False,,False,0.0,0.0,False,False,False,0
MA4052011,3328.743020829541,3.328743020829541,30748.31362530712,30.74831362530712,4002.8528167923128,4.002852816792313,3894.2875824910448,3.8942875824910446,806.5330581372624,0.8065330581372624,0,1,0,1,2,2,8,15,False,False,TNC,CAPTAIN PAL PRESCHOOL / UNITED PARISH,CARVER,2,,,,,,,,,,,False,,False,0.0,0.0,False,False,False,0
MA4052014,1884.1629048378818,1.8841629048378818,25831.28894452035,25.831288944520352,2985.505401802909,2.985505401802909,5066.815582475563,5.066815582475563,3500.2689432038437,3.5002689432038436,0,0,1,0,2,3,6,19,False,False,TNC,CRANBERRYACRES JELLYSTONE PARK,CARVER,7,,,,,,,,,,,False,,False,0.0,0.0,False,False,False,0
MA4052017,3536.251272760572,3.5362512727605724,31652.642715013004,31.652642715013005,3093.8961067395885,3.0938961067395887,4234.042727080273,4.234042727080273,1032.0141160489165,1.0320141160489165,0,0,0,1,2,2,8,14,False,False,TNC,CEDAR SPRINGS PLAZA,CARVER,1,,,,,,,,,,,False,,False,0.0,0.0,False,False,False,0
MA4052018,1885.051739878884,1.885051739878884,25060.55910165828,25.06055910165828,2109.189920537242,2.1091899205372417,7546.463285882652,7.546463285882652,304.4949840514618,0.3044949840514618,0,2,1,2,2,6,4,16,False,False,TNC,TREMONT PLACE,CARVER,1,,,,,,,,,,,False,,False,0.0,0.0,False,False,False,0
MA4052019,3500.478931050202,3.500478931050202,30919.70982224207,30.91970982224207,3834.2381861878393,3.8342381861878394,3907.376499888763,3.907376499888763,825.0667411114861,0.825066741111486,0,1,0,1,2,2,8,15,False,False,TNC,GEORGIOS PIZZA,CARVER,1,,,,,,,,,,,False,,False,0.0,0.0,False,False,False,0
MA4052021,993.052240652817,0.9930522406528169,27698.712013338496,27.698712013338497,823.4278992166506,0.8234278992166506,7371.71765693196,7.37171765693196,2874.833906461268,2.874833906461268,1,0,1,1,1,4,9,14,False,False,TNC,EDAVILLE RAILROAD,CARVER,2,,,,,,,,,,,False,,False,0.0,0.0,False,False,False,0
MA4052022,2762.8510188938003,2.7628510188938002,19319.52279160068,19.31952279160068,3791.5729577758984,3.7915729577758985,1426.5481185727597,1.4265481185727598,4867.88279379231,4.86788279379231,0,0,0,0,1,2,6,29,False,False,TNC,DCR MYLES STANDISH STATE FOREST,CARVER,13,,,,,,,,,,,False,,False,0.0,0.0,False,False,False,0
MA4052025,2775.0683479667437,2.7750683479667435,23976.71190797417,23.97671190797417,2209.02175393311,2.20902175393311,6916.182799963059,6.9161827999630585,987.9524360719626,0.9879524360719626,0,1,1,2,2,7,4,18,True,False,GW,WELL  2,CARVER,2,,,,,,,,,,,False,,True,0.9999999999999999,1844.0,True,False,False,1
MA4052026,3433.10140920285,3.43310140920285,24159.37525889322,24.159375258893217,3269.570672745866,3.269570672745866,4636.8940941257215,4.636894094125721,2989.48471114947,2.98948471114947,0,0,0,1,2,2,3,15,True,False,GW,WELL # 1,CARVER,2,,,,,,,,,,,False,,True,0.9999999999999999,1844.0,True,False,False,1
MA4052030,3357.387238853192,3.3573872388531916,30759.470654355202,30.7594706543552,3998.311499093207,3.9983114990932074,3832.0095189208723,3.8320095189208723,883.7800471352879,0.8837800471352879,0,1,0,1,2,2,8,16,False,False,TNC,DANDY CAFE,CARVER,1,,,,,,,,,,,False,,False,0.0,0.0,False,False,False,0
MA4052044,2797.0448980971873,2.7970448980971874,32759.94856745404,32.75994856745404,1995.8147355202686,1.9958147355202687,4590.2705346199555,4.590270534619956,2054.432613310922,2.054432613310922,0,0,1,2,5,2,8,20,True,False,GW,WELL 2,CARVER,2,,,,,,,,,,,False,,False,0.0,0.0,False,False,False,0
MA4052045,3530.953228394543,3.530953228394543,31364.882429643367,31.364882429643366,3404.7510035708415,3.4047510035708415,3864.372881582368,3.864372881582368,1085.469849177625,1.0854698491776251,0,0,0,1,3,2,9,18,False,False,TNC,90 MAIN STREET LLC,CARVER,1,,,,,,,,,,,False,,False,0.0,0.0,False,False,False,0
MA4052046,728.0167697340062,0.7280167697340062,36513.779748075656,36.513779748075656,966.7936570211258,0.9667936570211257,7242.1574728752375,7.242157472875237,804.1888368975465,0.8041888368975465,1,1,5,1,5,1,11,13,False,False,TNC,SILO MARKET PLACE,CARVER,1,,,,,,,,,,,False,,False,0.0,0.0,False,False,False,0
MA4052049,1670.3795040942343,1.6703795040942344,34384.786040595805,34.384786040595806,425.4797704366326,0.4254797704366326,5948.267040963475,5.948267040963475,1429.9881641748668,1.4299881641748668,1,0,4,1,5,2,8,10,False,False,NTNC,LANDMARK TRUST,CARVER,1,,,,,,,,,,,False,,False,0.0,0.0,False,False,False,0
MA4052050,985.1136676088818,0.9851136676088817,35059.141741875224,35.05914174187522,314.06456084899366,0.31406456084899365,6280.863898661978,6.280863898661978,721.2538761883129,0.7212538761883129,1,1,5,1,5,2,10,11,False,False,NTNC,MARQUIS BUILDING,CARVER,1,,,,,,,,,,,False,,False,0.0,0.0,False,False,False,0
MA4052054,2116.3448441816813,2.1163448441816812,26849.123910990722,26.849123910990723,2147.250225608942,2.147250225608942,9115.890493822813,9.115890493822814,2450.6807583698633,2.450680758369863,0,0,1,3,1,5,5,16,True,False,GW,WELL 1,CARVER,2,,,,,,,,,,,False,,False,0.0,0.0,False,False,False,0
MA4052056,3186.9231854497675,3.1869231854497677,30519.31039500059,30.51931039500059,4260.775867026725,4.260775867026725,3600.139338908462,3.6001393389084617,1143.5340940047738,1.1435340940047738,0,0,0,1,2,1,8,20,False,False,NTNC,MARKETPLACE SQUARE LLC.,CARVER,1,,,,,,,,,,,False,,False,0.0,0.0,False,False,False,0
MA4052057,500.74636232563296,0.500746362325633,35535.84564807949,35.535845648079494,816.534360499902,0.816534360499902,6521.859127700115,6.521859127700115,200.95541767455666,0.20095541767455666,1,1,5,1,5,2,10,13,False,False,NTNC,SHOPS AT CARVER CROSSING,CARVER,2,,,,,,,,,,,False,,False,0.0,0.0,False,False,False,0
MA4052058,1355.986407616608,1.355986407616608,25696.54365401972,25.69654365401972,1559.4531516139277,1.5594531516139278,6821.674412272387,6.821674412272387,1534.4057664793625,1.5344057664793624,0,0,1,2,2,2,5,16,False,False,TNC,CARVER COUNCIL ON AGING,CARVER,2,,,,,,,,,,,False,,False,0.0,0.0,False,False,False,0
MA4052059,1343.1856059510292,1.3431856059510292,25699.528498944695,25.699528498944694,1548.4580927767574,1.5484580927767575,6860.886308534806,6.8608863085348055,1511.258256752768,1.511258256752768,0,0,1,2,2,2,5,16,False,False,TNC,DAVES LIQUORS,CARVER,1,,,,,,,,,,,False,,False,0.0,0.0,False,False,False,0
MA4052060,3569.6398620427644,3.5696398620427643,31626.883379358263,31.626883379358265,3119.030910299685,3.119030910299685,4246.673273703287,4.246673273703287,998.2941425674346,0.9982941425674347,0,1,0,1,2,2,8,13,False,False,TNC,PINE VIEW PLAZA / 73 MAIN ST CONDO TRUST,CARVER,1,,,,,,,,,,,False,,False,0.0,0.0,False,False,False,0
MA4052061,3582.8599296805364,3.5828599296805366,31056.944909763617,31.05694490976362,3643.5632734359465,3.6435632734359467,3633.963597102283,3.6339635971022832,1105.2216789555962,1.1052216789555962,0,0,0,1,2,2,8,21,True,False,GW,WELL #3,CARVER,3,,,,,,,,,,,False,,False,0.0,0.0,False,False,False,0
MA4052062,1317.5983470322585,1.3175983470322585,34783.200778458115,34.78320077845812,190.60512325854978,0.19060512325854978,6201.798599089336,6.201798599089336,1052.1424077175675,1.0521424077175674,1,0,5,1,5,2,8,12,False,False,TNC,QUICKEEZ,CARVER,1,,,,,,,,,,,False,,False,0.0,0.0,False,False,False,0
MA4052063,1341.5603659735225,1.3415603659735225,25555.694004733134,25.555694004733134,1569.664123250317,1.569664123250317,7457.613090716459,7.457613090716459,888.0724450190258,0.8880724450190258,0,1,1,2,2,4,5,16,False,False,TNC,COUNTRY JUNCTION PLAZA,CARVER,1,,,,,,,,,,,False,,False,0.0,0.0,False,False,False,0
MA4052064,2981.9160365676003,2.9819160365676,30859.143587750183,30.859143587750182,4138.053748690063,4.138053748690063,2814.0445707174376,2.8140445707174377,1917.9439983033587,1.9179439983033588,0,0,0,1,1,2,10,26,False,False,NTNC,CARVER HIGH SCHOOL AND MIDDLE SCHOOL,CARVER,1,,,,,,,,,,,False,,False,0.0,0.0,False,False,False,0
MA4052065,3376.876753877676,3.376876753877676,31849.930572284688,31.849930572284688,2896.5537300526066,2.8965537300526067,4262.586626680885,4.262586626680886,1205.1849600729968,1.2051849600729967,0,0,1,1,3,2,8,15,False,False,TNC,MAIN STREET COURT CONDOMINIUM TRUST,CARVER,2,,,,,,,,,,,False,,False,0.0,0.0,False,False,False,0
MA4052066,3904.00066094048,3.90400066094048,23216.9645524619,23.2169645524619,1905.9130511377575,1.9059130511377576,5456.477838097424,5.456477838097424,2470.1484056167933,2.4701484056167935,0,0,1,2,2,2,3,17,False,False,TNC,OCEAN SPRAY RECEIVING STATION,CARVER,1,,,,,,,,,,,False,,False,0.0,0.0,False,False,False,0
MA4052067,3433.10140920285,3.43310140920285,24159.37525889322,24.159375258893217,3269.570672745866,3.269570672745866,4636.8940941257215,4.636894094125721,2989.48471114947,2.98948471114947,0,0,0,1,2,2,3,15,True,False,GW,WELL 2,CARVER,2,,,,,,,,,,,False,,False,0.0,0.0,False,False,False,0
MA4052068,3455.5806789392273,3.4555806789392274,31521.646122918006,31.521646122918007,3222.8406915264372,3.222840691526437,3988.4672405096585,3.9884672405096584,1091.797937024615,1.0917979370246151,0,0,0,1,2,2,8,18,False,False,TNC,CARVER DUNKIN DONUTS,CARVER,2,,,,,,,,,,,False,,False,0.0,0.0,False,False,False,0
MA4052069,3668.8431210513518,3.668843121051352,31671.959809355838,31.671959809355837,3072.1892259764445,3.0721892259764445,4423.391217524746,4.423391217524746,935.4320440729958,0.9354320440729958,0,1,0,1,3,2,8,13,True,False,GW,WELL  2,CARVER,2,,,,,,,,,,,False,,False,0.0,0.0,False,False,False,0
MA4052070,2981.0349868636504,2.9810349868636505,23922.76492756103,23.92276492756103,2179.6750494788353,2.1796750494788353,6509.663738541086,6.509663738541086,1275.3689398853635,1.2753689398853636,0,0,1,2,2,5,4,18,True,False,GW,"WELL  1 (CAPPED, INACTIVE)",CARVER,3,,,,,,,,,,,False,,True,1.0,1844.0,True,False,False,1
MA4052071,1412.9508839798712,1.4129508839798712,34690.96065371177,34.69096065371177,229.29057493613087,0.22929057493613086,6160.475351821018,6.1604753518210185,1150.597800621755,1.150597800621755,1,0,5,1,5,2,8,12,False,False,TNC,FROSTY DOG,CARVER,1,,,,,,,,,,,False,,False,0.0,0.0,False,False,False,0
MA4052072,1034.5671565364187,1.0345671565364187,36186.43679447073,36.18643679447073,2129.737482764267,2.129737482764267,6359.556916920676,6.359556916920676,1362.9280786964423,1.3629280786964424,0,0,5,1,6,1,10,22,True,False,GW,COLE WELL #2,CARVER,2,,,,,,,,,,,False,,False,0.0,0.0,False,False,False,0
MA4052073,1607.3731707724794,1.6073731707724794,24545.893487243855,24.545893487243855,3049.9526486495065,3.0499526486495063,8443.514070558986,8.443514070558985,458.41643011563883,0.4584164301156388,0,2,0,3,2,9,4,17,False,False,TNC,THE BERRY GUYS,CARVER,1,,,,,,,,,,,False,,False,0.0,0.0,False,False,False,0
MA4052074,1268.7678907865884,1.2687678907865885,26243.722997227713,26.243722997227714,1780.49469811385,1.78049469811385,6149.476835060661,6.149476835060661,2563.064725050829,2.563064725050829,0,0,1,1,2,3,5,17,True,False,GW,WELL #2,CARVER,2,,,,,,,,,,,False,,True,1.0,1293.0,True,False,False,1
MA4052075,2058.5338683654345,2.0585338683654344,25551.32913101246,25.55132913101246,2676.5374108174983,2.6765374108174984,9248.28387851368,9.248283878513679,1442.6939824585436,1.4426939824585436,0,0,1,4,2,6,4,16,False,False,TNC,CHURCH IN THE PINES,MIDDLEBOROUGH,1,,,,,,,,,,,False,,False,0.0,0.0,False,False,False,0
MA4055000,528.3411000218975,0.5283411000218975,40954.86864738179,40.95486864738179,1349.39636382778,1.3493963638277802,1284.1942693672431,1.284194269367243,1273.191192681618,1.2731911926816182,0,0,2,2,2,2,7,9,True,False,GW,SO. CHATHAM WELL  1,CHATHAM,11,CHATHAM WATER DEPARTMENT,10.0,290.0,False,False,,,0.0,10.5,False,True,False,True,0.06721934455223275,596.0,True,False,False,1
MA4055005,2070.2417994223147,2.070241799422315,44532.985128778026,44.53298512877802,2804.7767074105145,2.8047767074105145,2517.3539453762473,2.5173539453762475,2862.5004344710874,2.8625004344710874,0,0,2,1,2,2,4,6,False,False,TNC,PLEASANT BAY VILLAGE MOTEL,CHATHAM,2,,,,,,,,,,,False,,False,0.0,0.0,False,False,False,0
MA4062000,3854.071300079159,3.8540713000791587,39410.56762766776,39.41056762766776,3185.855042195532,3.185855042195532,4195.349674232243,4.195349674232244,12442.81123534846,12.44281123534846,0,0,0,0,2,0,3,0,True,False,GW,TUBULAR WELLFIELD  1,CHILMARK,3,,,,,,,,,,,False,,True,0.0020532803098660284,439.0,False,True,False,1
MA4062001,3950.945176746132,3.950945176746132,39046.54852210526,39.04654852210526,2868.854602407978,2.868854602407978,4505.580808153819,4.505580808153819,12161.293118270001,12.16129311827,0,0,1,0,2,0,4,0,False,False,TNC,MENEMSHA INN,CHILMARK,2,,,,,,,,,,,False,,False,0.0,0.0,False,False,False,0
MA4062002,5162.482499005919,5.162482499005919,39802.30557402008,39.80230557402008,3192.2500349593847,3.1922500349593848,4897.155382845254,4.897155382845254,11882.782694138385,11.882782694138385,0,0,0,0,2,0,3,0,False,False,TNC,CHILMARK TAVERN,CHILMARK,1,,,,,,,,,,,False,,False,0.0,0.0,False,False,False,0
MA4062003,5120.147819663156,5.120147819663156,39888.26499705625,39.88826499705625,3278.969707794413,3.278969707794413,4822.61598502575,4.82261598502575,11968.035826930562,11.968035826930562,0,0,0,0,2,0,3,0,False,False,TNC,MENEMSHA SCHOOL,CHILMARK,1,,,,,,,,,,,False,,False,0.0,0.0,False,False,False,0
MA4062004,3763.6846679326313,3.7636846679326315,39254.702685458076,39.25470268545808,3155.8996105108718,3.155899610510872,4284.395951444447,4.284395951444447,12455.495970493528,12.455495970493528,0,0,0,0,2,0,3,0,False,False,TNC,BEACH PLUM INN,CHILMARK,1,,,,,,,,,,,False,,False,0.0,0.0,False,False,False,0
MA4062005,7724.139998334785,7.724139998334785,33764.97071205711,33.764970712057114,2873.7206510427354,2.8737206510427353,7705.297255106308,7.7052972551063075,7234.574706847876,7.234574706847876,0,0,1,0,3,0,5,3,False,False,TNC,INN AT BLUEBERRY HILL,CHILMARK,2,,,,,,,,,,,False,,False,0.0,0.0,False,False,False,0
MA4062006,5325.9298461473745,5.325929846147375,39697.59291739625,39.69759291739625,3086.3009917156046,3.086300991715605,5074.490294605131,5.0744902946051305,11715.82010337477,11.71582010337477,0,0,0,0,2,0,4,0,False,False,TNC,CHILMARK COMMUNITY CENTER,CHILMARK,1,,,,,,,,,,,False,,False,0.0,0.0,False,False,False,0
MA4062007,7788.819178119927,7.788819178119927,33085.99338555987,33.085993385559874,2876.184584745736,2.876184584745736,7796.157543019019,7.796157543019019,7305.859885380244,7.305859885380245,0,0,1,0,3,0,5,3,False,False,TNC,MILL BROOK SPRINGS,CHILMARK,1,,,,,,,,,,,False,,False,0.0,0.0,False,False,False,0
MA4062008,5398.5887235295095,5.398588723529509,39783.031995116486,39.78303199511649,3174.1383671835592,3.1741383671835592,5092.260777199978,5.092260777199979,11735.537337611358,11.735537337611358,0,0,0,0,2,0,4,0,False,False,NTNC,CHILMARK SCHOOL,CHILMARK,1,,,,,,,,,,,False,,False,0.0,0.0,False,False,False,0
MA4065000,2780.63783890147,2.78063783890147,44817.51844150772,44.817518441507715,1506.347276464147,1.506347276464147,1029.7266228376527,1.0297266228376527,774.3532734960143,0.7743532734960142,0,1,2,2,3,2,12,37,True,False,SW,LILY POND,COHASSET,4,COHASSET WATER DEPT,3.0,87.0,True,True,6.7,4.5,5.0,17.7,False,True,True,False,0.0,0.0,False,False,False,0
MA4072000,1028.9687150284935,1.0289687150284936,38318.43556851544,38.31843556851544,807.9223331188707,0.8079223331188707,1588.4598915528736,1.5884598915528736,989.6362614196353,0.9896362614196352,1,1,1,8,4,16,11,65,True,False,GW,WELL D,DARTMOUTH,14,DARTMOUTH WATER DIVISION,10.0,290.0,True,True,4.2,50.6,7.0,59.1,True,True,True,True,0.18644944433389393,12943.0,True,True,True,4
MA4072003,731.5056999331732,0.7315056999331733,42389.43275186008,42.38943275186008,1568.544573274478,1.5685445732744778,6321.428944419781,6.3214289444197815,3492.6348541054913,3.4926348541054915,0,0,1,0,2,9,10,37,False,False,TNC,RACHELS LAKESIDE,DARTMOUTH,1,,,,,,,,,,,False,,False,0.0,0.0,False,False,False,0
MA4072005,3712.7360681464856,3.712736068146486,40658.19886513115,40.65819886513115,5939.823744354419,5.9398237443544195,5790.086366312993,5.790086366312993,6335.035497729947,6.335035497729947,0,0,0,0,0,0,2,1,False,False,TNC,DCR DEMAREST LLOYD STATE PARK,DARTMOUTH,1,,,,,,,,,,,False,,False,0.0,0.0,False,False,False,0
MA4072006,624.1373742040747,0.6241373742040747,42320.813065227114,42.320813065227114,1504.5673436744776,1.5045673436744775,6196.611003183504,6.196611003183504,3416.6037965812516,3.4166037965812515,0,0,1,0,2,9,10,37,False,False,TNC,CHINA BELLE RESTAURANT,DARTMOUTH,1,,,,,,,,,,,False,,False,0.0,0.0,False,False,False,0
MA4072009,2380.7712646466057,2.3807712646466057,42279.05972031141,42.27905972031141,5538.344354669562,5.538344354669562,4312.15857024134,4.3121585702413405,5972.952208691602,5.972952208691602,0,0,0,0,0,0,2,1,False,False,TNC,ROUND THE BEND FARM,SOUTH DARTMOUTH,1,,,,,,,,,,,False,,False,0.0,0.0,False,False,False,0
MA4072010,4902.657504532023,4.902657504532023,39138.64153719706,39.13864153719706,4712.39279931034,4.71239279931034,7393.182916718272,7.393182916718272,5047.5918875165835,5.0475918875165835,0,0,0,0,1,0,2,10,False,False,TNC,LLOYD CENTER,DARTMOUTH,1,,,,,,,,,,,False,,False,0.0,0.0,False,False,False,0
MA4075000,6899.213400129503,6.8992134001295025,28828.172617205833,28.828172617205833,1211.6484161575083,1.2116484161575083,3507.151296466413,3.507151296466413,1308.3883301550752,1.3083883301550752,0,0,2,2,4,4,5,13,True,False,GW,GP WELL  8,DENNIS,22,DENNIS WATER DISTRICT,18.0,522.0,True,False,,,2.0,10.5,False,True,True,True,0.19933724324611304,3921.0,True,True,False,2
MA4076000,2530.964857292794,2.530964857292794,51042.28695990054,51.042286959900544,728.6979392296553,0.7286979392296553,4372.057704222582,4.372057704222582,815.6733790098189,0.8156733790098188,1,1,1,2,3,7,11,39,True,False,GW,CEDAR ST. GP WELL  3,DIGHTON,5,DIGHTON WATER DISTRICT,4.0,116.0,True,True,5.5,4.1000000000000005,4.0,16.1,False,True,True,False,0.0,0.0,False,False,False,0
MA4076004,1178.2815607581624,1.1782815607581625,51614.687008300956,51.614687008300955,2314.4920196476296,2.3144920196476297,1153.593644213305,1.153593644213305,1599.672667435445,1.599672667435445,0,0,1,5,3,13,14,46,False,False,SW,TAUNTON RIVER,DIGHTON,1,INIMA USA / AQUARIA LLC,4.0,116.0,False,False,,,0.0,10.5,False,True,False,False,0.0,0.0,False,False,False,0
MA4082000,5102.831069223509,5.102831069223509,41646.42703399654,41.64642703399654,464.7379697548905,0.4647379697548905,1525.8944469021098,1.5258944469021098,1986.689354558673,1.9866893545586728,2,0,2,3,4,4,11,32,True,False,GW,TREMONT WELL 2,DUXBURY,12,DUXBURY WATER DEPARTMENT,19.0,464.0,True,True,7.5,35.0,10.0,87.0,True,True,True,True,2.3035107863861968e-07,633.0,True,False,False,1
MA4082001,3906.102251469977,3.906102251469977,48247.888740969145,48.247888740969145,810.4786948911623,0.8104786948911623,3397.4466737685693,3.3974466737685693,2574.966315404256,2.574966315404256,1,0,1,1,2,7,13,16,False,False,TNC,CAMP WING DUXBURY STOCKADE,DUXBURY,3,,,,,,,,,,,False,,False,0.0,0.0,False,False,False,0
MA4082002,4169.772888888864,4.169772888888864,48517.55794122441,48.51755794122441,1000.3856008468705,1.0003856008468706,3463.6183836319865,3.4636183836319865,2872.7412483928374,2.8727412483928374,0,0,1,1,2,7,13,15,False,False,TNC,BOYS & GIRLS CAMPS INC,DUXBURY,1,,,,,,,,,,,False,,False,0.0,0.0,False,False,False,0
MA4083000,4859.904841246799,4.8599048412468,47195.62564262054,47.195625642620534,1426.8777897573925,1.4268777897573925,2174.3294951317953,2.1743294951317953,889.3928237558316,0.8893928237558316,0,1,2,4,4,8,15,28,True,False,GW,GP WELL  4,EAST BRIDGEWATER,6,East Bridgewater Water Dept.,7.0,116.0,True,True,5.1000000000000005,,3.0,13.6,False,True,True,True,1.9866760526847213e-07,4796.0,True,True,True,2
MA4086001,14551.60396168249,14.551603961682488,49341.75998036617,49.34175998036617,677.3070330359417,0.6773070330359416,6598.137649127745,6.598137649127745,8430.437034880362,8.430437034880363,2,0,2,0,2,0,3,3,False,False,TNC,4100 HOLDINGS LLC,EASTHAM,2,,,,,,,,,,,False,,False,0.0,0.0,False,False,False,0
MA4086002,13993.962313749396,13.993962313749396,49759.10285842618,49.75910285842618,788.0966395491454,0.7880966395491453,5330.009335378282,5.330009335378282,7566.45770324657,7.56645770324657,1,0,2,0,2,0,3,3,False,False,NTNC,EASTHAM ELEMENTARY SCHOOL,EASTHAM,4,,,,,,,,,,,False,,False,0.0,0.0,False,False,False,0
MA4086004,12729.984752105145,12.729984752105144,49420.44379277102,49.42044379277102,2022.939920371345,2.022939920371345,4066.524338334753,4.0665243383347525,6418.860975302965,6.418860975302965,0,0,2,0,2,0,3,3,False,False,TNC,EASTHAM INN,EASTHAM,1,,,,,,,,,,,False,,False,0.0,0.0,False,False,False,0
MA4086005,14182.360758248364,14.182360758248363,49296.210630198046,49.29621063019805,317.5397952922674,0.3175397952922674,6065.691820159433,6.065691820159433,7964.580245243775,7.964580245243774,2,0,2,0,2,0,3,3,False,False,TNC,SHERATON FOUR POINTS,EASTHAM,3,,,,,,,,,,,False,,False,0.0,0.0,False,False,False,0
MA4086007,13829.439536360564,13.829439536360564,49459.27345184764,49.45927345184764,718.418242724983,0.718418242724983,5332.326075983664,5.332326075983664,7426.651372126467,7.426651372126467,1,0,2,0,2,0,3,3,False,False,TNC,NAUSET HAVEN LAKESIDE COTTAGES,EASTHAM,2,,,,,,,,,,,False,,False,0.0,0.0,False,False,False,0
MA4086008,14054.333975756344,14.054333975756345,49292.48377628046,49.29248377628046,265.56144224695834,0.2655614422469583,5870.271462542434,5.870271462542434,7798.762684619074,7.798762684619074,2,0,2,0,2,0,3,3,False,False,TNC,TOWN CRIER MOTEL,EASTHAM,2,,,,,,,,,,,False,,False,0.0,0.0,False,False,False,0
MA4086009,12833.953757896614,12.833953757896614,49412.542196370254,49.412542196370254,1910.4940939909795,1.9104940939909796,4172.626483915465,4.172626483915464,6495.32620763705,6.49532620763705,0,0,2,0,2,0,3,3,False,False,TNC,EASTHAM TOWN HALL,EASTHAM,1,,,,,,,,,,,False,,False,0.0,0.0,False,False,False,0
MA4086010,16313.857053846748,16.31385705384675,50385.94662156169,50.38594662156169,2277.9832089450924,2.277983208945092,8328.449700174286,8.328449700174286,10262.239584988441,10.262239584988441,0,0,2,0,2,0,2,0,False,False,TNC,VIKING SHORES RESORT,EASTHAM,1,,,,,,,,,,,False,,False,0.0,0.0,False,False,False,0
MA4086011,12379.537805031161,12.37953780503116,49107.735296060964,49.107735296060966,2313.335024029454,2.313335024029454,3730.8316294622814,3.730831629462281,6013.399427479245,6.013399427479245,0,0,2,0,2,0,3,3,False,False,NTNC,WHISPERING PINES CONDO ASSOCIATION,EASTHAM,1,,,,,,,,,,,False,,False,0.0,0.0,False,False,False,0
MA4086012,15746.37452628235,15.74637452628235,50017.02664226737,50.01702664226737,1740.4635629807003,1.7404635629807004,7793.019364288658,7.793019364288658,9686.304877868557,9.686304877868556,0,0,2,0,2,0,3,3,False,False,TNC,SANDPIPERS PUB,EASTHAM,1,,,,,,,,,,,False,,False,0.0,0.0,False,False,False,0
MA4086014,14146.413434684142,14.146413434684142,49383.79125455189,49.383791254551895,192.42472259496878,0.1924247225949688,5922.350401424795,5.9223504014247945,7878.69250819432,7.87869250819432,2,0,2,0,2,0,3,3,False,False,TNC,ATLANTIC OAKS CAMPGROUND,EASTHAM,3,,,,,,,,,,,False,,False,0.0,0.0,False,False,False,0
MA4086018,17160.42267045906,17.16042267045906,50618.99641981375,50.618996419813755,3333.950384583158,3.3339503845831584,9387.591953186013,9.387591953186012,11246.388337029208,11.246388337029208,0,0,0,0,2,0,3,0,False,False,TNC,BLUE DOLPHIN INN,EASTHAM,2,,,,,,,,,,,False,,False,0.0,0.0,False,False,False,0
MA4086020,13989.663849868675,13.989663849868675,49286.24408012252,49.286244080122515,365.93257143274684,0.3659325714327468,5765.467588356802,5.765467588356802,7712.498286030887,7.712498286030887,2,0,2,0,2,0,3,3,False,False,TNC,ARNOLDS RESTAURANT,EASTHAM,2,,,,,,,,,,,False,,False,0.0,0.0,False,False,False,0
MA4086021,16615.36177724846,16.615361777248463,50480.53943815247,50.48053943815247,2646.585278949237,2.646585278949237,8698.341953792806,8.698341953792806,10609.254590755358,10.609254590755357,0,0,1,0,2,0,2,0,False,False,TNC,MIDWAY MOTEL,EASTHAM,1,,,,,,,,,,,False,,False,0.0,0.0,False,False,False,0
MA4086022,14900.703413507108,14.900703413507108,49380.32202743624,49.380322027436236,1147.647339209806,1.1476473392098059,7094.65467307409,7.09465467307409,8869.269845314924,8.869269845314925,0,0,2,0,2,0,3,3,False,False,TNC,OAK GROVE COTTAGES,EASTHAM,1,,,,,,,,,,,False,,False,0.0,0.0,False,False,False,0
MA4086023,10141.441912295844,10.141441912295845,48364.15025435121,48.36415025435121,4091.782828273451,4.091782828273451,1526.1138769730635,1.5261138769730636,4057.8509793439425,4.057850979343942,0,0,0,0,3,3,3,3,False,False,TNC,SHORE GARDEN WATER FRONT CONDO.  ASSN.,EASTHAM,3,,,,,,,,,,,False,,False,0.0,0.0,False,False,False,0
MA4086027,14599.040290289282,14.599040290289283,49349.50633209151,49.34950633209151,735.4466115166531,0.7354466115166531,6663.628691934758,6.663628691934758,8489.060626655773,8.489060626655773,1,0,2,0,2,0,3,3,False,False,TNC,GIFT BARN INC.,EASTHAM,1,,,,,,,,,,,False,,False,0.0,0.0,False,False,False,0
MA4086030,10453.828673592481,10.453828673592481,48653.72607029333,48.653726070293324,4105.653992261328,4.105653992261328,1800.6332347362886,1.8006332347362886,4416.231821673257,4.416231821673257,0,0,0,0,3,3,3,3,False,False,TNC,EAGLE WING MOTEL,EASTHAM,1,,,,,,,,,,,False,,False,0.0,0.0,False,False,False,0
MA4086033,16355.650315636369,16.355650315636368,50327.738780146516,50.32773878014652,2375.3459133423867,2.375345913342387,8428.166187041928,8.428166187041928,10338.664063705999,10.338664063705998,0,0,2,0,2,0,2,0,False,False,TNC,POITS LIGHTHOUSE MINI GOLF,EASTHAM,2,,,,,,,,,,,False,,False,0.0,0.0,False,False,False,0
MA4086034,14741.938852613403,14.741938852613403,49331.36792974728,49.33136792974728,975.0520638995613,0.9750520638995613,6900.025797880155,6.900025797880154,8684.35661374103,8.68435661374103,1,0,2,0,2,0,3,3,False,False,TNC,FAIRWAY PIZZERIA/HOLE IN ONE,EASTHAM,1,,,,,,,,,,,False,,False,0.0,0.0,False,False,False,0
MA4086035,13639.88987815365,13.63988987815365,49584.3565917804,49.5843565917804,1104.0718237839983,1.1040718237839984,4983.47040195232,4.98347040195232,7200.2318815504605,7.200231881550461,0,0,2,0,2,0,3,3,False,False,TNC,THE LOBSTER SHANTY,EASTHAM,2,,,,,,,,,,,False,,False,0.0,0.0,False,False,False,0
MA4086036,15014.18576898676,15.01418576898676,49588.288929406765,49.588288929406765,1055.6458305297024,1.0556458305297023,7071.497335191525,7.071497335191525,8923.636274934246,8.923636274934246,0,0,2,0,2,0,3,3,False,False,TNC,VILLAGE GREEN SHOPPING CENTER,EASTHAM,1,,,,,,,,,,,False,,False,0.0,0.0,False,False,False,0
MA4086038,17003.091768039983,17.003091768039983,50556.43046118041,50.55643046118041,3153.6209223059177,3.1536209223059175,9207.289299519447,9.207289299519447,11072.393816648311,11.072393816648312,0,0,0,0,2,0,3,0,False,False,TNC,ATLANTIC BREEZE INN AND COTTAGES,EASTHAM,1,,,,,,,,,,,False,,False,0.0,0.0,False,False,False,0
MA4086039,15455.29799456319,15.45529799456319,49966.67606317996,49.96667606317996,1343.3641727363408,1.3433641727363408,7397.149385602792,7.397149385602792,9331.760273144957,9.331760273144956,0,0,2,0,2,0,3,3,False,False,TNC,WILLYS WORLD WELLNESS AND CONFERENCE CTR,EASTHAM,1,,,,,,,,,,,False,,False,0.0,0.0,False,False,False,0
MA4086040,14698.060765953313,14.698060765953313,49484.42453495506,49.48442453495506,692.5957712403796,0.6925957712403796,6685.224253595012,6.6852242535950115,8557.527949585417,8.557527949585417,1,0,2,0,2,0,3,3,False,False,TNC,MAIN STREET MERCANTILE CONDO II,EASTHAM,1,,,,,,,,,,,False,,False,0.0,0.0,False,False,False,0
MA4086041,14315.35977222831,14.31535977222831,51279.71639535861,51.27971639535861,2018.3481652267908,2.018348165226791,5711.641742864507,5.711641742864507,8409.522751409197,8.409522751409197,0,0,2,0,2,0,3,3,False,False,TNC,CCNS DOANE ROCK PICNIC AREA,EASTHAM,1,,,,,,,,,,,False,,False,0.0,0.0,False,False,False,0
MA4086042,9607.226571407804,9.607226571407804,46796.78716099182,46.79678716099182,3146.9405376248715,3.1469405376248716,1471.6205355819484,1.4716205355819485,2995.1136699490094,2.9951136699490095,0,0,0,1,2,3,3,3,False,False,TNC,WHALE WALK INN,EASTHAM,2,,,,,,,,,,,False,,False,0.0,0.0,False,False,False,0
MA4086043,15054.701268741299,15.054701268741299,49610.04324304268,49.61004324304268,1093.0719635643736,1.0930719635643735,7112.959833203735,7.1129598332037345,8966.720803112104,8.966720803112105,0,0,2,0,2,0,3,3,False,False,TNC,TOWN CENTER SHOPPING PLAZA,EASTHAM,3,,,,,,,,,,,False,,False,0.0,0.0,False,False,False,0
MA4086044,14759.734167145041,14.75973416714504,49209.29849577664,49.209298495776636,1175.5859772966633,1.1755859772966633,7044.2220018805865,7.044222001880587,8762.837574308714,8.762837574308714,0,0,2,0,2,0,3,3,False,False,NTNC,CAPEABILITIES,EASTHAM,1,,,,,,,,,,,False,,False,0.0,0.0,False,False,False,0
MA4086045,14586.067565413237,14.586067565413238,49283.75348925571,49.28375348925571,814.5493888509789,0.8145493888509788,6707.899192667164,6.707899192667164,8502.246504139595,8.502246504139595,1,0,2,0,2,0,3,3,False,False,TNC,SEATOLLER,EASTHAM,2,,,,,,,,,,,False,,False,0.0,0.0,False,False,False,0
MA4086046,15874.325204060096,15.874325204060096,50121.73614285724,50.12173614285724,1840.6223412643137,1.8406223412643137,7894.420155480483,7.894420155480483,9807.067697479466,9.807067697479466,0,0,2,0,2,0,3,3,False,False,TNC,CAPTAINS QUARTERS MOTEL AND CONF. CTR.,EASTHAM,2,,,,,,,,,,,False,,False,0.0,0.0,False,False,False,0
MA4086047,12905.80794678016,12.90580794678016,49175.471211450465,49.175471211450464,1724.18228162556,1.72418228162556,4260.9941339884745,4.260994133988475,6468.804294282786,6.468804294282786,0,0,2,0,2,0,3,3,False,False,TNC,GIBSON COTTAGES,EASTHAM,2,,,,,,,,,,,False,,False,0.0,0.0,False,False,False,0
MA4086048,12732.933811364555,12.732933811364555,47468.16188291381,47.46816188291381,1099.6862137933615,1.0996862137933614,5636.365644773065,5.636365644773065,6934.455898921489,6.934455898921489,0,0,2,0,2,0,3,3,False,False,TNC,SEAMAN COTTAGES LLC,EASTHAM,2,,,,,,,,,,,False,,False,0.0,0.0,False,False,False,0
MA4086053,10835.03063430169,10.83503063430169,48763.99420065913,48.76399420065913,3750.2251667614823,3.7502251667614823,2179.7960861488846,2.1797960861488845,4727.724587416882,4.727724587416882,0,0,0,0,3,2,3,3,False,False,TNC,STARFISH CONDOMINIUM TRUST,EASTHAM,1,,,,,,,,,,,False,,False,0.0,0.0,False,False,False,0
MA4086054,12767.467118653884,12.767467118653883,49348.6989762517,49.3486989762517,1964.1968712653525,1.9641968712653524,4108.726980085445,4.108726980085445,6416.755902951819,6.416755902951818,0,0,2,0,2,0,3,3,False,False,TNC,EASTHAM SUPERETTE,EASTHAM,1,,,,,,,,,,,False,,False,0.0,0.0,False,False,False,0
MA4086055,15964.761902211252,15.964761902211253,50145.343560405694,50.14534356040569,1956.0256913260014,1.9560256913260015,8009.81452321693,8.00981452321693,9913.530828323572,9.913530828323571,0,0,2,0,2,0,2,3,False,False,TNC,NAUSET MARKET,EASTHAM,1,,,,,,,,,,,False,,False,0.0,0.0,False,False,False,0
MA4086090,13699.809634587367,13.699809634587368,49486.86049640392,49.48686049640392,972.6099784430655,0.9726099784430655,5091.588897513185,5.091588897513184,7244.480601857336,7.244480601857337,1,0,2,0,2,0,3,3,False,False,TNC,INN AT THE OAKS,EASTHAM,1,,,,,,,,,,,False,,False,0.0,0.0,False,False,False,0
MA4086092,9754.539364652008,9.754539364652008,46965.97690995084,46.96597690995084,3239.7816732742363,3.239781673274236,1543.208988576589,1.543208988576589,3101.954388166549,3.1019543881665492,0,0,0,0,3,3,3,3,False,False,TNC,HOSTELLING INTERNATIONAL EASTHAM,EASTHAM,1,,,,,,,,,,,False,,False,0.0,0.0,False,False,False,0
MA4086093,13431.05150632743,13.43105150632743,49589.68796231814,49.58968796231814,1332.2985318559479,1.332298531855948,4770.449458071555,4.770449458071554,7035.32880878877,7.03532880878877,0,0,2,0,2,0,3,3,False,False,TNC,SALT POND COTTAGES,EASTHAM,1,,,,,,,,,,,False,,False,0.0,0.0,False,False,False,0
MA4086094,12930.487009793893,12.930487009793893,49097.08869850479,49.09708869850479,1749.924064962671,1.749924064962671,4298.453448663712,4.298453448663712,6442.109698388035,6.442109698388035,0,0,2,0,2,0,3,3,False,False,TNC,EASTHAM PUBLIC LIBRARY,EASTHAM,1,,,,,,,,,,,False,,False,0.0,0.0,False,False,False,0
MA4086095,15297.24729271828,15.29724729271828,50749.505172266225,50.749505172266225,1525.5753131855054,1.5255753131855054,6639.114480765085,6.639114480765086,9092.27870570968,9.09227870570968,0,0,2,0,2,0,3,3,True,False,GW,NRHS WELL,EASTHAM,4,TOWN OF EASTHAM,4.0,116.0,False,False,,,0.0,10.5,False,True,False,True,0.2712161778734891,1519.0,True,False,False,1
MA4088000,2992.8983956789025,2.9928983956789024,32189.844395304663,32.18984439530466,335.1995436492082,0.3351995436492082,513.0961726167307,0.5130961726167307,1223.3435536676532,1.2233435536676531,1,0,3,12,5,21,12,59,True,False,GW,GP WELL # 5,EASTON,9,EASTON WATER DIV,8.0,203.0,True,True,9.9,16.299999999999997,6.0,36.9,True,True,True,True,2.313748180381774e-06,5704.0,False,True,False,1
MA4088004,3066.4412093434003,3.0664412093434,37981.87463384919,37.98187463384919,2346.9805731898255,2.3469805731898257,1350.2642119954396,1.3502642119954396,608.3312160040919,0.6083312160040919,0,1,2,11,5,20,13,48,False,False,TNC,SIMPSON SPRING CO. (SOURCE),EASTON,3,,,,,,,,,,,False,,False,0.0,0.0,False,False,False,0
MA4088007,5048.814049255507,5.0488140492555065,34526.98599144235,34.52698599144235,3025.137375676764,3.025137375676764,2907.9653479609833,2.9079653479609835,1730.546237782464,1.730546237782464,0,0,0,2,3,7,9,42,False,False,TNC,BROWN BILLONE CLUB,EASTON,1,,,,,,,,,,,False,,False,0.0,0.0,False,False,False,0
MA4089000,2249.350935871991,2.249350935871991,28532.515249065345,28.532515249065344,532.2541459305455,0.5322541459305455,919.9068347334845,0.9199068347334846,1003.2321823774329,1.0032321823774328,1,0,1,1,2,4,7,5,True,False,GW,WINTUCKET WELL  2,EDGARTOWN,5,EDGARTOWN WATER DEPARTMENT,11.0,290.0,False,False,,,0.0,10.5,False,True,False,False,0.0,0.0,False,False,False,0
MA4089003,3450.0137845857703,3.4500137845857703,30377.28806057256,30.37728806057256,2746.5277014370226,2.7465277014370226,2247.54067099388,2.2475406709938803,1572.8693801823106,1.5728693801823106,0,0,2,1,2,1,3,5,False,False,TNC,"CHAPPAQUIDDICK BEACH CLUB, INC.",EDGARTOWN,1,,,,,,,,,,,False,,False,0.0,0.0,False,False,False,0
MA4094000,3562.367550527888,3.562367550527888,24610.7511865025,24.6107511865025,1491.5401087545206,1.4915401087545206,1025.7513440299958,1.025751344029996,962.324203188504,0.9623242031885041,0,2,2,7,3,29,9,58,True,False,GW,WOLF ISLAND RD. WELL  1,FAIRHAVEN,7,FAIRHAVEN WATER DEPT,1.0,29.0,False,False,,,0.0,10.5,False,True,False,True,0.029463686600875404,1462.0,True,False,False,1
MA4095000,1299.0508047552225,1.2990508047552225,41511.47485946737,41.51147485946737,1405.1894938106952,1.4051894938106952,2094.79217709223,2.0947921770922298,1696.3577543595895,1.6963577543595896,0,0,2,7,6,27,11,64,False,False,ESW,COPICUT RES.,FALL RIVER,4,FALL RIVER WATER DEPARTMENT,5.0,116.0,False,False,,,0.0,10.5,False,True,False,True,0.6229405131159522,76088.0,True,True,True,6
MA4095001,760.5414330864164,0.7605414330864164,49420.23227904175,49.420232279041755,3863.5295549288094,3.8635295549288093,5732.947843499859,5.7329478434998595,2704.086354165693,2.704086354165693,0,0,0,1,1,15,8,36,False,False,TNC,EAST END SPORTSMENS CLUB,FALL RIVER,1,,,,,,,,,,,False,,False,0.0,0.0,False,False,False,0
MA4096000,1305.725931925201,1.305725931925201,5097.710796201048,5.0977107962010475,1100.8411602646183,1.1008411602646184,1658.7125680540826,1.6587125680540826,887.2497253657617,0.8872497253657617,0,1,1,5,1,8,4,13,True,False,GW,FRESH POND WELL,FALMOUTH,6,FALMOUTH WATER DEPT,18.0,294.0,False,False,,,0.0,10.5,False,True,False,True,0.10989021602757239,6658.0,True,True,False,2
MA4096001,1149.058505264937,1.149058505264937,937.0435089240405,0.9370435089240404,2180.834752722511,2.180834752722511,2044.089880220366,2.044089880220366,1748.6342157733334,1.7486342157733334,0,0,1,1,1,1,8,16,True,False,GW,GP WELL J,FALMOUTH,1,OTIS AIR NATIONAL GUARD BASE,2.0,58.0,False,False,,,0.0,10.5,False,True,False,True,0.998427717197622,2391.0,True,True,False,1
MA4096004,4229.59141077902,4.229591410779021,5138.89648068442,5.138896480684419,3136.980185737365,3.136980185737365,3870.4131980329876,3.8704131980329874,3067.903121939636,3.067903121939636,0,0,0,0,1,3,3,10,False,False,TNC,CAPE COD COUNTRY CLUB,FALMOUTH,5,,,,,,,,,,,False,,False,0.0,0.0,False,False,False,0
MA4096008,4373.134532350108,4.373134532350108,5285.511544296274,5.285511544296274,3210.324431683917,3.210324431683917,4106.769016931183,4.106769016931183,3131.1992189688676,3.1311992189688675,0,0,0,0,1,3,3,10,False,False,TNC,FALMOUTH PLAYHOUSE,FALMOUTH,1,,,,,,,,,,,False,,False,0.0,0.0,False,False,False,0
MA4099000,1455.618804729332,1.455618804729332,26834.5719515,26.8345719515,1002.9490694135922,1.002949069413592,517.8636868758426,0.5178636868758426,922.1075064706661,0.9221075064706661,0,1,1,5,8,20,15,65,True,False,GW,WELL  8,FOXBOROUGH,21,FOXBORO WATER DEPARTMENT,6.0,174.0,True,True,6.3,6.7,5.0,19.5,False,True,True,True,0.0891989735458797,7965.0,False,True,False,1
MA4102002,1594.9386683337427,1.5949386683337428,34740.55445000533,34.74055445000533,3704.542892188173,3.704542892188173,4605.965913141215,4.605965913141215,3570.0242887030436,3.570024288703044,0,0,0,0,1,3,8,14,True,False,GW,WELL # 1,FREETOWN,1,,,,,,,,,,,False,,False,0.0,0.0,False,False,False,0
MA4102004,4635.98026951572,4.63598026951572,46300.8503370029,46.3008503370029,993.5310484150116,0.9935310484150116,7301.108848725252,7.301108848725252,789.1955615849898,0.7891955615849898,1,2,3,3,5,5,12,28,False,False,TNC,ASSONET INN INC,FREETOWN,1,,,,,,,,,,,False,,False,0.0,0.0,False,False,False,0
MA4102008,5882.2695828194455,5.882269582819445,40675.584691304866,40.67558469130486,3998.7134411983466,3.9987134411983467,4086.078070808942,4.0860780708089415,3410.19488621571,3.41019488621571,0,0,0,0,2,4,14,30,False,False,NTNC,FREETOWN ELEMENTARY SCHOOL,FREETOWN,2,,,,,,,,,,,False,,False,0.0,0.0,False,False,False,0
MA4102010,2328.818234220513,2.3288182342205133,48338.80493277631,48.338804932776306,1324.2952405951248,1.324295240595125,5032.648409220848,5.032648409220848,2097.6286338471627,2.0976286338471626,0,0,2,2,7,5,11,36,False,False,TNC,"CAMP WELCH, THOMAS CHEW MEMORIAL",FREETOWN,1,,,,,,,,,,,False,,False,0.0,0.0,False,False,False,0
MA4102015,1931.8041844913475,1.9318041844913476,37357.19088435531,37.35719088435531,787.127024107245,0.787127024107245,2433.7149890708574,2.4337149890708574,94.82764224882372,0.09482764224882372,1,1,1,3,1,4,11,15,False,False,NTNC,STILLWATER FASTENERS,FREETOWN,1,,,,,,,,,,,False,,False,0.0,0.0,False,False,False,0
MA4102029,4933.1515444916995,4.933151544491699,45924.21481843114,45.92421481843114,1377.6470278727975,1.3776470278727975,6894.23102320132,6.8942310232013195,821.9829569748812,0.8219829569748812,0,2,3,3,5,5,12,28,False,False,TNC,VILLAGE STORE,FREETOWN,1,,,,,,,,,,,False,,False,0.0,0.0,False,False,False,0
MA4102034,4367.267393731807,4.367267393731807,45432.59430736548,45.43259430736548,1363.7281003888259,1.3637281003888257,6190.634420895817,6.190634420895817,1364.1903228360623,1.3641903228360623,0,0,4,2,6,3,12,32,False,False,TNC,FORGE POND CAMPGROUND INC,FREETOWN,2,,,,,,,,,,,False,,False,0.0,0.0,False,False,False,0
MA4102036,5766.705438416205,5.766705438416205,43626.565482734084,43.62656548273409,2297.0618864113085,2.2970618864113086,5167.589982572515,5.1675899825725145,3348.3500480715566,3.3483500480715565,0,0,1,0,3,4,13,31,False,False,TNC,DCR FREETOWN STATE FOREST,FREETOWN,2,,,,,,,,,,,False,,False,0.0,0.0,False,False,False,0
MA4104003,2827.54007607732,2.82754007607732,43477.773163344544,43.477773163344544,3187.2399499463477,3.1872399499463477,3346.199397500776,3.3461993975007758,18848.866151559116,18.848866151559115,0,0,0,0,1,0,2,0,False,False,TNC,AQUINNAH RESTAURANT,AQUINNAH,1,,,,,,,,,,,False,,False,0.0,0.0,False,False,False,0
MA4109000,1049.649047664597,1.049649047664597,43383.90823438401,43.383908234384016,658.2758344818885,0.6582758344818885,13419.957364011709,13.419957364011708,18733.539603261972,18.73353960326197,1,0,1,0,1,0,1,0,True,False,GW,WELLFIELD #1,GOSNOLD,2,,,,,,,,,,,False,,False,0.0,0.0,False,False,False,0
MA4118000,588.8210162623643,0.5888210162623643,43608.39526297349,43.608395262973495,1331.6954924361423,1.3316954924361424,4941.571000923732,4.941571000923732,4059.8593441233174,4.059859344123318,0,0,1,0,3,1,13,13,True,False,GW,WELL  2  RICHMOND PARK,HALIFAX,4,HALIFAX WATER DEPARTMENT,6.0,174.0,True,True,5.7,,4.0,16.4,False,True,True,True,0.15400586697643684,1533.0,True,False,False,1
MA4122000,1236.7923021442668,1.2367923021442668,46863.44187921612,46.863441879216126,514.753147737924,0.514753147737924,5444.967568314967,5.444967568314967,465.0732664639465,0.4650732664639465,1,2,3,12,3,17,15,49,True,False,GW,PHILIP C. BEAL WELL #2,HANOVER,9,"HANOVER WATER DEPT, MA",6.0,174.0,True,True,8.9,11.4,7.0,28.8,True,True,True,True,0.09628900189442066,1142.0,True,False,False,1
MA4123000,5396.747367714302,5.396747367714301,47600.474931481935,47.60047493148193,245.79746720456464,0.24579746720456463,5080.1903239763315,5.080190323976331,312.48011972464934,0.31248011972464934,1,1,1,2,2,4,13,35,True,False,GW,WELL 5,HANSON,5,HANSON WATER DEPARTMENT,2.0,58.0,True,True,5.6,4.0,2.0,16.1,False,True,True,False,0.0,0.0,False,False,False,0
MA4126000,2745.6064810482562,2.7456064810482563,34759.77802106863,34.759778021068634,1914.549614359994,1.914549614359994,1177.8773645461781,1.1778773645461782,1985.779926995499,1.985779926995499,0,0,2,1,4,4,6,7,True,False,GW,GP WELL  6,HARWICH,14,HARWICH WATER DEPARTMENT,15.0,290.0,False,False,,,0.0,10.5,False,True,False,True,0.03877627221173811,3480.0,True,True,False,2
MA4131000,5048.37883495797,5.04837883495797,39885.69160152193,39.885691601521934,2032.643827753613,2.032643827753613,3231.999425164118,3.2319994251641178,160.5068510487435,0.1605068510487435,0,5,1,15,5,26,15,78,True,False,GW,FREE ST. GP WELL 2,HINGHAM,14,WEIR RIVER WATER SYSTEM,10.0,232.0,True,True,6.4,,5.0,14.9,False,True,True,True,0.014158850696030243,3375.0,True,True,False,2
MA4131001,7436.771204452695,7.436771204452695,43571.146923455475,43.57114692345547,1598.1185804663808,1.5981185804663807,5879.367296677977,5.879367296677977,4176.018940525123,4.176018940525123,0,0,1,0,2,5,14,51,False,False,TNC,DCR WOMPATUCK ST. PK.  MT. BLUE SPRING,HINGHAM,1,,,,,,,,,,,False,,False,0.0,0.0,False,False,False,0
MA4145000,3718.380150885465,3.718380150885465,35948.384480194116,35.948384480194115,324.70626809004386,0.3247062680900439,2386.993487933281,2.386993487933281,489.2434973819231,0.4892434973819231,1,5,1,17,4,21,15,32,True,False,GW,MILLGATE RD. GP WELL,KINGSTON,7,KINGSTON WATER DEPARTMENT,5.0,145.0,False,False,,,0.0,10.5,False,True,False,False,0.0,0.0,False,False,False,0
MA4145001,3475.611550461605,3.475611550461605,35167.172220898414,35.167172220898415,3988.2601538937524,3.9882601538937523,4780.438530069741,4.780438530069741,1739.3484897048158,1.739348489704816,0,0,0,2,2,15,10,32,False,False,NTNC,SACRED HEART HIGH SCHOOL,KINGSTON,2,,,,,,,,,,,False,,False,0.0,0.0,False,False,False,0
MA4145002,4293.96325718995,4.29396325718995,35666.52764010152,35.66652764010152,3155.0353835227043,3.155035383522704,4285.60821900586,4.2856082190058595,1313.1232612837175,1.3131232612837176,0,0,0,6,2,18,11,32,False,False,TNC,CAMP MISHANNOCK,KINGSTON,1,,,,,,,,,,,False,,False,0.0,0.0,False,False,False,0
MA4145003,4090.2154594400845,4.090215459440085,35257.74401100331,35.25774401100331,3407.046388879965,3.407046388879965,4597.364228280816,4.597364228280816,1162.4167052727832,1.1624167052727832,0,0,0,5,2,18,11,32,False,False,NTNC,SACRED HEART ELEMENTARY SCHOOL,KINGSTON,2,,,,,,,,,,,False,,False,0.0,0.0,False,False,False,0
MA4145006,3889.8185517625025,3.8898185517625024,35028.71065516596,35.02871065516596,3647.074165966838,3.647074165966838,4797.467576801891,4.797467576801891,1239.8159813055436,1.2398159813055436,0,0,0,4,2,18,11,32,True,False,GW,WELL 2,KINGSTON,2,,,,,,,,,,,False,,False,0.0,0.0,False,False,False,0
MA4145007,3792.2300807268994,3.7922300807268994,35191.53149501537,35.19153149501537,3688.8466091085215,3.6888466091085217,4856.937421755841,4.85693742175584,1423.6519516544943,1.4236519516544943,0,0,0,2,2,18,11,32,False,False,NTNC,SACRED HEART EARLY CHILDHOOD CENTER,KINGSTON,2,,,,,,,,,,,False,,False,0.0,0.0,False,False,False,0
MA4146004,5531.021675567277,5.531021675567278,34106.78791991874,34.10678791991874,7543.942984236121,7.543942984236121,7564.280392467458,7.564280392467458,5416.00330743651,5.41600330743651,0,0,0,0,0,0,4,12,True,False,GW,WELL  2,LAKEVILLE,1,,,,,,,,,,,False,,False,0.0,0.0,False,False,False,0
MA4146006,3854.1888160649287,3.8541888160649287,38541.160262570156,38.54116026257016,5344.430463126507,5.344430463126507,3092.573551899597,3.092573551899597,4572.429872026654,4.572429872026654,0,0,0,0,0,1,8,17,True,False,GW,WELL # 3,LAKEVILLE,4,,,,,,,,,,,False,,False,0.0,0.0,False,False,False,0
MA4146008,2529.1038911344103,2.5291038911344104,39470.398147406086,39.47039814740609,1238.618496104414,1.238618496104414,2408.400173157609,2.408400173157609,1256.7167792425296,1.2567167792425296,0,0,1,6,1,6,7,25,False,False,TNC,DEWEYS RESTAURANT,LAKEVILLE,1,,,,,,,,,,,False,,False,0.0,0.0,False,False,False,0
MA4146011,3602.487730126388,3.6024877301263882,40153.11454483209,40.15311454483209,869.0830692772404,0.8690830692772404,3542.422369095741,3.542422369095741,757.3095531626226,0.7573095531626226,1,2,1,5,1,6,8,30,False,False,TNC,LAKEVILLE GOLF CLUB,LAKEVILLE,2,,,,,,,,,,,False,,False,0.0,0.0,False,False,False,0
MA4146012,2886.486510769208,2.886486510769208,39399.30428157166,39.39930428157166,1254.1920636517077,1.2541920636517077,2761.366938595264,2.761366938595264,1267.3586876456452,1.2673586876456453,0,0,1,6,1,6,7,25,False,False,TNC,ROYAL PIZZA (BT REALTY TRUST),LAKEVILLE,1,,,,,,,,,,,False,,False,0.0,0.0,False,False,False,0
MA4146016,3057.397903292181,3.057397903292181,39091.76691713602,39.09176691713602,3166.5877678120078,3.1665877678120076,161.27222081097094,0.16127222081097092,2324.330620769658,2.3243306207696577,0,0,0,1,2,3,9,19,False,False,NTNC,FREETOWN/LAKEVILLE REGIONAL SCHOOL DIST.,LAKEVILLE,2,,,,,,,,,,,False,,False,0.0,0.0,False,False,False,0
MA4146017,4131.864075714114,4.131864075714113,42781.147074207984,42.781147074207986,2204.1951428112397,2.2041951428112396,4694.932738504561,4.694932738504561,1921.701752707749,1.921701752707749,0,0,1,2,1,19,11,38,False,False,TNC,POQUOY BROOK GOLF COURSE,LAKEVILLE,1,,,,,,,,,,,False,,False,0.0,0.0,False,False,False,0
MA4146018,6391.742860947764,6.391742860947764,38520.634455631654,38.52063445563165,4334.361830406086,4.334361830406086,6140.964324372953,6.140964324372954,4109.854674038073,4.109854674038074,0,0,0,0,1,3,8,26,False,False,TNC,ST. MARTHA AND MARY CHURCH,LAKEVILLE,1,,,,,,,,,,,False,,False,0.0,0.0,False,False,False,0
MA4146020,5995.8377096471095,5.99583770964711,38903.06512184301,38.90306512184301,4412.53150807069,4.41253150807069,5769.65378761301,5.769653787613009,4117.902013588065,4.117902013588065,0,0,0,0,1,2,8,29,False,False,TNC,B9 CLUB INC.,LAKEVILLE,3,,,,,,,,,,,False,,False,0.0,0.0,False,False,False,0
MA4146022,4922.1415756376355,4.922141575637635,39029.22151940887,39.02922151940887,2597.187390828244,2.5971873908282443,4783.035707917973,4.783035707917973,2449.3383169967924,2.4493383169967924,0,0,1,2,1,6,7,27,False,False,TNC,CHURCH OF NAZARENE,LAKEVILLE,1,,,,,,,,,,,False,,False,0.0,0.0,False,False,False,0
MA4146028,1850.4081040173928,1.8504081040173928,37261.709659460685,37.261709659460685,3524.3727736375,3.5243727736375,2435.242600851278,2.435242600851278,2851.288423639628,2.851288423639628,0,0,0,1,1,2,9,17,False,False,TNC,J AND J SEAFOOD,LAKEVILLE,1,,,,,,,,,,,False,,False,0.0,0.0,False,False,False,0
MA4146029,4235.1651274018295,4.23516512740183,38448.56385526439,38.44856385526439,2498.675791649135,2.498675791649135,4055.4807052533497,4.05548070525335,2352.6593210420883,2.3526593210420885,0,0,1,3,1,6,7,24,False,False,NTNC,MULLEIN HILL CHRISTIAN ACADEMY,LAKEVILLE,1,,,,,,,,,,,False,,False,0.0,0.0,False,False,False,0
MA4146031,4395.026687929992,4.395026687929992,40661.75467586264,40.66175467586264,1440.196012314782,1.440196012314782,4360.884220110435,4.360884220110435,1044.7971290035728,1.0447971290035727,0,0,1,2,1,6,8,36,False,False,TNC,ORCHID OF HAWAII,LAKEVILLE,1,,,,,,,,,,,False,,False,0.0,0.0,False,False,False,0
MA4146033,2465.8222624621403,2.46582226246214,42464.375962720944,42.46437596272094,2000.1043642570346,2.0001043642570346,3990.079135523832,3.990079135523832,5568.829016411505,5.568829016411505,0,0,2,0,5,0,10,35,False,False,TNC,GYM HUTT GYMNASTICS SCHOOL,LAKEVILLE,1,,,,,,,,,,,False,,False,0.0,0.0,False,False,False,0
MA4146035,3484.8831715756096,3.4848831715756097,42627.56592712531,42.62756592712531,2140.6725508670143,2.140672550867014,3665.339137194674,3.665339137194674,2136.733718732942,2.136733718732942,0,0,1,5,1,16,12,37,False,False,TNC,BUPPAS PLACE,LAKEVILLE,1,,,,,,,,,,,False,,False,0.0,0.0,False,False,False,0
MA4146036,6537.3838822645575,6.537383882264558,38636.656569688144,38.63665656968814,4189.9194257808185,4.189919425780818,6241.116705456494,6.241116705456494,3960.396888182902,3.9603968881829017,0,0,0,0,1,3,8,27,False,False,NTNC,LAKESIDE LANDING INC.,LAKEVILLE,1,,,,,,,,,,,False,,False,0.0,0.0,False,False,False,0
MA4146038,1632.4984942650365,1.6324984942650365,37115.897152227524,37.115897152227525,3346.9355909193064,3.3469355909193066,2467.4360030683765,2.4674360030683764,2698.1085916625148,2.698108591662515,0,0,0,1,1,3,9,18,False,False,TNC,FRATERNAL ORDER OF EAGLES,LAKEVILLE,1,,,,,,,,,,,False,,False,0.0,0.0,False,False,False,0
MA4146039,3062.073415293315,3.062073415293315,38883.84883879509,38.883848838795096,1770.54352676182,1.77054352676182,2891.9989290030353,2.8919989290030355,1429.8694176075355,1.4298694176075355,0,0,1,6,1,6,6,25,True,False,GW,WELL 2,LAKEVILLE,1,,,,,,,,,,,False,,False,0.0,0.0,False,False,False,0
MA4146040,2657.663820562879,2.6576638205628793,36221.9018229561,36.2219018229561,4814.195835581814,4.814195835581814,4072.0657076265106,4.0720657076265105,4290.376375749687,4.2903763757496876,0,0,0,0,1,1,8,17,False,False,TNC,"CEDARDALE ASSOCIATES OF LAKEVILLE, INC.",LAKEVILLE,2,,,,,,,,,,,False,,False,0.0,0.0,False,False,False,0
MA4146042,2873.708457433999,2.873708457433999,39473.9715920546,39.4739715920546,1179.5676636559751,1.179567663655975,2755.847182442549,2.7558471824425492,1192.816225257348,1.192816225257348,0,0,1,6,1,6,8,25,False,False,TNC,ROSE PROFESSIONAL PLAZA,LAKEVILLE,1,,,,,,,,,,,False,,False,0.0,0.0,False,False,False,0
MA4146043,3460.0104474670466,3.4600104474670466,38840.15433326232,38.84015433326232,4607.937281346988,4.607937281346988,2110.6128354217312,2.110612835421731,3792.815868442371,3.792815868442371,0,0,0,0,1,1,10,19,False,False,TNC,COUNTY LAKE PROPERTIES,LAKEVILLE,1,,,,,,,,,,,False,,False,0.0,0.0,False,False,False,0
MA4146044,4000.6856039282843,4.000685603928284,39364.19010952906,39.36419010952906,4853.087575329718,4.853087575329718,2273.9217485570434,2.2739217485570435,4197.541198130979,4.197541198130979,0,0,0,0,2,1,10,18,False,False,NTNC,MULLEIN HILL CHRISTIAN ACADEMY,LAKEVILLE,1,,,,,,,,,,,False,,False,0.0,0.0,False,False,False,0
MA4146045,1616.1482167107163,1.6161482167107162,40053.42165918535,40.05342165918535,1415.6412714120586,1.4156412714120585,1587.90908268242,1.5879090826824198,685.7325159682027,0.6857325159682027,0,2,1,6,2,8,10,25,True,False,GW,WELL 1,LAKEVILLE,2,,,,,,,,,,,False,,False,0.0,0.0,False,False,False,0
MA4146046,3084.2367397243006,3.0842367397243007,39383.71228445767,39.38371228445767,1283.92185784805,1.28392185784805,2959.1766383879535,2.9591766383879534,1293.9656724007166,1.2939656724007167,0,0,1,6,1,6,8,26,False,False,TNC,STARRS COUNTRY MARKET,LAKEVILLE,1,,,,,,,,,,,False,,False,0.0,0.0,False,False,False,0
MA4146049,5624.237860771311,5.624237860771311,38591.45158746166,38.59145158746166,5147.815707230409,5.147815707230409,5222.210756992878,5.222210756992878,4883.012927281438,4.883012927281438,0,0,0,0,0,1,8,25,False,False,TNC,BISHOP RUOCCO HOUSE,LAKEVILLE,1,,,,,,,,,,,False,,False,0.0,0.0,False,False,False,0
MA4167000,2754.0871445069292,2.7540871445069293,32538.583337140837,32.538583337140835,698.9692805928713,0.6989692805928713,2296.3525202679552,2.296352520267955,167.97566773182794,0.16797566773182793,1,1,2,6,3,23,11,67,True,False,GW,PRESCOTT WELL  9,MANSFIELD,11,MANSFIELD WATER DIVISION,6.0,174.0,True,True,4.3,6.2,4.0,18.6,False,True,True,True,0.11098428503976038,5411.0,False,True,False,1
MA4169000,5339.224960742146,5.339224960742146,23802.04584485488,23.80204584485488,2518.4960168369516,2.5184960168369517,5127.408198197452,5.127408198197452,4270.1719217379805,4.2701719217379805,0,0,1,0,4,1,8,45,True,False,GW,SOUTH WELL,MARION,6,MARION WATER DIVISION,2.0,58.0,False,False,,,0.0,10.5,False,True,False,True,0.18439627226223515,1184.0,False,True,False,1
MA4171000,2751.045155102582,2.7510451551025823,46198.44606628148,46.198446066281484,827.3277652795316,0.8273277652795316,559.319971496404,0.559319971496404,935.4146087855104,0.9354146087855104,1,1,3,6,6,7,14,26,True,False,GW,FURNACE BROOK WELL  4,MARSHFIELD,16,MARSHFIELD WATER DEPARTMENT,44.0,903.0,True,True,7.0,4.6,7.0,17.2,False,True,True,True,0.044650926557417155,633.0,True,False,False,1
MA4172001,3693.650527507664,3.6936505275076637,4946.512262000866,4.946512262000866,3733.9825846517156,3.7339825846517156,994.5312392378727,0.9945312392378727,6411.227753749536,6.411227753749536,0,0,0,0,1,0,4,10,True,False,GW,WELL #2 AND WELL #3 MANIFOLDED,MASHPEE,1,,,,,,,,,,,False,,False,0.0,0.0,False,False,False,0
MA4172014,2270.166466320389,2.270166466320389,2245.753814487714,2.245753814487714,3297.8241034601706,3.2978241034601705,3767.97018283363,3.76797018283363,4115.180384749475,4.115180384749475,0,0,0,0,2,1,7,10,False,False,TNC,CAPE COD CAMP CORPORATION,MASHPEE,3,,,,,,,,,,,False,,False,0.0,0.0,False,False,False,0
MA4172033,2699.919834467418,2.699919834467418,5267.7948450617805,5.267794845061781,870.111476292309,0.870111476292309,794.277300912239,0.7942773009122389,2883.674992663838,2.8836749926638383,1,0,1,1,2,2,6,5,True,False,GW,WELL  2,MASHPEE,2,,,,,,,,,,,False,,False,0.0,0.0,False,False,False,0
MA4172035,3631.244903168052,3.631244903168052,5103.109267814074,5.103109267814074,745.1788669797878,0.7451788669797879,3920.5432461486885,3.9205432461486884,3432.678589763383,3.432678589763383,1,0,1,0,2,1,7,8,True,False,GW,WELL  2,MASHPEE,2,,,,,,,,,,,False,,False,0.0,0.0,False,False,False,0
MA4172039,1165.4270068761646,1.1654270068761645,2535.5464949474676,2.5355464949474675,1007.4492439928632,1.0074492439928633,726.0130853072667,0.7260130853072667,2394.6861271355556,2.3946861271355555,0,0,1,1,2,2,7,11,True,False,GW,HOLLAND MILLS WELL NO. 5,MASHPEE,10,MASHPEE WATER DISTRICT,12.0,348.0,True,False,,,1.0,10.5,False,True,True,True,0.13528085351482408,2906.0,True,True,False,2
MA4172043,2432.511289642552,2.432511289642552,6027.808498174452,6.027808498174452,2307.6830951234124,2.307683095123412,1491.0978503829008,1.4910978503829009,4013.6321097270798,4.01363210972708,0,0,1,0,1,1,7,7,False,False,TNC,SEA MIST RESORT,MASHPEE,2,,,,,,,,,,,False,,False,0.0,0.0,False,False,False,0
MA4172048,2345.8849391661497,2.3458849391661496,2336.5438047562716,2.3365438047562717,2997.455609386169,2.9974556093861686,3080.2178741429266,3.0802178741429267,4623.992940213364,4.6239929402133635,0,0,1,0,2,1,8,12,False,False,TNC,FIT COMPANY FOR WOMEN,MASHPEE,1,,,,,,,,,,,False,,False,0.0,0.0,False,False,False,0
MA4173000,6622.387362948894,6.622387362948895,25022.91987432061,25.02291987432061,1937.5174558347942,1.9375174558347943,2866.919743254159,2.8669197432541593,4457.980692145287,4.457980692145287,0,0,2,0,3,4,9,52,True,False,GW,GP WELL  1,MATTAPOISETT,5,MATTAPOISETT WATER DEPARTMENT,2.0,58.0,False,False,,,0.0,10.5,False,True,False,True,2.8601047119884686e-06,1184.0,False,True,False,1
MA4182000,1398.9959726337079,1.3989959726337078,30172.691458503235,30.172691458503234,784.1480647256315,0.7841480647256315,1110.0769513131643,1.1100769513131643,750.8850396928112,0.7508850396928113,1,2,3,5,4,11,14,44,True,False,GW,WILBUR FARM TEST SITE,MIDDLEBOROUGH,16,MIDDLEBOROUGH WATER SUPPLY,20.0,580.0,True,True,11.0,5.0,8.0,25.5,True,True,True,True,0.01897612726034586,3326.0,True,True,False,2
MA4182003,5885.556304735137,5.885556304735137,33285.46648516177,33.28546648516177,7699.9759735276875,7.699975973527687,7898.413449737333,7.898413449737333,3847.646343326267,3.847646343326267,0,0,0,0,0,1,4,11,True,False,GW,WELL  2,MIDDLEBOROUGH,2,,,,,,,,,,,False,,False,0.0,0.0,False,False,False,0
MA4182005,2305.057770485863,2.305057770485863,25572.80411577858,25.57280411577858,4496.444494796071,4.496444494796071,9593.765006603484,9.593765006603483,228.98024180114265,0.22898024180114265,0,2,0,3,2,9,4,16,False,False,TNC,HELLS BLAZES TAVERN,MIDDLEBOROUGH,1,,,,,,,,,,,False,,False,0.0,0.0,False,False,False,0
MA4182007,6291.054798557105,6.291054798557105,33615.735636286205,33.6157356362862,5978.171693063578,5.978171693063578,6008.604138955631,6.008604138955631,2281.9420705797143,2.2819420705797144,0,0,0,1,0,1,8,14,False,False,TNC,TISPAQUIN FAMILY CAMP AREA,MIDDLEBOROUGH,1,,,,,,,,,,,False,,False,0.0,0.0,False,False,False,0
MA4182015,6388.36396246171,6.3883639624617095,33416.2562549616,33.416256254961596,7423.723738604164,7.423723738604164,7457.867330457421,7.457867330457422,3444.001496985361,3.444001496985361,0,0,0,0,0,1,4,11,True,False,GW,WELL 2,MIDDLEBOROUGH,2,,,,,,,,,,,False,,False,0.0,0.0,False,False,False,0
MA4182016,5648.678611023828,5.648678611023828,35064.39658651127,35.06439658651127,4271.717159138793,4.2717171591387935,5439.18762706485,5.43918762706485,4805.2489407390885,4.805248940739088,0,0,0,0,5,1,8,10,False,False,TNC,WOODS POND CONDOMINIUMS,MIDDLEBOROUGH,2,,,,,,,,,,,False,,False,0.0,0.0,False,False,False,0
MA4182017,4920.955469261374,4.920955469261374,44448.10253171057,44.44810253171057,3980.3802134854636,3.980380213485464,5155.3558220688665,5.1553558220688664,1109.1684774153441,1.109168477415344,0,0,0,5,3,19,14,44,False,False,NTNC,"AESCO ELECTRONICS, INC.",MIDDLEBOROUGH,1,,,,,,,,,,,False,,False,0.0,0.0,False,False,False,0
MA4197000,1664.968239276404,1.6649682392764038,56565.30879385581,56.565308793855806,7004.807100179441,7.00480710017944,1002.4862464115391,1.0024862464115392,2323.9026096903335,2.3239026096903337,0,0,0,2,0,2,3,4,True,False,GW,MILESTONE RD. WELL  #2,NANTUCKET,5,WANNACOMET WATER COMPANY,4.0,87.0,False,False,,,0.0,10.5,False,True,False,True,0.48499107550483045,10250.0,False,True,False,1
MA4197001,7275.071835904325,7.275071835904325,63549.90992213761,63.54990992213761,580.6872391401317,0.5806872391401318,645.4760734874695,0.6454760734874695,6461.597875714666,6.4615978757146655,2,0,2,0,2,0,2,2,True,False,GW,WELL NO. 6,NANTUCKET,2,,,,,,,,,,,False,,False,0.0,0.0,False,False,False,0
MA4197005,9767.681111726262,9.767681111726262,57196.56234907993,57.19656234907993,7436.233002201769,7.436233002201768,7276.380768100246,7.276380768100246,8821.03922303963,8.82103922303963,0,0,0,0,0,0,2,2,False,False,TNC,WAUWINET HOUSE,NANTUCKET,1,,,,,,,,,,,False,,False,0.0,0.0,False,False,False,0
MA4197008,3044.699588010528,3.044699588010528,58231.64744059569,58.231647440595694,7200.238091344383,7.200238091344383,3105.3240980279643,3.1053240980279644,3698.9874682803065,3.6989874682803063,0,0,0,0,0,2,3,4,False,False,TNC,SURFSIDE BEACH,NANTUCKET,1,,,,,,,,,,,False,,False,0.0,0.0,False,False,False,0
MA4197014,882.7626449165298,0.8827626449165298,50973.90945161288,50.97390945161288,1867.9580516207989,1.867958051620799,5318.280424643259,5.318280424643259,1798.277309908057,1.7982773099080571,0,0,1,2,1,2,1,4,False,False,TNC,DIONIS BEACH,NANTUCKET,1,,,,,,,,,,,False,,False,0.0,0.0,False,False,False,0
MA4197017,3312.5746555083715,3.3125746555083717,58046.4421732874,58.0464421732874,6954.97722884553,6.95497722884553,3099.277843872921,3.099277843872921,3963.055165871717,3.9630551658717166,0,0,0,0,0,2,3,4,False,False,TNC,STAR OF THE SEA YOUTH HOSTEL,NANTUCKET,1,,,,,,,,,,,False,,False,0.0,0.0,False,False,False,0
MA4197018,8620.817340235646,8.620817340235646,61589.900499496725,61.58990049949673,3362.190342790687,3.362190342790687,2787.739053092705,2.787739053092705,7645.640572555519,7.645640572555519,0,0,0,0,2,0,2,2,False,False,TNC,SANKATY HEAD GOLF CLUB INC.,NANTUCKET,1,,,,,,,,,,,False,,False,0.0,0.0,False,False,False,0
MA4201000,2837.761591720267,2.837761591720267,33418.27786811119,33.41827786811119,4054.012948522218,4.054012948522217,5758.705724518677,5.758705724518677,3846.415335964456,3.846415335964456,0,0,0,0,1,3,8,26,False,False,SW,LITTLE QUITTACAS POND (5) TERMINAL,NEW BEDFORD,5,CITY OF NEW BEDFORD DPI,5.0,116.0,True,False,,,1.0,10.5,False,True,True,True,0.7342494326315728,83639.0,True,True,True,4
MA4211000,3976.405045746741,3.9764050457467413,33538.96824938808,33.538968249388084,1678.7952542530657,1.6787952542530657,1067.8305133628485,1.0678305133628485,158.42062018591983,0.15842062018591982,0,2,1,13,2,34,8,72,True,False,GW,HILLMAN WELL,NORTH ATTLEBOROUGH,11,NORTH ATTLEBORO WATER DEPT,8.0,232.0,True,True,9.0,8.0,8.0,27.0,True,True,True,True,0.0767600224019809,7478.0,True,True,False,2
MA4211001,4682.557832548383,4.682557832548383,42187.940812624525,42.187940812624525,7398.388744318316,7.398388744318316,6606.844680647784,6.606844680647784,1693.799882481231,1.693799882481231,0,0,0,11,0,23,3,54,True,False,GW,WELL 2,NORTH ATTLEBOROUGH,2,,,,,,,,,,,False,,False,0.0,0.0,False,False,False,0
MA4218000,3170.843830057027,3.1708438300570267,38899.72528039131,38.89972528039131,918.9251387505118,0.9189251387505117,994.1365918795439,0.9941365918795438,1219.5988114860536,1.2195988114860536,1,0,1,10,1,16,13,50,True,False,GW,WELL 6A,NORTON,6,NORTON WATER DEPARTMENT,6.0,174.0,True,True,8.8,4.0,7.0,23.6,True,True,True,False,0.0,0.0,False,False,False,0
MA4219000,1375.164106059486,1.375164106059486,42071.46450114138,42.07146450114138,1361.186919906571,1.361186919906571,5051.592912092082,5.051592912092082,470.8798940305954,0.4708798940305954,0,2,3,17,3,27,14,67,True,False,GW,WELL # 6 REPLACEMENT,NORWELL,11,NORWELL WATER DEPARTMENT,6.0,174.0,True,True,9.9,18.4,7.0,37.0,True,True,True,True,3.899338029593304e-07,1142.0,True,False,False,1
MA4220000,2049.563047063238,2.049563047063238,15107.257707814775,15.107257707814775,1619.7987387203495,1.6197987387203496,2196.4039613622,2.1964039613621997,122.72462716809174,0.12272462716809174,0,11,2,30,3,48,13,94,True,True,GW,ELLIS WELL  2,NORWOOD,4,NORWOOD WATER DEPT. (MWRA),4.0,116.0,False,False,,,0.0,10.5,False,True,False,True,0.529255482436259,18231.0,True,True,True,3
MA4221000,339.89621229652613,0.3398962122965261,24050.083053476345,24.050083053476346,1008.2026823116465,1.0082026823116466,1333.2392226720058,1.3332392226720058,520.2892535750335,0.5202892535750335,0,2,3,3,4,4,6,5,True,False,GW,FARM NECK WELL ON TRADEWINDS RD,OAK BLUFFS,5,OAK BLUFFS WATER DISTRICT,10.0,290.0,True,False,,,2.0,10.5,False,True,True,True,0.2329561301519344,2520.0,True,True,False,2
MA4224000,3882.890209993359,3.882890209993359,45156.05185425039,45.15605185425039,728.2226395393361,0.7282226395393361,2181.4079780009242,2.1814079780009243,1074.2435693420746,1.0742435693420747,1,0,1,3,1,3,6,6,True,False,GW,CLIFF POND WELL  4,ORLEANS,8,ORLEANS WATER DEPARTMENT,4.0,116.0,False,False,,,0.0,10.5,False,True,False,True,0.06123618337601534,872.0,True,False,False,1
MA4231000,1261.7359675333455,1.2617359675333455,46916.96315148768,46.91696315148768,474.16301386432764,0.47416301386432763,2170.832440777024,2.170832440777024,4241.335389040536,4.241335389040536,1,0,2,0,2,1,13,22,True,False,GW,GP WELL  3,PEMBROKE,5,PEMBROKE WATER DIVISION DPW,8.0,174.0,True,False,,,2.0,10.5,False,True,True,True,3.6472335529055035e-07,1775.0,True,False,False,1
MA4238000,5319.435243671223,5.319435243671223,32488.289731783505,32.4882897317835,1788.8849377106142,1.7888849377106142,1165.3916323646122,1.165391632364612,941.681949210907,0.941681949210907,0,2,2,6,4,19,10,73,True,False,GW,WELL 3D,PLAINVILLE,9,PLAINVILLE WATER DEPARTMENT,10.0,232.0,True,True,4.3,5.9,4.0,16.7,False,True,True,True,0.01717918064543519,993.0,False,True,False,1
MA4238006,6912.218813342698,6.912218813342698,32710.09827462123,32.71009827462123,958.6115292479423,0.9586115292479422,1259.6534616337021,1.259653461633702,1535.9509835467493,1.5359509835467493,1,0,1,7,4,13,9,68,False,False,TNC,PLAINVILLE ATHLETIC LEAGUE,PLAINVILLE,1,,,,,,,,,,,False,,False,0.0,0.0,False,False,False,0
MA4238013,7409.725661267703,7.409725661267703,33573.44003223081,33.573440032230806,4966.904447746491,4.966904447746491,4190.6833669421685,4.190683366942168,2456.3706728963552,2.4563706728963552,0,0,0,3,1,6,10,50,False,False,TNC,WENTWORTH HILLS GOLF CLUB,PLAINVILLE,1,,,,,,,,,,,False,,False,0.0,0.0,False,False,False,0
MA4239000,532.8882557063447,0.5328882557063447,19445.41950981523,19.44541950981523,790.505164058919,0.790505164058919,2161.788643569053,2.1617886435690528,376.8988313902837,0.3768988313902837,1,4,1,16,2,23,9,32,True,False,GW,SHIP POND WELL,PLYMOUTH,15,"PLYMOUTH WATER DEPARTMENT, MA",27.0,638.0,True,False,,,2.0,10.5,False,True,True,True,0.0851985612323451,7335.0,True,True,False,2
MA4239003,11491.09190737985,11.49109190737985,16040.635748298419,16.040635748298417,1284.4533184884676,1.2844533184884677,5616.294892111224,5.616294892111224,1295.8940041088254,1.2958940041088254,0,0,1,1,1,1,4,12,False,False,NTNC,THE NEW TESTAMENT CHURCH,PLYMOUTH,1,,,,,,,,,,,False,,False,0.0,0.0,False,False,False,0
MA4239006,1713.9299783511512,1.7139299783511512,32551.101080521643,32.55110108052164,5185.3526608524435,5.185352660852444,1975.4366739381933,1.9754366739381932,3693.30653192011,3.69330653192011,0,0,0,0,0,3,10,30,False,False,TNC,PINEWOOD LODGE,PLYMOUTH,1,,,,,,,,,,,False,,False,0.0,0.0,False,False,False,0
MA4239007,10514.480129331925,10.514480129331925,19512.43315709442,19.51243315709442,2424.3673377177925,2.4243673377177926,7196.1147109093035,7.1961147109093035,4918.836482374456,4.918836482374456,0,0,1,0,1,1,2,6,False,False,TNC,INDIANHEAD RESORT,PLYMOUTH,1,,,,,,,,,,,False,,False,0.0,0.0,False,False,False,0
MA4239010,7383.133913983984,7.3831339139839836,22520.273127689943,22.520273127689943,6378.855411316654,6.378855411316653,654.2651268002256,0.6542651268002256,7583.473492463688,7.583473492463688,0,0,0,0,0,0,6,13,True,False,GW,GP WELL FORESTRY CAMP,PLYMOUTH,3,,,,,,,,,,,False,,False,0.0,0.0,False,False,False,0
MA4239011,353.74453082389925,0.35374453082389923,30368.778810091004,30.368778810091005,4859.796119839876,4.859796119839876,1360.5203021692587,1.3605203021692587,3961.2745630639806,3.9612745630639807,0,0,0,0,1,11,9,29,False,False,TNC,ELLIS HAVEN,PLYMOUTH,3,,,,,,,,,,,False,,False,0.0,0.0,False,False,False,0
MA4239012,3260.764188216405,3.2607641882164047,27462.696930176546,27.462696930176545,5316.694031286521,5.316694031286521,3166.2328296188066,3.1662328296188065,5028.157019309307,5.028157019309306,0,0,0,0,0,0,6,27,False,False,TNC,BLUEBERRY HILL CAMPGROUND,PLYMOUTH,4,,,,,,,,,,,False,,False,0.0,0.0,False,False,False,0
MA4239013,11304.397124497851,11.304397124497852,17693.180175656,17.693180175656003,942.0542472753186,0.9420542472753186,7055.408407913205,7.055408407913205,2954.283638888168,2.954283638888168,1,0,1,1,1,1,2,7,False,False,TNC,HEDGES POND RECREATIONAL AREA,PLYMOUTH,1,,,,,,,,,,,False,,False,0.0,0.0,False,False,False,0
MA4239017,9325.85517170534,9.32585517170534,19175.32287015133,19.17532287015133,4446.837902256654,4.446837902256654,5480.1556279528495,5.48015562795285,5416.341315576761,5.416341315576761,0,0,0,0,1,0,3,5,False,False,NTNC,PLYMOUTH SO.ELEM.SCH.,PLYMOUTH,1,,,,,,,,,,,False,,False,0.0,0.0,False,False,False,0
MA4239028,5117.531376314638,5.117531376314638,18575.558176521132,18.57555817652113,5551.645884013309,5.551645884013309,4965.647957857113,4.965647957857113,6221.826642975283,6.221826642975283,0,0,0,0,0,0,4,17,False,False,TNC,CAMP CACHALOT (NARRAGANSETT COUNCIL),PLYMOUTH,1,,,,,,,,,,,False,,False,0.0,0.0,False,False,False,0
MA4239029,10601.582103019322,10.601582103019322,15486.457212470854,15.486457212470853,2191.9985819634844,2.1919985819634844,5762.909094740154,5.762909094740154,1067.8012934048113,1.0678012934048113,0,0,1,1,1,1,6,16,False,False,TNC,CAMP BOURNEDALE,PLYMOUTH,1,,,,,,,,,,,False,,False,0.0,0.0,False,False,False,0
MA4239030,7703.140471286246,7.703140471286246,20989.49996073992,20.98949996073992,3913.3336984337393,3.9133336984337395,3987.7912656590734,3.9877912656590735,4119.3317426022495,4.11933174260225,0,0,0,0,2,1,3,7,False,False,NTNC,THE HOME FOR LITTLE WANDERERS,PLYMOUTH,2,,,,,,,,,,,False,,False,0.0,0.0,False,False,False,0
MA4239031,6789.8396732799065,6.789839673279906,19473.234204584558,19.473234204584557,6585.896358326853,6.5858963583268535,3895.7876634624663,3.895787663462466,7628.996046793749,7.628996046793749,0,0,0,0,0,0,4,14,False,False,TNC,"CAMP SQUANTO, BOY SCOUTS OF AMERICA",PLYMOUTH,1,,,,,,,,,,,False,,False,0.0,0.0,False,False,False,0
MA4239034,5861.662983847825,5.8616629838478245,22248.170259887676,22.248170259887676,3794.8690686592254,3.7948690686592252,2030.1763921513345,2.0301763921513345,3910.253834888922,3.910253834888922,0,0,0,0,1,1,3,8,False,False,TNC,WIND IN THE PINES,PLYMOUTH,3,,,,,,,,,,,False,,False,0.0,0.0,False,False,False,0
MA4239041,7202.4952952558615,7.202495295255861,14540.646755193891,14.540646755193892,5263.673658712758,5.263673658712758,4545.328281300502,4.545328281300502,3827.822710535685,3.8278227105356852,0,0,0,0,0,1,6,18,False,False,TNC,SANDY POND CAMPGROUND,PLYMOUTH,2,,,,,,,,,,,False,,False,0.0,0.0,False,False,False,0
MA4239045,9350.342196315196,9.350342196315196,16236.368659491287,16.236368659491287,3053.6763612695095,3.0536763612695093,6424.320155063806,6.424320155063806,2628.1217088362864,2.6281217088362863,0,0,0,1,1,1,5,14,True,False,GW,WELL  2,PLYMOUTH,2,,,,,,,,,,,False,,False,0.0,0.0,False,False,False,0
MA4239046,3639.08964680817,3.63908964680817,24841.7498117423,24.841749811742297,3034.2060627838723,3.0342060627838725,233.6786749543442,0.2336786749543442,3018.630971722731,3.018630971722731,0,0,0,0,1,1,3,14,False,False,NTNC,PLYMOUTH SOUTH HIGH SCHOOL,PLYMOUTH,2,,,,,,,,,,,False,,False,0.0,0.0,False,False,False,0
MA4239047,7620.139921496087,7.6201399214960865,20871.73504214862,20.871735042148618,4589.90399305955,4.58990399305955,3765.646181465627,3.765646181465627,4768.6357863625135,4.7686357863625135,0,0,0,0,1,1,3,6,False,False,TNC,PINEWOODS CAMP INC.,PLYMOUTH,1,,,,,,,,,,,False,,False,0.0,0.0,False,False,False,0
MA4239049,11327.203851504692,11.327203851504692,15365.83320026049,15.36583320026049,1900.5525714759817,1.9005525714759817,5114.16034864353,5.11416034864353,621.0177525414041,0.6210177525414041,0,1,1,1,1,1,6,14,True,False,GW,WELL  2,PLYMOUTH,2,,,,,,,,,,,False,,False,0.0,0.0,False,False,False,0
MA4239051,11006.458292354528,11.006458292354528,16471.851575892983,16.471851575892984,1424.1326096473524,1.4241326096473523,6348.0835055981715,6.348083505598171,1832.1036501886133,1.8321036501886132,0,0,1,1,1,1,3,10,True,False,GW,WELL 1,PLYMOUTH,2,,,,,,,,,,,False,,False,0.0,0.0,False,False,False,0
MA4239052,9795.511085763967,9.795511085763966,15527.081826054224,15.527081826054223,2797.1284204691015,2.7971284204691016,6404.335794599299,6.404335794599299,1756.1412086938296,1.7561412086938297,0,0,1,1,1,1,5,15,False,False,TNC,CAMP MASSASOIT BOY SCOUTS OF AMERICA,PLYMOUTH,4,,,,,,,,,,,False,,False,0.0,0.0,False,False,False,0
MA4239053,2534.905885281104,2.534905885281104,25202.224025053783,25.202224025053784,2973.798451495471,2.973798451495471,682.1334879381446,0.6821334879381447,2872.5678475668137,2.8725678475668137,0,0,1,1,2,5,3,17,False,False,TNC,"WAVERLY OAKS GOLF CLUB, INC.",PLYMOUTH,2,,,,,,,,,,,False,,False,0.0,0.0,False,False,False,0
MA4239055,4732.916131432191,4.732916131432191,24330.435160663816,24.330435160663814,934.6785947443659,0.9346785947443659,2089.804163569228,2.089804163569228,1033.7525222710153,1.0337525222710153,1,0,1,1,1,1,3,8,True,False,GW,WELL 2,PLYMOUTH,3,"PINEHILLS WATER COMPANY, INC.",2.0,58.0,True,False,,,1.0,10.5,False,True,True,False,0.0,0.0,False,False,False,0
MA4239056,2262.100386004849,2.262100386004849,26368.421571289517,26.368421571289517,3919.963150289705,3.919963150289705,1910.0437379083787,1.9100437379083788,3865.7643702345526,3.8657643702345528,0,0,0,0,2,6,2,20,False,False,TNC,CROSSWINDS GOLF CLUB,PLYMOUTH,1,,,,,,,,,,,False,,False,0.0,0.0,False,False,False,0
MA4239057,5965.353494864819,5.96535349486482,20432.50360591163,20.432503605911627,4661.336566430616,4.661336566430616,721.1533890477804,0.7211533890477804,6288.870085874314,6.288870085874314,0,0,0,0,1,0,5,18,False,False,TNC,DCR MYLES STANDISH STATE FOREST,CARVER,60,,,,,,,,,,,False,,False,0.0,0.0,False,False,False,0
MA4239058,2936.720143953263,2.936720143953263,27042.267491582646,27.042267491582646,4744.604810901087,4.744604810901087,3231.869111614465,3.231869111614465,4479.346488007141,4.479346488007141,0,0,0,0,1,3,6,27,False,False,TNC,DCR MYLES STANDISH STATE FOREST,CARVER,69,,,,,,,,,,,False,,False,0.0,0.0,False,False,False,0
MA4239060,5721.695215158982,5.721695215158982,18262.209249275485,18.262209249275486,6122.1544414166165,6.122154441416616,4661.6144004817015,4.661614400481701,6443.180215245093,6.443180215245093,0,0,0,0,0,0,4,17,True,False,GW,REDUNDANT/SECONDARY AGAWAM WELL,PLYMOUTH,3,,,,,,,,,,,False,,False,0.0,0.0,False,False,False,0
MA4239061,2126.2003885890917,2.126200388589092,28739.463966844545,28.739463966844546,1520.7086682237164,1.5207086682237163,4575.558831702968,4.575558831702968,1534.2225069738301,1.5342225069738302,0,0,1,5,1,8,3,27,False,False,TNC,NEW HOPE CHAPEL,PLYMOUTH,1,,,,,,,,,,,False,,False,0.0,0.0,False,False,False,0
MA4240001,2555.201975334385,2.555201975334385,36384.83246058326,36.38483246058326,3019.746041072024,3.019746041072024,5845.8171044350265,5.845817104435026,3829.1646312424273,3.8291646312424272,0,0,0,0,5,4,9,30,False,False,NTNC,LITECONTROL CORPORATION,PLYMPTON,1,,,,,,,,,,,False,,False,0.0,0.0,False,False,False,0
MA4240002,4031.510613901504,4.031510613901504,41630.746996016875,41.630746996016875,3284.217112748142,3.284217112748142,5990.919744647288,5.990919744647288,3780.6076000384346,3.7806076000384348,0,0,0,0,2,1,16,14,False,False,TNC,KERRI ANNS RESTAURANT,PLYMPTON,1,,,,,,,,,,,False,,False,0.0,0.0,False,False,False,0
MA4240003,3065.6223117281174,3.0656223117281174,38712.90502855849,38.71290502855849,2960.030247872676,2.960030247872676,7312.4716487357455,7.3124716487357455,3296.5491087874966,3.2965491087874965,0,0,1,0,6,2,12,17,False,False,TNC,PLYMPTON PLAZA,PLYMPTON,1,,,,,,,,,,,False,,False,0.0,0.0,False,False,False,0
MA4240004,5278.1818921789545,5.278181892178955,39928.954330624874,39.928954330624876,1128.1427258817228,1.1281427258817227,4689.386504116496,4.689386504116496,1568.2254571985013,1.5682254571985013,0,0,1,1,1,2,12,25,False,False,NTNC,DENNETT ELEMENTARY SCHOOL,PLYMPTON,2,,,,,,,,,,,False,,False,0.0,0.0,False,False,False,0
MA4240005,2966.9325647752667,2.9669325647752665,36606.56429124878,36.60656429124878,2721.3816551275745,2.7213816551275745,6031.600866634293,6.031600866634293,3943.31325494754,3.94331325494754,0,0,1,0,2,5,10,31,False,False,NTNC,"SYSCO BOSTON, LLC",PLYMPTON,2,,,,,,,,,,,False,,False,0.0,0.0,False,False,False,0
MA4240006,4140.623372075459,4.140623372075459,38004.69166274907,38.004691662749075,1394.4294547110069,1.394429454711007,5812.191988611946,5.8121919886119455,2746.4133701224305,2.7464133701224305,0,0,1,1,1,3,10,27,False,False,TNC,HARVEST FARM SPRINGS PUBLIC WATER SUPPLY,PLYMPTON,1,,,,,,,,,,,False,,False,0.0,0.0,False,False,False,0
MA4240007,3513.4481804953866,3.5134481804953865,39126.36228382555,39.12636228382555,3129.2577254145476,3.1292577254145475,6938.672141693146,6.938672141693146,3745.2254394685788,3.745225439468579,0,0,0,0,6,2,12,15,False,False,NTNC,FIRST CONGREGATIONAL CHURCH,PLYMPTON,2,,,,,,,,,,,False,,False,0.0,0.0,False,False,False,0
MA4240008,3702.532511797829,3.702532511797829,42446.236489367126,42.446236489367124,3125.871939144984,3.125871939144984,2256.306884817993,2.2563068848179926,1823.1029850831067,1.8231029850831066,0,0,0,1,2,2,16,23,True,False,GW,WELL # 2,PLYMPTON,2,,,,,,,,,,,False,,False,0.0,0.0,False,False,False,0
MA4240009,3714.313727075653,3.7143137270756528,39332.23309828902,39.33223309828902,3119.8767967767135,3.1198767967767136,6827.742479977074,6.827742479977074,3819.4373234803193,3.819437323480319,0,0,0,0,6,2,12,14,False,False,TNC,PLYMPTON MUNICIPAL BUILDINGS,PLYMPTON,1,,,,,,,,,,,False,,False,0.0,0.0,False,False,False,0
MA4242000,10132.854444989867,10.132854444989867,55095.92377477065,55.09592377477065,4524.966941693172,4.524966941693172,6673.720066776064,6.673720066776064,7346.398422570536,7.3463984225705365,0,0,0,0,1,0,2,1,True,False,GW,NO.TRURO USAF BASE WELL (04G),PROVINCETOWN,6,PROVINCETOWN WATER DEPARTMENT,4.0,116.0,False,False,,,0.0,10.5,False,True,False,True,0.1899942741288639,1556.0,True,False,False,1
MA4244001,6229.91102413841,6.22991102413841,27740.53488261232,27.74053488261232,773.5123714183175,0.7735123714183174,1343.4010693996868,1.3434010693996867,421.01702030309315,0.4210170203030931,1,3,3,10,10,28,22,131,True,False,GW,DONNA RD. TUBULAR WELLS,RANDOLPH,6,,,,,,,,,,,False,,False,0.0,0.0,False,False,False,0
MA4245000,6793.654291517304,6.793654291517304,46417.823553486494,46.41782355348649,514.202825771062,0.5142028257710619,2296.1016001280072,2.2961016001280075,4697.1415134588515,4.697141513458852,2,0,2,0,5,7,12,60,True,False,GW,LAKE NIP WELL  2,RAYNHAM,9,RAYNHAM CENTER WATER DISTRICT,6.0,174.0,True,True,92.0,,7.0,128.4,True,True,True,False,0.0,0.0,False,False,False,0
MA4245002,3016.1006236538856,3.0161006236538856,46824.40526505312,46.82440526505312,858.082896441253,0.8580828964412529,2182.3255263508518,2.182325526350852,849.692238424662,0.849692238424662,1,1,4,2,5,25,11,64,True,False,GW,KING PHILLIP ST. WELL  1,RAYNHAM,8,NORTH RAYNHAM WATER DISTRICT,4.0,116.0,True,False,,,1.0,10.5,False,True,True,True,3.321110229963164e-06,1791.0,False,True,False,1
MA4245005,3378.2474965812917,3.3782474965812916,47553.13822708974,47.55313822708974,4542.205097221241,4.542205097221241,3322.751143837895,3.322751143837895,100.83373709913641,0.10083373709913641,0,10,0,20,2,28,14,52,False,False,TNC,RAYNHAM ATHLETIC CLUB,RAYNHAM,1,,,,,,,,,,,False,,False,0.0,0.0,False,False,False,0
MA4247001,6689.585763923911,6.689585763923911,52575.44254109935,52.57544254109935,5580.508717894442,5.580508717894443,9651.233814897167,9.651233814897166,7285.425584738779,7.285425584738779,0,0,0,0,0,0,8,20,False,False,TNC,REHOBOTH SENIOR CENTER OLD,REHOBOTH,1,,,,,,,,,,,False,,False,0.0,0.0,False,False,False,0
MA4247002,7034.166293363912,7.034166293363912,52529.579176269704,52.529579176269706,4540.397408257782,4.540397408257783,9981.580628102805,9.981580628102805,7248.363624960284,7.248363624960284,0,0,0,0,1,0,8,20,False,False,NTNC,DOROTHY L BECKWITH MIDDLE SCHOOL,REHOBOTH,1,,,,,,,,,,,False,,False,0.0,0.0,False,False,False,0
MA4247003,6834.996119261066,6.834996119261066,53331.94844364109,53.331948443641096,3864.042690494287,3.864042690494287,10606.6305929684,10.6066305929684,5330.295203841025,5.3302952038410245,0,0,0,0,3,0,6,18,False,False,TNC,K P GRILLE,REHOBOTH,1,,,,,,,,,,,False,,False,0.0,0.0,False,False,False,0
MA4247004,6465.64205735173,6.4656420573517295,47012.776723618845,47.01277672361884,1286.1370149917186,1.2861370149917186,6330.704844727188,6.3307048447271885,3492.9746360901663,3.492974636090166,0,0,1,0,3,2,6,48,False,False,NTNC,PINECROFT SCHOOL,REHOBOTH,1,,,,,,,,,,,False,,False,0.0,0.0,False,False,False,0
MA4247007,3305.408020132521,3.305408020132521,57616.74782360853,57.61674782360853,3832.503859192098,3.832503859192098,10876.588677050693,10.876588677050693,2544.190020494929,2.544190020494929,0,0,0,1,1,6,6,19,False,False,TNC,PINE VALLEY COUNTRY CLUB,REHOBOTH,1,,,,,,,,,,,False,,False,0.0,0.0,False,False,False,0
MA4247008,5856.557862258066,5.856557862258066,51587.56336943417,51.587563369434164,4551.2999867315875,4.551299986731587,8774.153738577117,8.774153738577118,6023.428636503289,6.023428636503289,0,0,0,0,1,0,9,19,False,False,TNC,WINTHROP VILLAGE PLAZA,"REHOBOTH
",1,,,,,,,,,,,False,,False,0.0,0.0,False,False,False,0
MA4247009,5017.537948501707,5.017537948501707,53744.102137466296,53.7441021374663,4825.8379279080145,4.825837927908014,7953.599854066223,7.953599854066223,6196.67279432393,6.196672794323931,0,0,0,0,1,0,9,20,False,False,TNC,REHOBOTH SENIOR CENTER,REHOBOTH,2,,,,,,,,,,,False,,False,0.0,0.0,False,False,False,0
MA4247010,1386.2264099461029,1.3862264099461028,58857.73661063908,58.85773661063908,2269.952211940729,2.269952211940729,8936.722161369516,8.936722161369516,3788.0172383823715,3.7880172383823716,0,0,1,0,1,6,9,25,False,False,TNC,HIDDEN HOLLOW COUNTRY CLUB,REHOBOTH,1,,,,,,,,,,,False,,False,0.0,0.0,False,False,False,0
MA4247013,887.7869286094376,0.8877869286094376,59053.792327227515,59.05379232722751,1863.6181401263614,1.8636181401263614,8451.475768344848,8.451475768344848,4260.688150242701,4.260688150242701,0,0,1,0,1,4,8,25,False,False,TNC,MIDDLEBROOK COUNTRY CLUB,REHOBOTH,1,,,,,,,,,,,False,,False,0.0,0.0,False,False,False,0
MA4247014,7347.523577276853,7.347523577276853,53597.82816659617,53.597828166596166,2745.3185189026544,2.7453185189026543,10906.593216542215,10.906593216542214,3966.8025158617015,3.9668025158617017,0,0,1,0,4,4,5,20,False,False,TNC,I ALIVE RESTAURANT,REHOBOTH,1,,,,,,,,,,,False,,False,0.0,0.0,False,False,False,0
MA4247015,5523.028586457051,5.523028586457051,54875.509472339516,54.875509472339516,4566.310130196549,4.566310130196549,12149.34898892397,12.14934898892397,4324.819840280164,4.324819840280163,0,0,0,0,1,2,6,19,False,False,TNC,CRESTWOOD COUNTRY CLUB,REHOBOTH,1,,,,,,,,,,,False,,False,0.0,0.0,False,False,False,0
MA4247016,6476.784487521624,6.476784487521624,55011.73080677874,55.011730806778736,3530.1194666819415,3.5301194666819415,12333.101069732118,12.333101069732118,3526.814992920648,3.526814992920648,0,0,0,0,3,12,5,17,False,False,TNC,SUN VALLEY C.C./RESTAURANT,REHOBOTH,1,,,,,,,,,,,False,,False,0.0,0.0,False,False,False,0
MA4247017,8270.615886184041,8.270615886184041,51703.859385912154,51.70385938591215,2773.1062540440635,2.7731062540440634,8983.112470708696,8.983112470708697,5941.798377333372,5.941798377333372,0,0,1,0,3,0,7,30,False,False,TNC,HILLSIDE COUNTRY CLUB,REHOBOTH,1,,,,,,,,,,,False,,False,0.0,0.0,False,False,False,0
MA4247018,6773.16705905419,6.77316705905419,53343.967939023714,53.34396793902371,3975.089225624433,3.975089225624433,10621.85764151775,10.621857641517751,5439.490753601311,5.43949075360131,0,0,0,0,3,0,6,18,False,False,TNC,COUNTRY DAIRY,REHOBOTH,1,,,,,,,,,,,False,,False,0.0,0.0,False,False,False,0
MA4247021,4813.52594159932,4.81352594159932,46480.74276875185,46.48074276875185,3782.8469823231653,3.782846982323165,4954.089734597927,4.954089734597927,4381.340944378331,4.381340944378331,0,0,0,0,2,3,6,50,False,False,TNC,PLAZA 118,REHOBOTH,1,,,,,,,,,,,False,,False,0.0,0.0,False,False,False,0
MA4247025,755.3287075728282,0.7553287075728282,58726.33486299764,58.72633486299764,645.6460738734867,0.6456460738734867,7604.897096007164,7.604897096007163,4382.169236858506,4.382169236858506,1,0,1,0,1,5,9,26,False,False,TNC,CHRISTIAN LIFE CHURCH,REHOBOTH,1,,,,,,,,,,,False,,False,0.0,0.0,False,False,False,0
MA4247028,5747.487129310504,5.747487129310504,50974.31784488684,50.97431784488684,4080.875302477148,4.080875302477148,8599.342877753512,8.599342877753513,5595.878479302595,5.595878479302595,0,0,0,0,1,0,8,23,False,False,NTNC,CEDAR BROOK SCHOOL,REHOBOTH,1,,,,,,,,,,,False,,False,0.0,0.0,False,False,False,0
MA4247029,4871.285978544657,4.871285978544657,51089.45510199678,51.089455101996776,3151.211225305051,3.151211225305051,7682.042194442572,7.682042194442571,4653.8648802089165,4.653864880208917,0,0,0,0,1,2,9,19,False,False,TNC,THE LEDGE PUB,REHOBOTH,1,,,,,,,,,,,False,,False,0.0,0.0,False,False,False,0
MA4247041,7059.2905949031265,7.059290594903127,52296.186688496644,52.29618668849665,5149.043470433296,5.149043470433296,9947.967039692981,9.947967039692982,7543.664729821482,7.543664729821482,0,0,0,0,0,0,8,21,False,False,TNC,PLAZA PIZZA,REHOBOTH,1,,,,,,,,,,,False,,False,0.0,0.0,False,False,False,0
MA4247043,6418.767154278211,6.4187671542782105,51804.99104695123,51.80499104695123,5241.471838417438,5.241471838417438,9359.053959874658,9.359053959874657,6705.438554691476,6.705438554691477,0,0,0,0,0,0,9,23,False,False,TNC,CUMBERLAND FARMS #2314,REHOBOTH,1,,,,,,,,,,,False,,False,0.0,0.0,False,False,False,0
MA4247044,5196.655212884373,5.196655212884373,49055.15389230821,49.05515389230821,2141.9597665767064,2.1419597665767065,7306.546990380916,7.306546990380916,3207.63523324365,3.20763523324365,0,0,2,0,2,3,6,45,False,False,TNC,OLD REHOBOTH TOWN OFFICE BUILDING,REHOBOTH,1,,,,,,,,,,,False,,False,0.0,0.0,False,False,False,0
MA4247047,6486.66380160352,6.4866638016035205,51108.57633805381,51.108576338053815,4963.155465352897,4.963155465352897,9090.903566925726,9.090903566925727,6473.386102875903,6.473386102875903,0,0,0,0,1,0,9,26,False,False,TNC,REHOBOTH PUBLIC SAFETY BUILDING,REHOBOTH,1,,,,,,,,,,,False,,False,0.0,0.0,False,False,False,0
MA4247049,6468.329591686175,6.468329591686175,50894.01988676616,50.89401988676616,4835.258264329359,4.835258264329359,8931.150695969749,8.931150695969748,6356.136262772427,6.356136262772426,0,0,0,0,1,0,8,30,False,False,TNC,TOWN HALL ANNEX,REHOBOTH,1,,,,,,,,,,,False,,False,0.0,0.0,False,False,False,0
MA4247050,6468.74818882777,6.46874818882777,52051.95752141711,52.051957521417116,5413.901868146437,5.413901868146437,9419.554780340517,9.419554780340517,6859.326597242333,6.859326597242333,0,0,0,0,0,0,9,24,False,False,TNC,ANAWAN JUNCTION,REHOBOTH,1,,,,,,,,,,,False,,False,0.0,0.0,False,False,False,0
MA4247051,6034.433521501825,6.034433521501826,51814.683114115614,51.81468311411562,4858.309887569852,4.8583098875698525,8970.217093293453,8.970217093293453,6314.648296725486,6.314648296725486,0,0,0,0,1,0,10,17,False,False,TNC,CAMP RAMSBOTTOM,REHOBOTH,1,,,,,,,,,,,False,,False,0.0,0.0,False,False,False,0
MA4247052,5078.875814775005,5.078875814775005,58750.32793332134,58.750327933321344,5111.38399072327,5.11138399072327,12276.981829890508,12.276981829890508,51.72507638046992,0.05172507638046992,0,1,0,6,0,9,6,19,False,False,NTNC,OLDCASTLE APG,REHOBOTH,1,,,,,,,,,,,False,,False,0.0,0.0,False,False,False,0
MA4247053,5399.660277474475,5.399660277474475,49208.05010428891,49.20805010428891,2523.2050434884095,2.5232050434884097,7718.479041709366,7.718479041709366,3812.8652577474677,3.8128652577474678,0,0,2,0,2,3,7,43,False,False,TNC,JOHNSON AND WALES EQUESTRIAN CENTER,REHOBOTH,1,,,,,,,,,,,False,,False,0.0,0.0,False,False,False,0
MA4247054,6755.8567585488145,6.7558567585488145,53563.21200546713,53.56321200546713,3704.919113678761,3.704919113678761,10834.171943308842,10.834171943308842,5042.451033299338,5.042451033299337,0,0,0,0,3,0,6,17,False,False,TNC,INDIAN HILLS PLAZA,REHOBOTH,1,,,,,,,,,,,False,,False,0.0,0.0,False,False,False,0
MA4247055,2695.6813696478525,2.6956813696478523,57031.00022523329,57.03100022523329,1522.9093166342554,1.5229093166342555,8689.397488895504,8.689397488895503,6284.897356093481,6.284897356093481,0,0,1,0,1,0,10,28,True,False,GW,WELL  1,REHOBOTH,1,,,,,,,,,,,False,,False,0.0,0.0,False,False,False,0
MA4247056,6544.030612423758,6.544030612423757,47067.890045988745,47.06789004598875,1264.7725291578615,1.2647725291578615,6367.794162909542,6.367794162909542,3458.3052563673905,3.4583052563673906,0,0,1,0,3,2,6,49,False,False,NTNC,TWIN OAKS FARM LEARNING CENTER INC,REHOBOTH,1,,,,,,,,,,,False,,False,0.0,0.0,False,False,False,0
MA4247057,6372.283988677824,6.3722839886778235,51751.74729088835,51.75174729088835,5167.727983210508,5.167727983210508,9309.347013532542,9.309347013532543,6634.9893136472865,6.634989313647287,0,0,0,0,0,0,9,21,False,False,TNC,SMPAT LLC,REHOBOTH,1,,,,,,,,,,,False,,False,0.0,0.0,False,False,False,0
MA4247058,6605.946694005077,6.605946694005077,51138.57302196845,51.13857302196845,5105.433509244384,5.105433509244384,9070.291695736321,9.070291695736321,6614.616348101242,6.614616348101242,0,0,0,0,0,0,9,27,False,False,TNC,REHOBOTH TOWN OFFICE BUILDING,REHOBOTH,1,,,,,,,,,,,False,,False,0.0,0.0,False,False,False,0
MA4247059,3043.5970028722054,3.0435970028722052,56527.18993526401,56.52718993526401,2042.9685895262296,2.0429685895262297,9319.673710416895,9.319673710416895,6075.759730906901,6.075759730906901,0,0,1,0,1,0,11,24,False,False,TNC,REHOBOTH MINI MART,REHOBOTH,1,,,,,,,,,,,False,,False,0.0,0.0,False,False,False,0
MA4247060,4351.931657678222,4.3519316576782225,60095.749454109195,60.095749454109196,5526.999218256452,5.526999218256452,11074.312821176743,11.074312821176743,1515.6101079752834,1.5156101079752835,0,0,0,4,0,8,7,19,False,False,TNC,DICKYS CLAM SHACK,REHOBOTH,1,,,,,,,,,,,False,,False,0.0,0.0,False,False,False,0
MA4247061,1480.127652820003,1.4801276528200031,57442.90247573813,57.44290247573813,1558.2740721325035,1.5582740721325035,6136.8007296204505,6.13680072962045,3310.77337181399,3.31077337181399,0,0,1,0,2,7,7,39,True,False,GW,WELL # 2,REHOBOTH,2,,,,,,,,,,,False,,False,0.0,0.0,False,False,False,0
MA4247062,4223.225559982352,4.223225559982352,45841.215328744984,45.84121532874499,3687.0448013983314,3.6870448013983315,4522.320523225309,4.52232052322531,3805.217543174925,3.8052175431749253,0,0,0,0,2,9,7,55,False,False,TNC,HERITAGE REALTY BUILDING,REHOBOTH,1,,,,,,,,,,,False,,False,0.0,0.0,False,False,False,0
MA4247063,9437.477151865725,9.437477151865725,51048.54833247435,51.04854833247435,1468.1382353634908,1.4681382353634909,8361.332256006908,8.361332256006909,4671.854715043006,4.671854715043006,0,0,3,0,3,1,7,38,False,False,TNC,FIVE BRIDGE INN,REHOBOTH,1,,,,,,,,,,,False,,False,0.0,0.0,False,False,False,0
MA4247064,6760.281846819814,6.760281846819814,53323.874184405395,53.3238741844054,4035.9490135187934,4.035949013518794,10604.260892399954,10.604260892399955,5512.054577727479,5.512054577727479,0,0,0,0,3,0,7,18,False,False,TNC,DOLLAR GENERAL,REHOBOTH,1,,,,,,,,,,,False,,False,0.0,0.0,False,False,False,0
MA4250002,2506.828906702479,2.506828906702479,28574.078190838038,28.574078190838037,3938.0169379266504,3.9380169379266503,6935.868010821918,6.935868010821918,7810.038859034108,7.810038859034108,0,0,0,0,1,0,8,24,False,False,NTNC,ROCHESTER MEMORIAL SCHOOL,ROCHESTER,2,,,,,,,,,,,False,,False,0.0,0.0,False,False,False,0
MA4250003,1624.9013705437237,1.6249013705437236,30255.4906378325,30.255490637832498,4705.224359783145,4.705224359783145,9527.406960396065,9.527406960396066,6619.829694726171,6.619829694726171,0,0,0,0,1,0,4,11,False,False,NTNC,OLD COLONY REG.VOC.TECH. HIGH SCH.,ROCHESTER,1,,,,,,,,,,,False,,False,0.0,0.0,False,False,False,0
MA4250004,3676.6683011651003,3.6766683011651002,26948.729003397646,26.948729003397645,4263.157731879062,4.263157731879063,7501.067686008741,7.50106768600874,7257.619835169899,7.257619835169899,0,0,0,0,2,0,6,22,False,False,TNC,ST. ROSE OF LIMA CHURCH,ROCHESTER,1,,,,,,,,,,,False,,False,0.0,0.0,False,False,False,0
MA4250005,6168.229548762898,6.168229548762898,23894.5270812095,23.8945270812095,1860.953330340079,1.860953330340079,6428.655303280392,6.428655303280392,4390.207475322281,4.390207475322281,0,0,1,0,1,4,8,18,False,False,TNC,"MHC GATEWAY TO CAPE COD, LLC",ROCHESTER,5,,,,,,,,,,,False,,False,0.0,0.0,False,False,False,0
MA4250007,2313.848944089923,2.313848944089923,25200.27659438973,25.200276594389727,3980.028137607651,3.980028137607651,9192.546164510446,9.192546164510446,206.1742896556109,0.20617428965561088,0,3,0,3,1,11,4,16,False,False,NTNC,SEMASS RESOURCE RECOVERY FACILITY,ROCHESTER,2,,,,,,,,,,,False,,False,0.0,0.0,False,False,False,0
MA4250008,2311.9720296645737,2.311972029664574,25450.008026151638,25.45000802615164,4316.700520641574,4.316700520641574,9459.49336003412,9.45949336003412,205.57602392310534,0.20557602392310534,0,2,0,3,1,10,4,16,False,False,TNC,SEMASS ADMINISTRATION BLDG.,ROCHESTER,1,,,,,,,,,,,False,,False,0.0,0.0,False,False,False,0
MA4250009,4511.422252775975,4.511422252775975,26060.32650715341,26.060326507153412,4189.42817496734,4.18942817496734,7321.1025931539625,7.321102593153962,6349.869663227288,6.349869663227287,0,0,0,0,1,0,6,19,False,False,TNC,ROCHESTER GOLF CLUB,ROCHESTER,1,,,,,,,,,,,False,,False,0.0,0.0,False,False,False,0
MA4250010,6521.528962174033,6.521528962174033,22899.331208447238,22.899331208447236,3019.966211168083,3.019966211168083,5271.1011310524345,5.2711011310524345,4123.607464269546,4.123607464269546,0,0,0,0,1,3,8,17,False,False,TNC,PERRYS CAMPGROUND,ROCHESTER,1,,,,,,,,,,,False,,False,0.0,0.0,False,False,False,0
MA4261000,2256.165193261428,2.256165193261428,1599.2313261460401,1.5992313261460402,1755.1248435896848,1.755124843589685,1439.4216447359647,1.4394216447359647,1013.3153393869613,1.0133153393869614,0,0,1,3,2,7,8,16,True,False,GW,GP WELL  2,SANDWICH,11,SANDWICH WATER DISTRICT,23.0,580.0,False,False,,,0.0,21.0,True,True,False,True,0.002002008581161362,1594.0,True,True,False,1
MA4261002,4453.406991101282,4.453406991101282,4406.992278860166,4.406992278860166,3505.6660446412884,3.5056660446412886,1721.4144322763577,1.7214144322763578,3605.1821300455176,3.6051821300455176,0,0,0,0,1,3,10,16,False,False,TNC,PETERS POND PARK,SANDWICH,4,,,,,,,,,,,False,,False,0.0,0.0,False,False,False,0
MA4261004,3732.879013090721,3.732879013090721,7306.895387608726,7.306895387608726,3241.609929056861,3.2416099290568607,2457.7291342381195,2.4577291342381193,4261.312049690523,4.261312049690523,0,0,0,0,1,2,7,14,False,False,TNC,YMCA CAMP LYNDON,SANDWICH,4,,,,,,,,,,,False,,False,0.0,0.0,False,False,False,0
MA4261009,4802.874020496634,4.802874020496635,12778.87390711195,12.77887390711195,7193.216088726224,7.193216088726224,4859.745762600802,4.859745762600801,6562.997604190132,6.562997604190132,0,0,0,0,0,0,5,10,False,False,TNC,AMARI BAR AND RISTORANTE,SANDWICH,1,,,,,,,,,,,False,,False,0.0,0.0,False,False,False,0
MA4261012,3407.705258170149,3.4077052581701492,6083.236408441745,6.083236408441745,1647.3935141814736,1.6473935141814737,3998.2186528253437,3.9982186528253436,4537.898414653362,4.5378984146533625,0,0,1,0,1,1,7,9,False,False,TNC,HOLLY RIDGE GOLF CLUB,SANDWICH,2,,,,,,,,,,,False,,False,0.0,0.0,False,False,False,0
MA4261020,11004.697977288686,11.004697977288686,10319.413517675592,10.319413517675592,1815.1507562091924,1.8151507562091924,1361.1595190864427,1.3611595190864427,1072.9619883931016,1.0729619883931016,0,0,1,5,1,8,5,15,False,False,TNC,SANDWICH TOWN HALL SPRING,SANDWICH,1,,,,,,,,,,,False,,False,0.0,0.0,False,False,False,0
MA4261023,4492.686177691917,4.492686177691917,4447.497530592943,4.447497530592943,3422.316993662291,3.422316993662291,2067.134696751959,2.067134696751959,3989.1914740157026,3.9891914740157026,0,0,0,0,1,3,10,16,False,False,TNC,DUNROAMIN CAMPGROUND AND COTTAGE COLONY,SANDWICH,2,,,,,,,,,,,False,,False,0.0,0.0,False,False,False,0
MA4261024,7433.124513402693,7.433124513402693,6927.7357768210795,6.92773577682108,1623.3380754022523,1.6233380754022524,2135.1713822931065,2.1351713822931067,436.44911384839816,0.43644911384839813,0,2,1,4,1,8,6,15,True,False,GW,WELL #3,SANDWICH,3,UPPER CAPE REGIONAL WATER COOPERATIVE,6.0,145.0,False,False,,,0.0,10.5,False,True,False,False,0.0,0.0,False,False,False,0
MA4264000,8333.487169502509,8.333487169502508,49429.97199992085,49.429971999920845,554.4890855577122,0.5544890855577121,2328.292722783113,2.3282927227831127,591.0762610008476,0.5910762610008475,2,2,2,2,4,3,10,24,True,False,GW,WELL  22  BARNES MEADOW,SCITUATE,8,SCITUATE WATER DIVISION,11.0,290.0,True,True,5.6,5.7,4.0,17.7,False,True,True,False,0.0,0.0,False,False,False,0
MA4265000,8440.290724952016,8.440290724952016,48673.47393954076,48.67347393954076,549.0292134307549,0.549029213430755,6721.657285016486,6.7216572850164855,1346.4010792803965,1.3464010792803964,1,0,3,2,4,10,4,50,True,False,GW,NEWMAN GP WELL 1R,SEEKONK,7,SEEKONK WATER DISTRICT,2.0,58.0,True,True,,5.0,1.0,13.5,False,True,True,True,3.932438684642522e-06,1374.0,False,True,False,1
MA4265001,8567.56093565956,8.567560935659559,49616.17088811424,49.61617088811424,443.6676804079939,0.44366768040799387,7109.74136383428,7.10974136383428,2909.624403424865,2.9096244034248646,1,0,3,1,3,3,6,49,False,False,TNC,SEEKONK SWIMMING AND TENNIS CLUB,SEEKONK,1,,,,,,,,,,,False,,False,0.0,0.0,False,False,False,0
MA4266000,1262.3853040450736,1.2623853040450737,24909.35115400029,24.90935115400029,3179.661039067414,3.179661039067414,95.44565016526278,0.09544565016526278,3105.556276833025,3.105556276833025,0,0,0,0,3,15,17,89,True,False,GW,GP WELL  6,SHARON,6,SHARON WATER DEPT,12.0,348.0,True,True,8.1,15.0,6.0,57.1,True,True,True,True,0.2111158312897026,12407.0,False,True,False,1
MA4273000,1730.4201311404765,1.7304201311404765,51118.849778904856,51.11884977890485,1709.2554562111588,1.7092554562111588,3097.4261851359333,3.0974261851359333,1142.9847290213904,1.1429847290213904,0,0,2,2,4,15,12,47,True,False,GW,SOMERSET RESERVOIR,SOMERSET,2,SOMERSET WATER DEPARTMENT,4.0,116.0,False,False,,,0.0,10.5,False,True,False,False,0.0,0.0,False,False,False,0
MA4285000,231.78569543967689,0.2317856954396769,27077.715843693815,27.077715843693817,2104.6734797885297,2.10467347978853,2471.1067596864877,2.4711067596864877,792.9730484617265,0.7929730484617266,0,2,1,9,3,25,15,102,True,True,GW,GURNEY GRAVEL PACKED WELL 5,STOUGHTON,9,STOUGHTON WATER DEPARTMENT,6.0,149.0,True,True,7.3,6.3,5.0,18.7,False,True,True,True,0.9735927231525722,47898.0,True,True,False,2
MA4285001,3552.034401179218,3.552034401179218,29838.967847779943,29.838967847779944,2167.1614057208067,2.167161405720807,1523.5201455997637,1.5235201455997638,613.359604621617,0.613359604621617,0,2,2,11,6,31,14,83,False,True,TNC,OLD COLONY YMCA  STOUGHTON,STOUGHTON,1,,,,,,,,,,,False,,False,0.0,0.0,False,False,False,0
MA4285003,5869.92966957043,5.86992966957043,26406.182065975394,26.406182065975393,903.2972339997647,0.9032972339997647,2949.6383682261544,2.949638368226154,446.39308428104437,0.44639308428104435,1,2,1,15,2,23,13,100,True,True,GW,WELL 2,STOUGHTON,5,,,,,,,,,,,False,,False,0.0,0.0,False,False,False,0
MA4285007,4688.333595977197,4.688333595977197,29152.652336305517,29.15265233630552,1358.0994668762476,1.3580994668762476,2388.2683304390107,2.388268330439011,611.2622436603415,0.6112622436603414,0,2,2,11,5,30,13,96,True,True,GW,WELL #2,STOUGHTON,4,,,,,,,,,,,False,,True,0.9999999999999997,1654.0,False,True,False,1
MA4292000,1500.6136056735086,1.5006136056735087,55540.66884753398,55.540668847533986,2638.2680076265833,2.6382680076265834,4413.106578962929,4.413106578962929,1686.0488583612412,1.6860488583612412,0,0,1,7,3,8,10,50,True,False,GW,MAKER WELL 5,SWANSEA,14,SWANSEA WATER DISTRICT,14.0,348.0,True,True,5.1000000000000005,,6.0,16.7,False,True,True,False,0.0,0.0,False,False,False,0
MA4292001,3269.0608670684305,3.2690608670684305,60247.43586710975,60.24743586710975,4251.185988108802,4.251185988108802,8461.492301626926,8.461492301626926,2754.9355013435365,2.7549355013435366,0,0,0,1,2,11,5,32,False,False,TNC,AMERICAN AQUIFER,SWANSEA,1,,,,,,,,,,,False,,False,0.0,0.0,False,False,False,0
MA4293000,3462.2897111528314,3.4622897111528315,33417.66610612302,33.41766610612302,1811.6674953132622,1.811667495313262,954.1536087261877,0.9541536087261877,574.1431366533473,0.5741431366533473,0,2,1,13,3,14,11,48,True,False,SW,LITTLE QUITTACAS (5),TAUNTON,8,TAUNTON WATER DIVISION,5.0,116.0,False,False,,,0.0,10.5,False,True,False,True,0.2794884436291491,31898.0,True,True,False,2
MA4293004,1676.7283023863463,1.6767283023863462,43199.655862400716,43.19965586240072,764.301969016518,0.764301969016518,5907.368448346013,5.907368448346013,4460.0074832029295,4.460007483202929,1,0,2,0,4,2,9,48,False,False,TNC,ROYAL PENNY,TAUNTON,1,,,,,,,,,,,False,,False,0.0,0.0,False,False,False,0
MA4296000,3391.950356445034,3.391950356445034,24881.260475188774,24.881260475188775,252.69766893993042,0.2526976689399304,1181.8476047367842,1.1818476047367843,1818.2077492890298,1.8182077492890298,2,0,2,2,4,3,6,8,True,False,GW,MANTER WELL,TISBURY,3,TISBURY WATER WORKS,6.0,174.0,False,False,,,0.0,10.5,False,True,False,True,0.8036377325871227,3712.0,True,True,False,3
MA4296001,5844.706053785544,5.844706053785544,27642.177063250238,27.642177063250237,2229.392518585379,2.229392518585379,5106.271790795108,5.106271790795108,4480.658458803363,4.480658458803363,0,0,2,0,4,2,6,5,False,False,TNC,FOCUS STUDY CENTER,WEST TISBURY,4,,,,,,,,,,,False,,False,0.0,0.0,False,False,False,0
MA4296002,5240.561446754444,5.240561446754444,31022.48174917995,31.022481749179953,1009.7555597379951,1.009755559737995,5300.12976074192,5.30012976074192,4787.578679006229,4.787578679006229,0,0,2,0,2,1,6,3,False,False,TNC,STATE ROAD RESTAURANT,WEST TISBURY,1,,,,,,,,,,,False,,False,0.0,0.0,False,False,False,0
MA4296003,3624.193069855977,3.6241930698559766,32472.372222120914,32.47237222212091,3174.258264926458,3.174258264926458,3557.8070688783346,3.5578070688783345,3139.0278857054263,3.1390278857054263,0,0,0,0,2,1,6,3,False,False,TNC,AMERICAN YOUTH HOSTEL,WEST TISBURY,1,,,,,,,,,,,False,,False,0.0,0.0,False,False,False,0
MA4296005,4149.203859571645,4.149203859571645,30539.306736659953,30.539306736659952,910.135811547345,0.910135811547345,4227.258070938934,4.227258070938934,3712.9127479620397,3.7129127479620396,1,0,2,0,2,1,6,4,False,False,NTNC,WEST TISBURY ELEMENTARY SCHOOL,WEST TISBURY,1,,,,,,,,,,,False,,False,0.0,0.0,False,False,False,0
MA4296006,5725.958183754393,5.7259581837543925,27403.277490924072,27.403277490924072,2616.4650439894917,2.616465043989492,4733.13754306753,4.73313754306753,4134.939988316073,4.134939988316074,0,0,1,0,4,2,6,6,False,False,TNC,LAMBERTS COVE INN AND RESTAURANT,WEST TISBURY,2,,,,,,,,,,,False,,False,0.0,0.0,False,False,False,0
MA4296008,5255.956517088985,5.255956517088984,33418.2150359808,33.4182150359808,3465.4517651777737,3.465451765177774,5189.951363080182,5.189951363080182,4769.656340464914,4.769656340464914,0,0,0,0,3,1,5,3,False,False,TNC,WEST TISBURY TOWN HALL,WEST TISBURY,1,,,,,,,,,,,False,,False,0.0,0.0,False,False,False,0
MA4296009,5245.50532580276,5.24550532580276,33274.61739913893,33.27461739913893,3304.9026411048862,3.3049026411048863,5187.538776949518,5.187538776949518,4757.207936755275,4.757207936755275,0,0,0,0,3,1,5,3,False,False,TNC,7A FOODS,WEST TISBURY,1,,,,,,,,,,,False,,False,0.0,0.0,False,False,False,0
MA4296010,5296.867001354888,5.296867001354888,31116.042350179137,31.116042350179136,1110.0012134294561,1.1100012134294561,5352.503752944583,5.352503752944583,4840.758759345006,4.8407587593450065,0,0,2,0,2,1,6,3,False,False,TNC,VINEYARD FOODSHOP,WEST TISBURY,1,,,,,,,,,,,False,,False,0.0,0.0,False,False,False,0
MA4296011,5161.578331951499,5.1615783319515,29052.62834810259,29.05262834810259,1007.3262389619725,1.0073262389619726,5306.790325745458,5.3067903257454585,4761.901638231291,4.761901638231291,0,0,2,0,3,3,6,4,False,False,NTNC,M.V. PUBLIC CHARTER SCHOOL,WEST TISBURY,1,,,,,,,,,,,False,,False,0.0,0.0,False,False,False,0
MA4296012,5494.245557077283,5.494245557077282,31776.98613873877,31.776986138738767,1760.6139514331246,1.7606139514331247,5520.837765860411,5.520837765860412,5019.340179978748,5.019340179978748,0,0,2,0,2,0,6,3,False,False,TNC,"POLLY HILL ARBORETUM, INC.",WEST TISBURY,1,,,,,,,,,,,False,,False,0.0,0.0,False,False,False,0
MA4296015,4238.581187121592,4.238581187121592,30985.87794622304,30.98587794622304,1198.6610543023187,1.1986610543023186,4291.378394203409,4.2913783942034085,3780.038978965199,3.780038978965199,0,0,2,0,2,1,6,4,False,False,NTNC,ISLAND CHILDRENS SCHOOL,WEST TISBURY,1,,,,,,,,,,,False,,False,0.0,0.0,False,False,False,0
MA4296016,5097.556258411908,5.097556258411908,33282.195399769735,33.28219539976973,3355.434784802822,3.355434784802822,5034.055403387557,5.034055403387557,4610.627816293557,4.610627816293557,0,0,0,0,3,1,5,3,False,False,TNC,WEST TISBURY FREE PUBLIC LIBRARY,WEST TISBURY,3,,,,,,,,,,,False,,False,0.0,0.0,False,False,False,0
MA4296017,3909.707253595246,3.909707253595246,32497.659954853098,32.4976599548531,2997.1667315124546,2.9971667315124546,3853.8057402956583,3.8538057402956585,3421.480301874629,3.4214803018746287,0,0,1,0,2,1,6,3,True,False,GW,WELL 2,WEST TISBURY,2,,,,,,,,,,,False,,False,0.0,0.0,False,False,False,0
MA4296018,4978.16590656593,4.97816590656593,25825.66703552454,25.82566703552454,1556.1169620393227,1.5561169620393227,2573.208817356269,2.5732088173562686,2659.5779835846824,2.6595779835846822,0,0,2,2,4,2,5,7,True,False,GW,WELL #4,TISBURY,2,,,,,,,,,,,False,,False,0.0,0.0,False,False,False,0
MA4300001,13528.60500515903,13.52860500515903,56459.0718754453,56.4590718754453,5823.207550427454,5.823207550427455,10049.206975335008,10.049206975335007,10742.822378689287,10.742822378689286,0,0,0,0,0,0,2,0,False,False,TNC,"ADVENTURE BOUND CAMPING, CC @ HORTONS",TRURO,2,,,,,,,,,,,False,,False,0.0,0.0,False,False,False,0
MA4300003,11285.824784861714,11.285824784861713,56156.45685756362,56.15645685756362,7639.540996940856,7.639540996940855,7942.254225300814,7.942254225300814,8553.711539035146,8.553711539035147,0,0,0,0,0,0,2,1,False,False,TNC,"NORTH OF HIGHLAND CAMPING AREA, LLC",TRURO,7,,,,,,,,,,,False,,False,0.0,0.0,False,False,False,0
MA4300004,13029.132599607427,13.029132599607426,55009.97989729696,55.00997989729696,5360.133033358827,5.360133033358827,9399.156766548587,9.399156766548588,10189.66049117132,10.18966049117132,0,0,0,0,0,0,2,0,False,False,TNC,CAPE VIEW MOTEL,TRURO,1,,,,,,,,,,,False,,False,0.0,0.0,False,False,False,0
MA4300017,12455.825533145256,12.455825533145257,56096.18292504699,56.09618292504699,6650.390901116754,6.650390901116754,9010.431891129487,9.010431891129487,9682.1311904476,9.6821311904476,0,0,0,0,0,0,1,1,False,False,TNC,"ADVENTURE BOUND CAMPING, CAPE COD",TRURO,4,,,,,,,,,,,False,,False,0.0,0.0,False,False,False,0
MA4300019,13801.650950119852,13.801650950119852,54475.0355828849,54.4750355828849,4281.824035874611,4.28182403587461,10110.668583975901,10.110668583975901,10950.906343663337,10.950906343663338,0,0,0,0,1,0,2,0,False,False,TNC,WHITMAN HOUSE RESTAURANT,TRURO,2,,,,,,,,,,,False,,False,0.0,0.0,False,False,False,0
MA4300020,13163.21954072079,13.163219540720789,54932.360303506466,54.932360303506464,5177.9898266814,5.1779898266814,9521.929914504639,9.52192991450464,10321.00758293951,10.32100758293951,0,0,0,0,0,0,2,0,False,False,TNC,PILGRIM SPRING MOTEL,TRURO,1,,,,,,,,,,,False,,False,0.0,0.0,False,False,False,0
MA4300023,9591.153734103838,9.591153734103838,55261.196242899,55.261196242899004,7190.837995304755,7.190837995304755,6226.855791378297,6.226855791378297,6841.522165041511,6.841522165041511,0,0,0,0,0,0,2,1,False,False,TNC,DUNE CREST HOTEL INC,TRURO,2,,,,,,,,,,,False,,False,0.0,0.0,False,False,False,0
MA4300026,14082.330734152825,14.082330734152825,54303.529261763295,54.303529261763295,3911.9861437926675,3.9119861437926673,10376.578476511222,10.376578476511222,11230.794170331836,11.230794170331835,0,0,0,0,1,0,2,0,False,False,TNC,TRURO MOTOR INN,TRURO,2,,,,,,,,,,,False,,False,0.0,0.0,False,False,False,0
MA4300027,14005.55431768286,14.00555431768286,53082.51702815428,53.08251702815428,3726.0407316150363,3.7260407316150363,10256.011570404666,10.256011570404665,11167.115498852236,11.167115498852235,0,0,0,0,1,0,2,0,False,False,TNC,CORN HILL CONDOMINIUMS,TRURO,2,,,,,,,,,,,False,,False,0.0,0.0,False,False,False,0
MA4300028,15695.85659886457,15.69585659886457,54485.828991714414,54.48582899171441,2363.2069389189955,2.3632069389189954,11976.21728798609,11.97621728798609,12844.76124397362,12.84476124397362,0,0,1,0,1,0,2,0,False,False,TNC,LITTLE PAMET CONDOMINIUM,TRURO,1,,,,,,,,,,,False,,False,0.0,0.0,False,False,False,0
MA4300029,16491.96471195725,16.49196471195725,54168.42794150048,54.168427941500475,1394.2259953048872,1.3942259953048872,12754.041221285397,12.754041221285398,13644.855619595517,13.644855619595518,0,0,1,0,2,0,2,0,False,False,TNC,BLACKFISH RESTAURANT,TRURO,1,,,,,,,,,,,False,,False,0.0,0.0,False,False,False,0
MA4300030,10905.583659061884,10.905583659061884,55744.605214878145,55.74460521487815,8029.485864381567,8.029485864381567,7499.9410884619265,7.499941088461926,8144.23217286395,8.14423217286395,0,0,0,0,0,0,2,1,False,False,TNC,MONTANOS RESTAURANT,TRURO,1,,,,,,,,,,,False,,False,0.0,0.0,False,False,False,0
MA4300031,11636.531649296685,11.636531649296685,55311.84785967538,55.311847859675375,6961.627351156754,6.961627351156754,8104.443741914491,8.10444374191449,8826.51371190938,8.82651371190938,0,0,0,0,0,0,2,1,False,False,TNC,SALT AIR COTTAGES,TRURO,2,,,,,,,,,,,False,,False,0.0,0.0,False,False,False,0
MA4300033,11946.238588158165,11.946238588158165,55423.985681907485,55.42398568190748,6728.857284267979,6.728857284267979,8411.520597367204,8.411520597367204,9135.864177748299,9.1358641777483,0,0,0,0,0,0,3,1,False,False,TNC,BABES BAKERY AND RESTAURANT,TRURO,1,,,,,,,,,,,False,,False,0.0,0.0,False,False,False,0
MA4300035,15598.292589236502,15.598292589236502,53557.91268611883,53.557912686118826,2138.77706580026,2.13877706580026,11851.31445470882,11.85131445470882,12756.76445948296,12.75676445948296,0,0,1,0,1,0,2,0,False,False,TNC,SLADEVILLE COTTAGES INC.,TRURO,2,,,,,,,,,,,False,,False,0.0,0.0,False,False,False,0
MA4300036,18026.949008699787,18.026949008699788,56130.2508459107,56.130250845910695,2296.494837188817,2.2964948371888174,14345.25480715695,14.345254807156952,15178.028835537898,15.178028835537898,0,0,1,0,1,0,2,0,False,False,TNC,CCNS TRURO NEED   AMER.YOUTH HOSTEL,TRURO,1,,,,,,,,,,,False,,False,0.0,0.0,False,False,False,0
MA4300039,14124.938384773812,14.124938384773811,53167.6967719038,53.1676967719038,3603.856710724231,3.603856710724231,10376.701904850599,10.376701904850599,11285.087620079088,11.285087620079088,0,0,0,0,1,0,2,0,False,False,TNC,ROSEVILLE CONDOMINIUMS,SOUTH TRURO,2,,,,,,,,,,,False,,False,0.0,0.0,False,False,False,0
MA4300040,12897.191838327406,12.897191838327405,55042.179853870664,55.042179853870664,5513.495538028629,5.5134955380286295,9274.839908758504,9.274839908758503,10059.647657196183,10.059647657196184,0,0,0,0,0,0,2,0,True,False,GW,REPLACEMENT WELL,TRURO,3,,,,,,,,,,,False,,True,0.9999999999999998,892.0,True,False,False,1
MA4300041,15876.50118351297,15.87650118351297,54031.40447969405,54.031404479694054,1966.2473963580985,1.9662473963580984,12139.466116988964,12.139466116988965,13029.162185141722,13.029162185141722,0,0,1,0,1,0,2,0,False,False,TNC,TRURO TOWN HALL,TRURO,1,,,,,,,,,,,False,,False,0.0,0.0,False,False,False,0
MA4300042,12318.921383914048,12.318921383914049,55519.02798871306,55.51902798871306,6410.754584033851,6.4107545840338505,8775.844763126339,8.775844763126338,9506.172166120112,9.506172166120113,0,0,0,0,0,0,3,1,False,False,TNC,MAMARAZZI RESTAURANT,TRURO,1,,,,,,,,,,,False,,False,0.0,0.0,False,False,False,0
MA4300044,16655.358648092544,16.655358648092545,54003.90036399339,54.00390036399339,1154.7486243734045,1.1547486243734044,12912.247546953133,12.912247546953132,13810.79004159686,13.81079004159686,0,0,1,0,2,0,2,0,False,False,TNC,THE TRURO CENTER CONDOMINIUM,TRURO,1,,,,,,,,,,,False,,False,0.0,0.0,False,False,False,0
MA4300045,13683.401070468793,13.683401070468793,54460.05589814181,54.46005589814181,4398.587498197122,4.398587498197122,9993.775149358464,9.993775149358465,10832.767627564534,10.832767627564534,0,0,0,0,1,0,2,0,False,False,TNC,WHITMAN HOUSE CONDOMINIUM ASSOCIATION,TRURO,2,,,,,,,,,,,False,,False,0.0,0.0,False,False,False,0
MA4307000,3799.3186522816154,3.7993186522816154,18685.050389770815,18.685050389770815,1782.383430327829,1.782383430327829,1451.451591040815,1.451451591040815,699.6585269008922,0.6996585269008921,0,2,3,12,4,18,16,70,True,False,GW,MINE BROOK 1A GP WELL,WALPOLE,18,WALPOLE WATER DEPT,5.0,116.0,True,False,4.0,4.0,6.0,16.0,False,True,True,True,0.11409666820837704,15697.0,False,True,True,2
MA4310000,1397.7772082808376,1.3977772082808375,16450.99187719151,16.450991877191512,2984.58183254196,2.98458183254196,4316.5057863057655,4.316505786305766,2657.552921520858,2.657552921520858,0,0,1,2,2,9,6,22,True,False,GW,SOUTH LINE WELL 8,WAREHAM,10,WAREHAM FIRE DISTRICT,4.0,116.0,False,False,,,0.0,10.5,False,True,False,True,0.15255694914470153,9071.0,True,True,False,2
MA4310003,3743.358162674695,3.743358162674695,13169.432891667007,13.169432891667007,5514.218017438007,5.514218017438007,2714.954939025724,2.714954939025724,393.0250987779963,0.3930250987779963,0,2,0,4,0,6,6,20,True,False,GW,WELL # 5,WAREHAM,6,ONSET FIRE DISTRICT,4.0,116.0,True,True,,7.1000000000000005,1.0,15.6,False,True,True,True,0.24309298307667784,1617.0,True,False,False,1
MA4310006,2876.7044201508147,2.8767044201508147,19895.705440136157,19.895705440136158,3469.4303406611443,3.469430340661144,4163.602433514739,4.163602433514739,1381.7623287821928,1.3817623287821927,0,0,0,4,1,9,5,21,False,False,TNC,BLACKMORE POND CAMPSITE,WAREHAM,1,,,,,,,,,,,False,,False,0.0,0.0,False,False,False,0
MA4310008,2426.397329730701,2.426397329730701,15700.113220226256,15.700113220226257,4497.944145602107,4.497944145602107,4568.644438668136,4.568644438668136,2323.727861042414,2.323727861042414,0,0,0,4,1,7,5,21,False,False,TNC,MAPLE PARK CAMPGROUND LLC,WAREHAM,2,,,,,,,,,,,False,,False,0.0,0.0,False,False,False,0
MA4318002,21241.336032460404,21.241336032460403,51615.70151842766,51.61570151842766,4796.567800537496,4.796567800537495,14390.500198544538,14.390500198544538,15889.684483315568,15.889684483315568,0,0,0,0,1,0,4,0,False,False,TNC,BROWNIES CABINS,WELLFLEET,2,,,,,,,,,,,False,,False,0.0,0.0,False,False,False,0
MA4318003,21440.1263611263,21.4401263611263,52154.28173163813,52.154281731638136,5169.813144304424,5.169813144304424,14331.017404134212,14.331017404134213,15962.399244873213,15.962399244873213,0,0,0,0,0,0,4,0,False,False,TNC,DECK II CONDOS,WELLFLEET,2,,,,,,,,,,,False,,False,0.0,0.0,False,False,False,0
MA4318007,21574.10120770604,21.57410120770604,51727.41718881354,51.72741718881354,4456.823165215154,4.456823165215154,14769.920128387237,14.769920128387238,16254.395131812333,16.254395131812334,0,0,0,0,1,0,4,0,False,False,TNC,STARFISH VACATION VILLAGE,WELLFLEET,2,,,,,,,,,,,False,,False,0.0,0.0,False,False,False,0
MA4318008,22109.881857835506,22.109881857835507,53720.39897602819,53.72039897602819,6476.147047735172,6.476147047735172,14318.288415901256,14.318288415901256,16311.652680367784,16.311652680367786,0,0,0,0,0,0,4,0,False,False,TNC,SURF SIDE CONDOMINIUM TRUST,WELLFLEET,1,,,,,,,,,,,False,,False,0.0,0.0,False,False,False,0
MA4318010,21131.330327306256,21.131330327306255,52387.462772153536,52.38746277215353,5935.75449125636,5.93575449125636,13765.634255324429,13.765634255324429,15520.003677394448,15.520003677394449,0,0,0,0,0,0,4,0,False,False,NTNC,DRUMMER BOY CONDOMINIUMS,WELLFLEET,2,,,,,,,,,,,False,,False,0.0,0.0,False,False,False,0
MA4318011,19994.191752897772,19.994191752897773,52198.36545569137,52.198365455691366,6273.062043021679,6.273062043021679,12310.129555745523,12.310129555745522,14203.10706151377,14.203107061513771,0,0,0,0,0,0,3,0,False,False,TNC,OCEAN PINES CONDOMINIUMS,WELLFLEET,2,,,,,,,,,,,False,,False,0.0,0.0,False,False,False,0
MA4318019,21281.532338368717,21.281532338368716,49952.788638748025,49.952788638748025,2028.6860814029444,2.0286860814029444,16598.61036785469,16.59861036785469,17641.635117574668,17.64163511757467,0,0,1,0,1,0,2,0,False,False,TNC,CHEQUESSETT VILLAGE COTTAGES,WELLFLEET,1,,,,,,,,,,,False,,False,0.0,0.0,False,False,False,0
MA4318030,21390.800058082827,21.390800058082828,51200.37261726843,51.200372617268435,1640.425170553971,1.640425170553971,17154.822635919485,17.154822635919484,18303.4178930048,18.3034178930048,0,0,1,0,1,0,2,0,False,False,TNC,FLYING FISH CAFE AND DELI,WELLFLEET,1,,,,,,,,,,,False,,False,0.0,0.0,False,False,False,0
MA4318031,21583.231165157526,21.583231165157525,51725.34785438491,51.725347854384914,4441.416696950412,4.441416696950412,14783.416032369947,14.783416032369948,16265.98632981788,16.26598632981788,0,0,0,0,1,0,4,0,False,False,TNC,ENDLESS COAST HOTEL,WELLFLEET,1,,,,,,,,,,,False,,False,0.0,0.0,False,False,False,0
MA4318033,20159.967968699864,20.159967968699863,52296.188969422925,52.29618896942292,6443.246621182266,6.443246621182266,12479.006452685355,12.479006452685354,14374.26288149755,14.37426288149755,0,0,0,0,0,0,3,0,False,False,TNC,SOUTHFLEET MOTOR INN,WELLFLEET,2,,,,,,,,,,,False,,False,0.0,0.0,False,False,False,0
MA4318035,17684.375655858075,17.684375655858076,50809.84387722881,50.80984387722881,3945.983024321561,3.9459830243215612,9999.714689923714,9.999714689923714,11827.704766821944,11.827704766821943,0,0,0,0,2,0,3,0,False,False,TNC,WELLFLEET MOTEL,WELLFLEET,2,,,,,,,,,,,False,,False,0.0,0.0,False,False,False,0
MA4318038,17268.15159061188,17.26815159061188,50482.16225336366,50.48216225336366,3599.6203276672877,3.599620327667288,9650.138905743797,9.650138905743797,11426.99782055037,11.42699782055037,0,0,0,0,2,0,3,0,False,False,TNC,"SPRING BROOK CENTER, INC.",WELLFLEET,5,,,,,,,,,,,False,,False,0.0,0.0,False,False,False,0
MA4318040,21687.827694451757,21.687827694451755,50500.96120849249,50.50096120849249,2116.208567470664,2.116208567470664,16487.423923734485,16.487423923734486,17596.447768951635,17.596447768951634,0,0,1,0,1,0,2,0,True,False,GW,WELL 3,WELLFLEET,3,,,,,,,,,,,False,,False,0.0,0.0,False,False,False,0
MA4318047,19895.14107618323,19.89514107618323,52544.78729406738,52.544787294067376,5952.010830775157,5.952010830775157,11945.796584222871,11.94579658422287,13969.340359419497,13.969340359419498,0,0,0,0,0,0,3,0,False,False,NTNC,CCNS MARCONI AREA,WELLFLEET,2,,,,,,,,,,,False,,False,0.0,0.0,False,False,False,0
MA4318048,21950.465167465885,21.950465167465886,52422.44076487528,52.42244076487528,4801.356204983459,4.801356204983459,14861.327693172301,14.861327693172301,16494.12361263592,16.49412361263592,0,0,0,0,1,0,4,0,False,False,TNC,DCR WELLFLEET HOLLOW CAMPGROUND,WELLFLEET,2,,,,,,,,,,,False,,False,0.0,0.0,False,False,False,0
MA4318049,17776.802423931626,17.776802423931624,50747.903621837875,50.74790362183788,4125.748289109522,4.125748289109523,10178.835472820281,10.178835472820282,11962.559898481202,11.962559898481203,0,0,0,0,2,0,3,0,False,False,TNC,WELLFLEET BAY WILDLIFE SANCTUARY,WELLFLEET,1,,,,,,,,,,,False,,False,0.0,0.0,False,False,False,0
MA4318050,19708.02873285435,19.70802873285435,52103.051008404,52.103051008404,5936.737473330438,5.936737473330438,11970.52544946445,11.97052544946445,13885.080146741231,13.885080146741231,0,0,0,0,0,0,3,0,False,False,TNC,HOG ISLAND SURF LODGE AND BEER YARD,WELLFLEET,1,,,,,,,,,,,False,,False,0.0,0.0,False,False,False,0
MA4318051,21596.49206216524,21.596492062165243,51255.26327669107,51.25526327669107,1843.9532170598084,1.8439532170598083,16999.59215790182,16.999592157901823,18161.61226927626,18.161612269276258,0,0,1,0,1,0,2,0,False,False,TNC,WINSLOW TAVERN,WELLFLEET,1,,,,,,,,,,,False,,False,0.0,0.0,False,False,False,0
MA4318052,22169.22451988488,22.169224519884878,51788.630875550596,51.788630875550595,2430.5856808036124,2.4305856808036124,16748.690275656034,16.748690275656035,18036.557746189636,18.036557746189636,0,0,1,0,1,0,2,0,False,False,TNC,WICKED OYSTER RESTAURANT,WELLFLEET,1,,,,,,,,,,,False,,False,0.0,0.0,False,False,False,0
MA4318055,18827.658344411633,18.827658344411635,51445.82815348707,51.44582815348707,5112.803041795684,5.112803041795685,11161.81701839051,11.16181701839051,13014.71780648686,13.01471780648686,0,0,0,0,0,0,3,0,False,False,TNC,BLOCK AND TACKLE,WELLFLEET,2,,,,,,,,,,,False,,False,0.0,0.0,False,False,False,0
MA4318056,17182.394966023414,17.182394966023413,50162.92318864974,50.162923188649735,3748.6213561515106,3.7486213561515105,9775.365320792276,9.775365320792277,11434.21067738824,11.43421067738824,0,0,0,0,2,0,3,0,True,False,GW,WELL 2 (WELL PIT),WELLFLEET,2,,,,,,,,,,,False,,False,0.0,0.0,False,False,False,0
MA4318057,21061.594189434487,21.061594189434487,51111.44715954297,51.11144715954297,4490.315044585318,4.490315044585318,14459.560509167259,14.45956050916726,15831.140693773394,15.831140693773394,0,0,0,0,1,0,4,0,False,False,TNC,PILGRIM ACRES CONDO ASSOCIATION,WELLFLEET,1,,,,,,,,,,,False,,False,0.0,0.0,False,False,False,0
MA4318059,22102.063814124802,22.1020638141248,50676.43793841008,50.67643793841008,2453.2732980549713,2.453273298054971,16145.629575950687,16.145629575950686,17288.896097852896,17.288896097852895,0,0,1,0,1,0,2,0,False,False,TNC,BOOKSTORE  RESTAURANT,WELLFLEET,2,,,,,,,,,,,False,,False,0.0,0.0,False,False,False,0
MA4318063,17550.504271313886,17.550504271313887,50807.48191590976,50.80748191590976,3654.7060282249095,3.6547060282249095,9700.845725777624,9.700845725777624,11615.733484908716,11.615733484908716,0,0,0,0,2,0,3,0,False,False,TNC,MAURICES CAMPGROUND INC,WELLFLEET,2,,,,,,,,,,,False,,False,0.0,0.0,False,False,False,0
MA4318065,19658.81717154852,19.65881717154852,52062.80830878557,52.06280830878557,5892.658119952808,5.8926581199528085,11927.799146180207,11.927799146180206,13837.669829776889,13.837669829776889,0,0,0,0,0,0,3,0,False,False,TNC,BOBS SUB AND CONE,WELLFLEET,1,,,,,,,,,,,False,,False,0.0,0.0,False,False,False,0
MA4318067,19217.60199598838,19.21760199598838,51834.78144976613,51.83478144976613,5420.673822405722,5.420673822405722,11457.308478492889,11.45730847849289,13371.743157073139,13.371743157073139,0,0,0,0,0,0,3,0,False,False,TNC,EVENTIDE MOTEL AND COTTAGES,WELLFLEET,2,,,,,,,,,,,False,,False,0.0,0.0,False,False,False,0
MA4318068,22080.425974310714,22.080425974310714,50971.82685304355,50.97182685304355,2371.640952485463,2.371640952485463,16393.24780226182,16.39324780226182,17555.916450531848,17.555916450531846,0,0,1,0,1,0,2,0,False,False,TNC,"THE HOLDEN INN, LLC",WELLFLEET,1,,,,,,,,,,,False,,False,0.0,0.0,False,False,False,0
MA4318070,20100.620634648043,20.100620634648042,52279.616709017224,52.279616709017226,6371.777326644796,6.3717773266447955,12406.620039976053,12.406620039976053,14307.398651774623,14.307398651774623,0,0,0,0,0,0,3,0,False,False,TNC,THE LOBSTER AND CHOWDER HOUSE,WELLFLEET,1,,,,,,,,,,,False,,False,0.0,0.0,False,False,False,0
MA4318071,21012.59780852018,21.01259780852018,49230.02968908003,49.230029689080034,2366.772508192434,2.366772508192434,16537.01539941273,16.537015399412727,17503.871155318044,17.503871155318045,0,0,1,0,1,0,2,0,False,False,TNC,CHEQUESSETT YACHT  COUNTRY CLUB,WELLFLEET,1,,,,,,,,,,,False,,False,0.0,0.0,False,False,False,0
MA4318073,22032.52598479362,22.032525984793622,51842.24169829946,51.84224169829946,2305.9738894769253,2.3059738894769253,16907.82445021468,16.90782445021468,18191.33448903039,18.19133448903039,0,0,1,0,1,0,2,0,False,False,TNC,THE COPPER SWAN,WELLFLEET,1,,,,,,,,,,,False,,False,0.0,0.0,False,False,False,0
MA4318074,21144.823441222434,21.144823441222435,52217.653955949325,52.217653955949324,5686.995064465465,5.6869950644654645,13887.622243383683,13.887622243383683,15586.547133810574,15.586547133810575,0,0,0,0,0,0,4,0,False,False,TNC,DRUMMER COVE COTTAGES,WELLFLEET,2,,,,,,,,,,,False,,False,0.0,0.0,False,False,False,0
MA4318075,21363.326894708734,21.363326894708734,51286.267579088475,51.286267579088474,1607.653031177157,1.6076530311771569,17230.059025244518,17.23005902524452,18383.79401418312,18.38379401418312,0,0,1,0,2,0,2,0,False,False,TNC,THE BOX LUNCH,WELLFLEET,1,,,,,,,,,,,False,,False,0.0,0.0,False,False,False,0
MA4318076,18854.93087211732,18.85493087211732,51494.802818541175,51.494802818541174,5128.787778739494,5.128787778739493,11176.78471398049,11.17678471398049,13037.082851401645,13.037082851401644,0,0,0,0,0,0,3,0,False,False,TNC,CSHORE,WELLFLEET,1,,,,,,,,,,,False,,False,0.0,0.0,False,False,False,0
MA4318077,21397.536406011615,21.397536406011614,52754.06299394923,52.754062993949226,6058.656419597039,6.058656419597039,13909.45416357302,13.90945416357302,15731.596312388883,15.731596312388882,0,0,0,0,0,0,4,0,False,False,TNC,P.B. BOULANGERIE BISTRO,WELLFLEET,1,,,,,,,,,,,False,,False,0.0,0.0,False,False,False,0
MA4318080,20826.541942796586,20.826541942796585,51765.74005354724,51.76574005354724,1182.1500563292439,1.1821500563292437,17091.00059103803,17.091000591038032,18066.047130198032,18.066047130198033,0,0,1,0,2,0,2,0,False,False,TNC,MOBY DICKS RESTAURANT,WELLFLEET,1,,,,,,,,,,,False,,False,0.0,0.0,False,False,False,0
MA4318081,24176.173790465262,24.176173790465263,54710.28937241945,54.71028937241945,5156.200340677387,5.156200340677388,16853.02858525767,16.853028585257672,18743.583963812624,18.743583963812622,0,0,0,0,0,0,2,0,False,False,TNC,THE WELLFLEET BEACHCOMBER,WELLFLEET,1,,,,,,,,,,,False,,False,0.0,0.0,False,False,False,0
MA4318082,9891.008904041646,9.891008904041646,55951.46846584384,55.95146846584384,7560.1883713407215,7.560188371340722,6658.390182897046,6.658390182897046,7203.725556428386,7.203725556428386,0,0,0,0,0,0,2,1,False,False,TNC,CCNS TRURO PILGRIM HEIGHTS,TRURO,1,,,,,,,,,,,False,,False,0.0,0.0,False,False,False,0
MA4318083,13674.222052642592,13.674222052642591,49927.80417935113,49.92780417935113,1248.5035338553423,1.2485035338553423,5005.107927911473,5.005107927911473,7360.562412881636,7.360562412881636,0,0,2,0,2,0,3,3,False,False,TNC,CCNS SALT POND VISITOR CTR.,EASTHAM,1,,,,,,,,,,,False,,False,0.0,0.0,False,False,False,0
MA4318084,14394.622178492933,14.394622178492932,51950.21699431422,51.950216994314225,2728.693899522958,2.728693899522958,5899.698655884473,5.899698655884473,8770.767133706775,8.770767133706775,0,0,1,0,2,0,3,3,False,False,TNC,CCNS COAST GUARD STATION,WELLFLEET,2,,,,,,,,,,,False,,False,0.0,0.0,False,False,False,0
MA4318087,11942.917649931322,11.94291764993132,49737.34694996856,49.73734694996856,2987.409285741545,2.987409285741545,3287.420637171631,3.287420637171631,6005.498205118416,6.005498205118416,0,0,1,0,2,0,3,3,False,False,TNC,CCNS HEMENWAY LANDING,EASTHAM,1,,,,,,,,,,,False,,False,0.0,0.0,False,False,False,0
MA4318088,15963.308621856288,15.963308621856287,52256.005409304395,52.25600540930439,2658.2159068864626,2.6582159068864626,7375.537438461424,7.375537438461424,10029.457984348386,10.029457984348387,0,0,1,0,2,0,2,0,False,False,TNC,CCNS NAUSET LIGHT BEACH,EASTHAM,1,,,,,,,,,,,False,,False,0.0,0.0,False,False,False,0
MA4318089,13552.09496675097,13.552094966750971,56753.210529701864,56.75321052970187,6185.607695654962,6.185607695654962,10098.961696412474,10.098961696412474,10777.48773431238,10.77748773431238,0,0,0,0,0,0,2,0,False,False,TNC,CCNS HIGHLAND AREA (TRURO),TRURO,1,,,,,,,,,,,False,,False,0.0,0.0,False,False,False,0
MA4318090,11726.315072541047,11.726315072541047,56507.96727682396,56.50796727682396,7786.227988213177,7.786227988213177,8387.175005589761,8.38717500558976,8997.985462103661,8.997985462103662,0,0,0,0,0,0,2,1,False,False,TNC,CCNS HEAD OF MEADOW BEACH,TRURO,1,,,,,,,,,,,False,,False,0.0,0.0,False,False,False,0
MA4318091,20326.351428533926,20.326351428533926,51226.92604951051,51.22692604951051,5661.30089208592,5.6613008920859205,13396.199084477073,13.396199084477074,14911.102455760281,14.91110245576028,0,0,0,0,0,0,4,0,True,False,GW,WELL  1,WELLFLEET,4,,,,,,,,,,,False,,False,0.0,0.0,False,False,False,0
MA4318092,17865.98221971699,17.86598221971699,51123.77617379713,51.12377617379713,3983.151685761146,3.983151685761146,10027.372537120931,10.02737253712093,11943.103786570873,11.943103786570873,0,0,0,0,2,0,3,0,False,False,TNC,WELLFLEET LODGE,WELLFLEET,2,,,,,,,,,,,False,,False,0.0,0.0,False,False,False,0
MA4318093,21847.462455288878,21.847462455288877,51808.6060774859,51.8086060774859,4169.3598459730565,4.169359845973056,15087.520056295687,15.087520056295688,16556.972343052676,16.556972343052674,0,0,0,0,1,0,4,0,False,False,TNC,SALTBOX COTTAGES CONDOMINIUM,WELLFLEET,1,,,,,,,,,,,False,,False,0.0,0.0,False,False,False,0
MA4318094,20632.549744760436,20.632549744760436,52427.309554146465,52.42730955414646,1988.6671557934392,1.9886671557934392,15929.096321929459,15.929096321929459,17446.490427247318,17.44649042724732,0,0,1,0,2,0,3,0,True,False,GW,WELL  3,WELLFLEET,5,,,,,,,,,,,False,,False,0.0,0.0,False,False,False,0
MA4318095,20039.72348581702,20.03972348581702,52234.93518299411,52.23493518299411,6313.837094464305,6.313837094464305,12349.173864800714,12.349173864800713,14247.167569850579,14.247167569850578,0,0,0,0,0,0,3,0,False,False,TNC,BAGEL HOUND INC,WELLFLEET,2,,,,,,,,,,,False,,False,0.0,0.0,False,False,False,0
MA4318096,21311.290577310483,21.311290577310483,52416.53275390626,52.41653275390625,5715.0803452018135,5.715080345201813,13996.05027836932,13.996050278369319,15728.112310004968,15.728112310004969,0,0,0,0,0,0,4,0,False,False,TNC,BLACKFISH VARIETY,WELLFLEET,1,,,,,,,,,,,False,,False,0.0,0.0,False,False,False,0
MA4318097,20212.350188791996,20.212350188791994,52316.75647468075,52.316756474680744,6502.929788016959,6.502929788016959,12539.042139570105,12.539042139570105,14431.470178665828,14.431470178665828,0,0,0,0,0,0,3,0,False,False,TNC,VAN RENSSELAERS,WELLFLEET,1,,,,,,,,,,,False,,False,0.0,0.0,False,False,False,0
MA4318098,22159.283202312636,22.159283202312636,51570.922579390965,51.57092257939097,3447.993654148316,3.4479936541483163,15641.827770198788,15.641827770198788,16996.634021839476,16.996634021839476,0,0,0,0,1,0,4,0,False,False,TNC,CAPE COMMERCE NOMINEE TRUST,WELLFLEET,2,,,,,,,,,,,False,,False,0.0,0.0,False,False,False,0
MA4318099,21802.732366500084,21.802732366500084,51248.948349779384,51.24894834977938,2052.5387828780995,2.0525387828780994,16808.13463779163,16.808134637791632,17979.138023149884,17.979138023149883,0,0,1,0,1,0,2,0,False,False,TNC,THE FLEETIAN,WELLFLEET,1,,,,,,,,,,,False,,False,0.0,0.0,False,False,False,0
MA4318100,21825.190824928537,21.825190824928537,51640.15952013039,51.640159520130396,3999.074824297419,3.999074824297419,15158.030043774355,15.158030043774355,16582.255981976206,16.582255981976207,0,0,0,0,1,0,4,0,False,False,TNC,THE ANGRY TOMATO,WELLFLEET,1,,,,,,,,,,,False,,False,0.0,0.0,False,False,False,0
MA4318103,21122.996727215137,21.12299672721514,51837.19206083413,51.837192060834134,1463.4146860183612,1.4634146860183612,17387.010192408015,17.387010192408017,18361.64106616087,18.36164106616087,0,0,1,0,2,0,2,0,False,False,TNC,OUTER CAPE HEALTH SERVICES INC.,WELLFLEET,3,,,,,,,,,,,False,,False,0.0,0.0,False,False,False,0
MA4318107,22068.24871612812,22.06824871612812,52225.891565361046,52.225891565361046,4388.421687629029,4.388421687629029,15136.556979159519,15.136556979159518,16694.474419604037,16.694474419604038,0,0,0,0,1,0,4,0,True,False,GW,WELL 1,WELLFLEET,2,,,,,,,,,,,False,,False,0.0,0.0,False,False,False,0
MA4318108,21335.84929703894,21.33584929703894,52782.91570290907,52.78291570290907,6188.753468131636,6.188753468131636,13807.084349286468,13.807084349286468,15648.87338251346,15.648873382513461,0,0,0,0,0,0,4,0,False,False,TNC,SOUTH WELLFLEET GENERAL STORE,WELLFLEET,1,,,,,,,,,,,False,,False,0.0,0.0,False,False,False,0
MA4318109,21686.92238256111,21.68692238256111,51229.9681075665,51.2299681075665,1937.0662316665214,1.9370662316665215,16902.362586710075,16.902362586710076,18066.627985475778,18.066627985475776,0,0,1,0,1,0,2,0,False,False,TNC,WELLFLEET MARKET PLACE,WELLFLEET,1,,,,,,,,,,,False,,False,0.0,0.0,False,False,False,0
MA4318110,22180.875020166222,22.180875020166223,55142.83712469201,55.14283712469201,4316.286814070625,4.316286814070625,18429.53651128862,18.42953651128862,19342.44799161587,19.34244799161587,0,0,0,0,2,0,2,0,False,False,TNC,NEWCOMB HOLLOW BEACH,WELLFLEET,1,,,,,,,,,,,False,,False,0.0,0.0,False,False,False,0
MA4318111,23430.724171526508,23.430724171526506,54413.12864538354,54.413128645383544,5793.351813541122,5.793351813541122,15738.129424298768,15.738129424298767,17702.39281564996,17.70239281564996,0,0,0,0,0,0,3,0,False,False,TNC,WHITE CREST BEACH,WELLFLEET,1,,,,,,,,,,,False,,False,0.0,0.0,False,False,False,0
MA4318112,22283.173041100577,22.28317304110058,54041.699921507054,54.04169992150705,6735.004782507919,6.735004782507919,14372.414905989079,14.372414905989078,16424.48608550383,16.42448608550383,0,0,0,0,0,0,4,0,False,False,TNC,MAGUIRE LANDING BEACH,WELLFLEET,1,,,,,,,,,,,False,,False,0.0,0.0,False,False,False,0
MA4318113,21634.988325764356,21.634988325764358,53615.93924825557,53.61593924825557,2878.3923160333015,2.8783923160333016,17878.682210383053,17.878682210383054,18822.702160786634,18.822702160786633,0,0,1,0,2,0,2,0,False,False,TNC,GULL POND BEACH,WELLFLEET,1,,,,,,,,,,,False,,False,0.0,0.0,False,False,False,0
MA4318116,20784.713726393904,20.784713726393903,52640.000680215635,52.640000680215635,6792.836717673757,6.792836717673757,13132.450213404443,13.132450213404443,15026.68732729981,15.02668732729981,0,0,0,0,0,0,4,0,False,False,TNC,GESTALT INTERNATIONAL STUDY CENTER,WELLFLEET,1,,,,,,,,,,,False,,False,0.0,0.0,False,False,False,0
MA4318118,20489.388691622276,20.489388691622278,49979.49936508587,49.979499365085864,4272.8991325558945,4.272899132555895,14341.219366288751,14.341219366288751,15497.401609514176,15.497401609514176,0,0,0,0,1,0,4,0,False,False,TNC,HIAWATHA CONDOMINIUMS,WELLFLEET,3,,,,,,,,,,,False,,False,0.0,0.0,False,False,False,0
MA4318119,22106.909094222767,22.106909094222768,51606.01059951162,51.60601059951162,3564.740734494198,3.564740734494198,15552.830170110146,15.552830170110147,16925.253921189,16.925253921189,0,0,0,0,1,0,4,0,False,False,TNC,"WELLFLEET COMMERCE CENTER, LLC",WELLFLEET,1,,,,,,,,,,,False,,False,0.0,0.0,False,False,False,0
MA4318121,22014.94562291978,22.01494562291978,51809.27183634322,51.80927183634322,3935.335670710617,3.9353356707106166,15310.834341049831,15.310834341049832,16757.236282734666,16.757236282734667,0,0,0,0,1,0,4,0,False,False,TNC,OUR LADY OF LOURDES CHURCH,WELLFLEET,1,,,,,,,,,,,False,,False,0.0,0.0,False,False,False,0
MA4322000,1337.5330098454542,1.3375330098454543,41284.13634825416,41.28413634825416,2461.4324945563876,2.4614324945563877,3244.0976557702406,3.244097655770241,887.0816329815095,0.8870816329815095,0,1,1,4,4,16,16,57,True,False,GW,NORMAN  2,WEST BRIDGEWATER,7,WEST BRIDGEWATER WATER DEPT,8.0,232.0,True,True,5.5,,5.0,14.0,False,True,True,True,2.6805051094695618e-05,6867.0,False,True,False,1
MA4322001,1809.8619767023758,1.8098619767023758,42631.54736769527,42.63154736769527,3153.061878870922,3.153061878870922,3759.2806827165373,3.7592806827165375,2084.029595463478,2.084029595463478,0,0,0,2,4,14,16,54,False,False,TNC,FORBES SPRING (SOURCE),WEST BRIDGEWATER,1,,,,,,,,,,,False,,False,0.0,0.0,False,False,False,0
MA4334000,5834.607118384523,5.834607118384524,50782.82288197869,50.78282288197869,7569.137690285519,7.569137690285519,4607.597891353675,4.607597891353675,12408.539960498856,12.408539960498857,0,0,0,0,0,0,1,0,False,False,TNC,ACOAXET WATER COMPANY INC.,WESTPORT,3,,,,,,,,,,,False,,False,0.0,0.0,False,False,False,0
MA4334001,5117.268561527643,5.117268561527643,50017.4472327667,50.017447232766706,7427.315311961234,7.427315311961235,3912.4575555079923,3.9124575555079923,11820.416047010152,11.820416047010152,0,0,0,0,0,0,1,0,False,False,NTNC,WESTPORT HARBOR WATER ASSOCIATION INC,WESTPORT,2,,,,,,,,,,,False,,False,0.0,0.0,False,False,False,0
MA4334004,1978.1427483891798,1.9781427483891798,40518.017729455016,40.51801772945502,1366.3511773671098,1.3663511773671098,5527.902264055687,5.527902264055687,832.1785727839343,0.8321785727839344,0,1,4,4,5,14,11,62,False,False,NTNC,ALICE A MACOMBER PRIMARY SCHOOL,WESTPORT,2,,,,,,,,,,,False,,False,0.0,0.0,False,False,False,0
MA4334006,3076.1868720636917,3.076186872063692,46947.19092694477,46.94719092694477,3075.527334540725,3.075527334540725,4946.914585102671,4.946914585102671,1631.7385561129356,1.6317385561129356,0,0,0,2,2,10,10,51,False,False,TNC,DURFEE LANES INC,WESTPORT,1,,,,,,,,,,,False,,False,0.0,0.0,False,False,False,0
MA4334008,2447.7611476379057,2.4477611476379058,46814.444489714115,46.81444448971411,979.3722242187494,0.9793722242187494,8813.881367148515,8.813881367148515,7477.9227274245595,7.477922727424559,1,0,1,0,1,0,3,6,False,False,NTNC,LEES SUPERMARKET,WESTPORT,1,,,,,,,,,,,False,,False,0.0,0.0,False,False,False,0
MA4334009,2554.915709737345,2.554915709737345,46872.27510941414,46.87227510941414,732.8290998077432,0.7328290998077432,8471.391696098111,8.471391696098111,7511.8697599723155,7.511869759972315,1,0,1,0,1,0,3,6,False,False,TNC,ADMINISTRATION BLDG TOWN HALL ANNEX,WESTPORT,3,,,,,,,,,,,False,,False,0.0,0.0,False,False,False,0
MA4334010,1029.6174680624556,1.0296174680624557,42730.09762030142,42.73009762030142,1942.2586931962142,1.9422586931962142,6480.883310946549,6.480883310946549,3750.6777135664174,3.7506777135664175,0,0,1,0,1,7,10,33,False,False,NTNC,ST GEORGE SCHOOL,WESTPORT,1,,,,,,,,,,,False,,False,0.0,0.0,False,False,False,0
MA4334011,2796.2025033163377,2.7962025033163376,44102.319605870325,44.10231960587033,3681.5654909459045,3.6815654909459044,7458.697347449957,7.458697347449958,4378.9532678999885,4.3789532678999885,0,0,0,0,1,3,8,21,False,False,NTNC,WESTPORT MIDDLE SCHOOL,WESTPORT,1,,,,,,,,,,,False,,False,0.0,0.0,False,False,False,0
MA4334012,3375.07590540372,3.37507590540372,45377.53010954121,45.377530109541205,4859.614846018896,4.859614846018896,8719.929147653287,8.719929147653287,4237.2096775191485,4.237209677519148,0,0,0,0,1,2,9,25,False,False,NTNC,WESTPORT SCHOOL ADMINISTRATION,WESTPORT,2,,,,,,,,,,,False,,False,0.0,0.0,False,False,False,0
MA4334014,2539.4265195111116,2.5394265195111116,46863.12920823721,46.86312920823721,890.704102110532,0.890704102110532,8708.333974356385,8.708333974356385,7505.6949655546005,7.505694965554601,1,0,1,0,1,0,3,6,False,False,TNC,TOWN OF WESTPORT SELECTMENS OFFICE,WESTPORT,1,,,,,,,,,,,False,,False,0.0,0.0,False,False,False,0
MA4334015,2206.9499118498356,2.2069499118498355,46621.815508748,46.621815508748,1097.7535200947164,1.0977535200947164,8950.697430099119,8.950697430099119,7320.763735657125,7.320763735657125,0,0,1,0,1,0,3,8,False,False,TNC,WESTPORT VILLAGE COMMONS,WESTPORT,1,,,,,,,,,,,False,,False,0.0,0.0,False,False,False,0
MA4334018,3952.495429873836,3.9524954298738364,44975.358224614734,44.97535822461474,2961.0335380909146,2.9610335380909145,7440.802809294451,7.440802809294452,432.19777877622704,0.43219777877622706,0,2,1,2,3,2,8,45,False,False,TNC,WESTPORT PLAZA,WESTPORT,1,,,,,,,,,,,False,,False,0.0,0.0,False,False,False,0
MA4334019,3065.6304586297606,3.0656304586297605,47962.99987067604,47.962999870676036,2793.6922113546043,2.793692211354604,5793.345360663063,5.7933453606630625,8615.209128670485,8.615209128670486,0,0,1,0,1,0,2,1,False,False,TNC,ELLIES PLACE,WESTPORT,1,,,,,,,,,,,False,,False,0.0,0.0,False,False,False,0
MA4334020,2934.828001920161,2.934828001920161,44312.158480472404,44.312158480472405,3832.006619727804,3.832006619727804,7681.737431960326,7.681737431960326,4240.075604105809,4.240075604105809,0,0,0,0,1,2,8,23,False,False,TNC,WESTPORT CAMPING GROUNDS,WESTPORT,2,,,,,,,,,,,False,,False,0.0,0.0,False,False,False,0
MA4334024,2386.093090177846,2.386093090177846,47221.329574642936,47.22132957464294,714.1687642674268,0.7141687642674268,7837.545721891693,7.837545721891693,7751.399509689047,7.751399509689047,1,0,1,0,1,0,3,3,False,False,TNC,TEN COUSINS,WESTPORT,1,,,,,,,,,,,False,,False,0.0,0.0,False,False,False,0
MA4334026,3512.5120840289096,3.5125120840289097,46473.12299215148,46.47312299215148,5730.214474902757,5.730214474902756,9441.27395892912,9.44127395892912,3700.106719748996,3.700106719748996,0,0,0,0,0,2,9,34,False,False,TNC,ALL FRIENDS SMOKEHOUSE / ALS CAFE,WESTPORT,1,,,,,,,,,,,False,,False,0.0,0.0,False,False,False,0
MA4334027,650.9071842558417,0.6509071842558417,44269.91903380945,44.26991903380945,8124.834432716319,8.124834432716318,2294.064367640465,2.2940643676404653,8562.421291295092,8.562421291295092,0,0,0,0,0,0,2,1,False,False,TNC,BAYSIDE RESTAURANT,WESTPORT,1,,,,,,,,,,,False,,False,0.0,0.0,False,False,False,0
MA4334028,1382.0254932187347,1.3820254932187348,42895.68358500644,42.89568358500644,2125.121837272628,2.125121837272628,6969.4070186033305,6.969407018603331,3089.703342961505,3.089703342961505,0,0,1,0,3,7,10,37,False,False,TNC,CALVARY BIBLE CHURCH,WESTPORT,1,,,,,,,,,,,False,,False,0.0,0.0,False,False,False,0
MA4334030,1331.8717623391515,1.3318717623391514,43013.69406639774,43.01369406639774,2248.1601579413896,2.2481601579413897,6698.007697008475,6.6980076970084745,3731.892955818001,3.731892955818001,0,0,1,0,1,7,10,29,False,False,TNC,LEXI LUS PLACE,WESTPORT,1,,,,,,,,,,,False,,False,0.0,0.0,False,False,False,0
MA4334031,712.4096671162221,0.7124096671162221,45871.84071420724,45.87184071420724,7854.904845714887,7.854904845714888,286.36828104394965,0.2863682810439496,9289.987477260189,9.289987477260189,0,0,0,0,0,0,2,1,False,False,TNC,DCR HORSENECK BEACH STATE RESERVATION,WESTPORT,8,,,,,,,,,,,False,,False,0.0,0.0,False,False,False,0
MA4334032,986.7031084861961,0.9867031084861961,45895.28987419363,45.89528987419363,8615.097756460198,8.615097756460198,963.6594907873098,0.9636594907873097,9700.491809317977,9.700491809317977,0,0,0,0,0,0,2,1,False,False,TNC,DCR HORSENECK BEACH CAMPGROUND,WESTPORT,1,,,,,,,,,,,False,,False,0.0,0.0,False,False,False,0
MA4334033,2565.683098995049,2.565683098995049,47390.288161217366,47.39028816121736,6762.4368143504225,6.762436814350423,1548.6979568401885,1.5486979568401884,9646.716827284345,9.646716827284344,0,0,0,0,0,0,2,1,False,False,TNC,BUDS BY THE BEACH,WESTPORT,1,,,,,,,,,,,False,,False,0.0,0.0,False,False,False,0
MA4334035,1506.1303702472053,1.5061303702472053,47293.28877152672,47.29328877152672,4910.015411416384,4.910015411416384,6865.371509539575,6.865371509539575,2308.3373148971727,2.3083373148971726,0,0,0,2,1,3,8,36,False,False,TNC,OUR LADY OF GRACE CHURCH,WESTPORT,2,,,,,,,,,,,False,,False,0.0,0.0,False,False,False,0
MA4334037,3746.719899144345,3.7467198991443453,44754.14585350656,44.754145853506564,3073.048228004856,3.073048228004856,7719.781405787323,7.719781405787323,713.9727290012374,0.7139727290012374,0,1,0,2,3,2,8,44,False,False,TNC,LICKETY SPLITS,WESTPORT,1,,,,,,,,,,,False,,False,0.0,0.0,False,False,False,0
MA4334040,3009.329721945258,3.009329721945258,44175.085793124555,44.17508579312455,3457.672974925038,3.457672974925038,8452.271373996513,8.452271373996513,1453.4705127620234,1.4534705127620233,0,0,0,2,3,2,10,41,False,False,TNC,V F W POST 8502,WESTPORT,1,,,,,,,,,,,False,,False,0.0,0.0,False,False,False,0
MA4334042,1135.8743251111327,1.1358743251111327,45391.594051134394,45.3915940511344,2978.040948618839,2.978040948618839,8674.923731764282,8.674923731764283,6701.320363733883,6.701320363733883,0,0,1,0,1,0,6,14,False,False,TNC,"COMPTON CLAMBAKES, LLC",WESTPORT,1,,,,,,,,,,,False,,False,0.0,0.0,False,False,False,0
MA4334044,2585.8376365024938,2.5858376365024935,47279.513517708765,47.279513517708764,3535.9752880683814,3.5359752880683812,5022.748695811683,5.022748695811683,1790.7216462510673,1.7907216462510673,0,0,0,2,2,12,10,51,False,False,TNC,WESTPORT BOWLAWAY/LOUNGE  INACT.,WESTPORT,1,,,,,,,,,,,False,,False,0.0,0.0,False,False,False,0
MA4334049,2121.9127785059704,2.1219127785059704,43803.731316532256,43.80373131653226,3036.1061947514318,3.0361061947514316,7427.618627662279,7.427618627662279,3392.2570634962867,3.3922570634962868,0,0,0,0,1,4,11,27,False,False,TNC,MEDITERRANEAN RESTAURANT,WESTPORT,1,,,,,,,,,,,False,,False,0.0,0.0,False,False,False,0
MA4334052,2713.032782194942,2.713032782194942,46909.7527484057,46.9097527484057,467.92547412438427,0.4679254741243843,7647.751958298497,7.647751958298497,7432.242255033126,7.432242255033126,1,0,1,0,1,0,3,2,False,False,TNC,HANDY HILL CREAMERY,WESTPORT,1,,,,,,,,,,,False,,False,0.0,0.0,False,False,False,0
MA4334053,5883.345708268721,5.883345708268721,50567.93361716986,50.56793361716986,7153.069154231019,7.1530691542310185,4719.874679731806,4.719874679731806,12060.478533789037,12.060478533789038,0,0,0,0,0,0,1,0,False,False,TNC,ACOAXET CLUB,WESTPORT,1,,,,,,,,,,,False,,False,0.0,0.0,False,False,False,0
MA4334059,930.8989938071023,0.9308989938071023,50155.70873698453,50.15570873698453,3701.380858820946,3.701380858820946,8309.782872957227,8.309782872957227,10666.91313338592,10.66691313338592,0,0,0,0,1,0,1,0,True,False,GW,WELL #2,WESTPORT,3,,,,,,,,,,,False,,False,0.0,0.0,False,False,False,0
MA4334065,1720.839884489993,1.720839884489993,46067.07132764122,46.06707132764122,2882.560727472773,2.882560727472773,9341.72379302699,9.34172379302699,6785.833474322782,6.785833474322782,0,0,1,0,1,0,4,14,False,False,NTNC,BITTERSWEET FARM INC,WESTPORT,2,,,,,,,,,,,False,,False,0.0,0.0,False,False,False,0
MA4334066,2295.356488553028,2.295356488553028,47362.820351181545,47.36282035118155,934.390351850974,0.934390351850974,7585.48636870673,7.58548636870673,7879.053342765837,7.879053342765838,1,0,1,0,1,0,3,2,False,False,TNC,PERRYS BAKERY,WESTPORT,1,,,,,,,,,,,False,,False,0.0,0.0,False,False,False,0
MA4334070,437.72903032208586,0.4377290303220859,44359.202231389754,44.35920223138975,8021.555600665197,8.021555600665197,2150.171790705106,2.150171790705106,8459.362861515794,8.459362861515794,0,0,0,0,0,0,2,1,False,False,TNC,BAYSIDE WATER ASSN.,WESTPORT,1,,,,,,,,,,,False,,False,0.0,0.0,False,False,False,0
MA4334073,1242.1472796242695,1.2421472796242694,42721.88295855864,42.721882958558645,1958.528369993174,1.958528369993174,6819.389984400122,6.819389984400122,3217.0034710221885,3.2170034710221884,0,0,1,0,3,7,10,35,False,False,NTNC,WESTPORT COUNTRY DAY SCHOOL,WESTPORT,1,,,,,,,,,,,False,,False,0.0,0.0,False,False,False,0
MA4334075,3186.6004805005778,3.186600480500578,44882.09025920216,44.88209025920216,4094.034562044732,4.094034562044732,8479.849351396066,8.479849351396066,3050.4005468378173,3.0504005468378175,0,0,0,0,1,2,9,32,False,False,NTNC,WESTPORT LEGION LLC,WESTPORT,1,,,,,,,,,,,False,,False,0.0,0.0,False,False,False,0
MA4334076,3195.57355571991,3.19557355571991,47995.04519778727,47.99504519778727,6709.111954998535,6.709111954998535,2114.5151286761193,2.1145151286761195,10065.325560025958,10.065325560025958,0,0,0,0,0,0,2,0,False,False,TNC,WESTPORT YACHT CLUB INC.,WESTPORT,1,,,,,,,,,,,False,,False,0.0,0.0,False,False,False,0
MA4334078,2992.957591327564,2.992957591327564,44088.76181132401,44.08876181132401,3360.8129470908993,3.360812947090899,8443.830711095392,8.443830711095393,1459.785225057863,1.4597852250578631,0,0,0,2,4,2,10,41,True,False,GW,WELL #2,WESTPORT,2,,,,,,,,,,,False,,False,0.0,0.0,False,False,False,0
MA4334079,2038.4686592504136,2.0384686592504138,43251.10227955519,43.25110227955519,2885.648128542599,2.885648128542599,6639.262674845397,6.639262674845397,4115.836331896944,4.115836331896944,0,0,1,0,1,4,10,26,False,False,TNC,WESTPORT SENIOR CENTER,WESTPORT,1,,,,,,,,,,,False,,False,0.0,0.0,False,False,False,0
MA4334080,2515.7464609863914,2.5157464609863913,47084.87792177434,47.08487792177434,636.3096928075887,0.6363096928075888,8209.456499332435,8.209456499332434,7650.015323084056,7.650015323084056,1,0,1,0,1,0,3,4,False,False,TNC,WESTPORT CLUB INC.,WESTPORT,1,,,,,,,,,,,False,,False,0.0,0.0,False,False,False,0
MA4334082,2513.9405203378815,2.5139405203378815,46957.777575474385,46.95777757547439,1198.6503157751665,1.1986503157751665,9013.281367336433,9.013281367336432,7653.312862879999,7.653312862879998,0,0,1,0,1,0,3,6,False,False,TNC,CENTRAL VILLAGE CONDO C/O BRADSHAW INS.,WESTPORT,2,,,,,,,,,,,False,,False,0.0,0.0,False,False,False,0
MA4334083,2552.2654847738722,2.5522654847738724,47170.310712395214,47.170310712395214,1107.9177591103357,1.1079177591103357,8827.299946996849,8.827299946996849,7820.573449636439,7.82057344963644,0,0,1,0,1,0,3,6,False,False,NTNC,PRIMA CARE (KLRC REALY TRUST),WESTPORT,1,,,,,,,,,,,False,,False,0.0,0.0,False,False,False,0
MA4334084,3274.8732850164088,3.2748732850164086,48107.73687095938,48.10773687095938,6777.88423623493,6.77788423623493,2168.9060319734617,2.168906031973462,10187.049320767983,10.187049320767983,0,0,0,0,0,0,2,0,False,False,TNC,"F.L. TRIPP AND SONS, INC.",WESTPORT,2,,,,,,,,,,,False,,False,0.0,0.0,False,False,False,0
MA4334086,2566.077625567723,2.566077625567723,47389.14759005801,47.38914759005801,6759.490686358765,6.759490686358765,1550.173983906612,1.550173983906612,9644.294598926972,9.644294598926972,0,0,0,0,0,0,2,1,False,False,TNC,THE BACK EDDY,WESTPORT,1,,,,,,,,,,,False,,False,0.0,0.0,False,False,False,0
MA4334087,2081.017557328371,2.081017557328371,46645.5420967843,46.645542096784304,1659.865118238137,1.659865118238137,9512.099089888628,9.512099089888629,7477.149532942952,7.477149532942952,0,0,1,0,1,0,3,8,False,False,TNC,WILD HONEY CAFE @ SOARES FUNCTION HALL,WESTPORT,1,,,,,,,,,,,False,,False,0.0,0.0,False,False,False,0
MA4334088,2512.1999898791855,2.5121999898791856,47246.547954279915,47.24654795427991,1308.1289078390605,1.3081289078390606,9015.914658520807,9.015914658520808,7937.95943607775,7.93795943607775,0,0,1,0,1,0,3,6,True,False,GW,WELL #2,WESTPORT,3,,,,,,,,,,,False,,False,0.0,0.0,False,False,False,0
MA4334089,2449.957196938931,2.449957196938931,47201.82330241577,47.20182330241577,931.4236775427596,0.9314236775427596,8571.100751455815,8.571100751455814,7809.768909689436,7.809768909689437,1,0,1,0,1,0,3,4,False,False,TNC,PARTNERS VILLAGE STORE,WESTPORT,1,,,,,,,,,,,False,,False,0.0,0.0,False,False,False,0
MA4334091,2797.717827546478,2.797717827546478,44035.94534897748,44.035945348977485,3465.3730519919554,3.4653730519919552,8368.05529335512,8.368055293355122,1552.8743617444215,1.5528743617444216,0,0,0,2,3,2,10,39,False,False,NTNC,COAKSETT COMMONS,WESTPORT,2,,,,,,,,,,,False,,False,0.0,0.0,False,False,False,0
MA4334092,1115.4123449107328,1.115412344910733,42718.614582556496,42.7186145825565,2023.825039015228,2.023825039015228,6349.089347869951,6.349089347869951,3656.858564378072,3.656858564378072,0,0,1,0,1,7,10,32,True,False,GW,WELL # 1,WESTPORT,1,,,,,,,,,,,False,,False,0.0,0.0,False,False,False,0
MA4334093,1852.5888795241635,1.8525888795241636,48868.2500753235,48.8682500753235,2946.6480335741335,2.9466480335741334,10108.710078091884,10.108710078091885,8836.43795274111,8.83643795274111,0,0,1,0,1,0,3,3,False,False,TNC,WEATHERLOW FARMS,WESTPORT,1,,,,,,,,,,,False,,False,0.0,0.0,False,False,False,0
MA4334094,2591.437706854222,2.5914377068542223,43820.496865707704,43.8204968657077,3460.0369385052763,3.4600369385052763,7170.363884545769,7.170363884545769,4053.1337836309617,4.053133783630962,0,0,0,0,1,2,10,23,False,False,NTNC,WESTPORT SCHOOLS COMPLEX,WESTPORT,2,,,,,,,,,,,False,,False,0.0,0.0,False,False,False,0
MA4334095,2286.7305762028936,2.2867305762028938,47368.71263553057,47.36871263553057,934.6866898386621,0.9346866898386621,7598.699900878523,7.598699900878524,7885.350850481171,7.885350850481171,1,0,1,0,1,0,3,2,False,False,TNC,THE WESTPORTER,WESTPORT,1,,,,,,,,,,,False,,False,0.0,0.0,False,False,False,0
MA4334096,2565.46981958944,2.5654698195894396,44266.37394866065,44.26637394866065,3471.553329757203,3.471553329757203,7913.63308992699,7.913633089926989,3086.3552662312613,3.086355266231261,0,0,0,0,1,2,10,29,False,False,TNC,SILVERBACK CROSSING,WESTPORT,1,,,,,,,,,,,False,,False,0.0,0.0,False,False,False,0
MA4336000,2821.536421544564,2.8215364215445637,35051.54851893397,35.05154851893397,723.8631677211737,0.7238631677211737,446.95061044014324,0.4469506104401432,147.27324887616737,0.14727324887616738,1,6,3,17,6,40,17,124,True,False,GW,WHITMANS POND,WEYMOUTH,8,WEYMOUTH WATER DEPARTMENT,6.0,174.0,True,False,,,1.0,10.5,False,True,True,True,0.3493240290253781,27943.0,True,True,True,4
MA4338000,7957.36372098779,7.957363720987789,44852.53702729539,44.85253702729539,2686.697236866585,2.686697236866585,2245.913934120073,2.245913934120073,2686.1782662416176,2.6861782662416176,0,0,2,2,3,9,14,44,False,False,PW,BEAR MEADOW BEDROCK WELL,WHITMAN,1,WHITMAN WATER SYSTEM,4.0,116.0,True,False,,,4.0,10.5,False,True,True,True,3.0647069883095344e-08,2481.0,True,True,True,1
MA4338002,5098.486496694503,5.098486496694504,42593.653922291414,42.593653922291416,2325.30619913671,2.32530619913671,1912.482132030233,1.912482132030233,1567.9127188439404,1.5679127188439403,0,0,2,5,5,15,13,68,True,False,GW,WELL A,WHITMAN,2,,,,,,,,,,,False,,False,0.0,0.0,False,False,False,0
MA4350000,3739.7915119538306,3.7397915119538307,26878.300119171974,26.878300119171975,1077.1415462792065,1.0771415462792064,1511.2896996236966,1.5112896996236966,1420.4331868009579,1.4204331868009579,0,0,4,4,7,15,14,60,True,False,GW,FRANKLIN ST. WELL  3,WRENTHAM,5,WRENTHAM WATER DIVISION,6.0,174.0,True,True,5.7,4.4,5.0,16.6,False,True,True,False,0.0,0.0,False,False,False,0
MA4350001,4871.708983471613,4.8717089834716125,24584.670475424267,24.584670475424268,652.0059415574354,0.6520059415574354,1212.316678813842,1.212316678813842,1139.7125111270768,1.1397125111270767,3,0,4,3,7,7,15,49,True,False,GW,NORFOLK WELL #2,WRENTHAM,3,,,,,,,,,,,False,,False,0.0,0.0,False,False,False,0
MA4350003,9749.51795583992,9.74951795583992,30477.73368992083,30.477733689920832,5142.83252684509,5.14283252684509,5581.00713350235,5.58100713350235,1368.1899890132445,1.3681899890132445,0,0,0,5,0,13,11,41,True,False,GW,OLD WELL,WRENTHAM,2,,,,,,,,,,,False,,False,0.0,0.0,False,False,False,0
MA4351000,2440.129372690741,2.440129372690741,22393.54391666953,22.39354391666953,956.2927192293458,0.9562927192293459,1102.7506490656765,1.1027506490656764,684.4073708127929,0.6844073708127929,1,1,1,10,3,29,5,34,True,False,GW,GP WELL  9,YARMOUTH,24,YARMOUTH WATER DEPARTMENT,31.0,870.0,True,False,,,5.0,16.7,False,True,True,True,0.22763336607906118,8182.0,True,True,False,3
MA6000000,534.0161793228574,0.5340161793228574,9478.78792917974,9.47878792917974,525.6609358636794,0.5256609358636793,2268.5643956112203,2.2685643956112203,317.7974598901755,0.3177974598901755,2,4,3,15,4,35,21,239,False,True,ESW,QUABBIN RESERVOIR,BOSTON,19,,,,,,,,,,,False,,False,0.0,0.0,False,False,False,0
