PWSID,PWSName,SamplePointID,CollectionDate,pfas6_sum_ppt,pfas6_n_detected,pfas6_n_analytes,exceeds_ma_mmcl
MA1004000,ADAMS FIRE DISTRICT,10006,11/3/2025,10.5,0,6,False
MA1004000,ADAMS FIRE DISTRICT,10006,5/5/2025,10.5,0,6,False
MA1005000,AGAWAM WATER DEPARTMENT,EP001,11/6/2024,10.5,0,6,False
MA1005000,AGAWAM WATER DEPARTMENT,EP001,2/14/2025,10.5,0,6,False
MA1005000,AGAWAM WATER DEPARTMENT,EP001,5/8/2024,10.5,0,6,False
MA1005000,AGAWAM WATER DEPARTMENT,EP001,8/21/2024,10.5,0,6,False
MA1008000,AMHERST DPW  WATER DIVISION,16954,2/7/2024,10.5,0,6,False
MA1008000,AMHERST DPW  WATER DIVISION,16954,8/14/2023,10.5,0,6,False
MA1008000,AMHERST DPW  WATER DIVISION,21626,2/7/2024,10.5,0,6,False
MA1008000,AMHERST DPW  WATER DIVISION,21626,8/14/2023,10.5,0,6,False
MA1008000,AMHERST DPW  WATER DIVISION,494,11/1/2023,10.5,0,6,False
MA1008000,AMHERST DPW  WATER DIVISION,494,2/7/2024,10.5,0,6,False
MA1008000,AMHERST DPW  WATER DIVISION,494,6/12/2024,10.5,0,6,False
MA1008000,AMHERST DPW  WATER DIVISION,494,9/5/2023,10.5,0,6,False
MA1008000,AMHERST DPW  WATER DIVISION,499,2/7/2024,10.5,0,6,False
MA1008000,AMHERST DPW  WATER DIVISION,499,8/14/2023,10.5,0,6,False
MA1008000,AMHERST DPW  WATER DIVISION,501,2/7/2024,10.5,0,6,False
MA1008000,AMHERST DPW  WATER DIVISION,501,8/14/2023,10.5,0,6,False
MA1015000,ATHOL DPW  WATER DIVISION,10000,3/26/2025,10.5,0,6,False
MA1015000,ATHOL DPW  WATER DIVISION,10000,9/10/2024,10.5,0,6,False
MA1015000,ATHOL DPW  WATER DIVISION,10007,3/26/2025,10.5,0,6,False
MA1015000,ATHOL DPW  WATER DIVISION,10007,9/10/2024,10.5,0,6,False
MA1024000,BELCHERTOWN WATER DISTRICT,10004,3/6/2023,10.5,0,6,False
MA1024000,BELCHERTOWN WATER DISTRICT,10004,9/11/2023,10.5,0,6,False
MA1024000,BELCHERTOWN WATER DISTRICT,10006,3/6/2023,10.5,0,6,False
MA1024000,BELCHERTOWN WATER DISTRICT,10006,9/11/2023,10.5,0,6,False
MA1061000,CHICOPEE WATER DEPT (MWRA),10028,1/8/2024,10.5,0,6,False
MA1061000,CHICOPEE WATER DEPT (MWRA),10028,10/7/2024,10.5,0,6,False
MA1061000,CHICOPEE WATER DEPT (MWRA),10028,4/9/2024,10.5,0,6,False
MA1061000,CHICOPEE WATER DEPT (MWRA),10028,7/9/2024,10.5,0,6,False
MA1070000,DALTON FIRE DISTRICT,EP1,3/4/2025,10.5,0,6,False
MA1070000,DALTON FIRE DISTRICT,EP1,6/2/2025,10.5,0,6,False
MA1070000,DALTON FIRE DISTRICT,EP1,9/10/2025,10.5,0,6,False
MA1070000,DALTON FIRE DISTRICT,EP2,3/4/2025,10.5,0,6,False
MA1070000,DALTON FIRE DISTRICT,EP2,6/2/2025,10.5,0,6,False
MA1070000,DALTON FIRE DISTRICT,EP2,9/10/2025,10.5,0,6,False
MA1074001,SOUTH DEERFIELD WATER SUPPLY DISTRICT,10005,12/5/2023,10.5,0,6,False
MA1074001,SOUTH DEERFIELD WATER SUPPLY DISTRICT,10005,3/6/2023,10.5,0,6,False
MA1074001,SOUTH DEERFIELD WATER SUPPLY DISTRICT,10005,6/6/2023,10.5,0,6,False
MA1074001,SOUTH DEERFIELD WATER SUPPLY DISTRICT,10005,9/20/2023,10.5,0,6,False
MA1085000,EAST LONGMEADOW DPW WATER DEPT,EP001,1/6/2025,10.5,0,6,False
MA1085000,EAST LONGMEADOW DPW WATER DEPT,EP001,10/8/2024,10.5,0,6,False
MA1085000,EAST LONGMEADOW DPW WATER DEPT,EP001,4/8/2024,10.5,0,6,False
MA1085000,EAST LONGMEADOW DPW WATER DEPT,EP001,7/9/2024,10.5,0,6,False
MA1087000,EASTHAMPTON WATER DEPT,10001,1/10/2025,10.5,0,6,False
MA1087000,EASTHAMPTON WATER DEPT,10001,6/6/2024,10.5,0,6,False
MA1087000,EASTHAMPTON WATER DEPT,22264,1/10/2025,10.5,0,6,False
MA1087000,EASTHAMPTON WATER DEPT,22264,6/6/2024,10.5,0,6,False
MA1087000,EASTHAMPTON WATER DEPT,25910,1/10/2025,10.5,0,6,False
MA1087000,EASTHAMPTON WATER DEPT,25910,6/6/2024,10.5,0,6,False
MA1087000,EASTHAMPTON WATER DEPT,563,1/10/2025,10.5,0,6,False
MA1087000,EASTHAMPTON WATER DEPT,563,6/6/2024,10.5,0,6,False
MA1113000,GREAT BARRINGTON FIRE DIST,10000,11/5/2025,10.5,0,6,False
MA1113000,GREAT BARRINGTON FIRE DIST,10000,5/5/2025,10.5,0,6,False
MA1114000,GREENFIELD WATER DEPARTMENT,25168,11/13/2023,10.5,0,6,False
MA1114000,GREENFIELD WATER DEPARTMENT,25168,2/21/2024,10.5,0,6,False
MA1114000,GREENFIELD WATER DEPARTMENT,25168,5/20/2024,10.5,0,6,False
MA1114000,GREENFIELD WATER DEPARTMENT,25168,8/13/2024,10.5,0,6,False
MA1114000,GREENFIELD WATER DEPARTMENT,25169,11/13/2023,10.5,0,6,False
MA1114000,GREENFIELD WATER DEPARTMENT,25169,5/20/2024,10.5,0,6,False
MA1117002,HADLEY DPW WATER DIVISION,10002,3/4/2025,10.5,0,6,False
MA1117002,HADLEY DPW WATER DIVISION,10002,9/9/2025,10.5,0,6,False
MA1117002,HADLEY DPW WATER DIVISION,10008,3/4/2025,10.5,0,6,False
MA1117002,HADLEY DPW WATER DIVISION,10008,9/9/2025,10.5,0,6,False
MA1127000,HATFIELD WATER DEPT,10001,2/5/2024,10.5,0,6,False
MA1127000,HATFIELD WATER DEPT,10001,8/5/2024,10.5,0,6,False
MA1127000,HATFIELD WATER DEPT,10002,11/4/2024,10.5,0,6,False
MA1127000,HATFIELD WATER DEPT,10002,2/5/2024,10.5,0,6,False
MA1127000,HATFIELD WATER DEPT,10002,5/7/2024,10.5,0,6,False
MA1127000,HATFIELD WATER DEPT,10002,8/5/2024,10.5,0,6,False
MA1127000,HATFIELD WATER DEPT,10003,2/5/2024,10.5,0,6,False
MA1127000,HATFIELD WATER DEPT,10003,8/5/2024,10.5,0,6,False
MA1137000,HOLYOKE WATER WORKS,10040,12/2/2024,10.5,0,6,False
MA1137000,HOLYOKE WATER WORKS,10040,6/18/2024,10.5,0,6,False
MA1137000,HOLYOKE WATER WORKS,10040,9/24/2024,10.5,0,6,False
MA1137000,HOLYOKE WATER WORKS,10042,12/3/2024,10.5,0,6,False
MA1137000,HOLYOKE WATER WORKS,10042,3/11/2024,10.5,0,6,False
MA1137000,HOLYOKE WATER WORKS,10042,6/12/2024,10.5,0,6,False
MA1137000,HOLYOKE WATER WORKS,10042,9/9/2024,10.5,0,6,False
MA1150000,LEE WATER DEPT,10006,11/5/2024,10.5,0,6,False
MA1150000,LEE WATER DEPT,10006,2/5/2024,10.5,0,6,False
MA1150000,LEE WATER DEPT,10006,5/8/2024,10.5,0,6,False
MA1150000,LEE WATER DEPT,10006,8/6/2024,10.5,0,6,False
MA1152000,LENOX DPW WATER DIVISION,10000,1/6/2025,10.5,0,6,False
MA1152000,LENOX DPW WATER DIVISION,10000,10/8/2025,10.5,0,6,False
MA1152000,LENOX DPW WATER DIVISION,10000,4/8/2025,10.5,0,6,False
MA1152000,LENOX DPW WATER DIVISION,10000,7/8/2025,10.5,0,6,False
MA1159000,LONGMEADOW WATER DEPT,EP001,1/5/2024,10.5,0,6,False
MA1159000,LONGMEADOW WATER DEPT,EP001,10/13/2023,10.5,0,6,False
MA1159000,LONGMEADOW WATER DEPT,EP001,4/5/2024,10.5,0,6,False
MA1159000,LONGMEADOW WATER DEPT,EP001,7/1/2024,10.5,0,6,False
MA1191000,MONSON WATER AND SEWER DEPT,10001,1/10/2023,10.5,0,6,False
MA1191000,MONSON WATER AND SEWER DEPT,10001,7/10/2023,8.5,0,5,False
MA1191000,MONSON WATER AND SEWER DEPT,10001,8/30/2023,2.0,0,1,False
MA1191000,MONSON WATER AND SEWER DEPT,10002,1/10/2023,10.5,0,6,False
MA1191000,MONSON WATER AND SEWER DEPT,10002,7/10/2023,10.5,0,6,False
MA1191000,MONSON WATER AND SEWER DEPT,10009,1/10/2023,10.5,0,6,False
MA1191000,MONSON WATER AND SEWER DEPT,10009,7/10/2023,10.5,0,6,False
MA1192000,TURNERS FALLS WATER DEPT,10050,11/5/2024,10.5,0,6,False
MA1192000,TURNERS FALLS WATER DEPT,10050,5/7/2024,10.5,0,6,False
MA1192000,TURNERS FALLS WATER DEPT,10053,11/4/2024,10.5,0,6,False
MA1192000,TURNERS FALLS WATER DEPT,10053,5/6/2024,10.5,0,6,False
MA1209000,NORTH ADAMS WATER DEPT,EP1,11/16/2023,10.5,0,6,False
MA1209000,NORTH ADAMS WATER DEPT,EP1,4/3/2024,10.5,0,6,False
MA1209000,NORTH ADAMS WATER DEPT,EP1,5/18/2023,14.399999999999999,1,6,False
MA1209000,NORTH ADAMS WATER DEPT,EP1,8/17/2023,10.5,0,6,False
MA1214000,NORTHAMPTON WATER DEPT,10049,12/6/2023,10.5,0,6,False
MA1214000,NORTHAMPTON WATER DEPT,10049,6/12/2024,10.5,0,6,False
MA1214000,NORTHAMPTON WATER DEPT,701,12/6/2023,10.5,0,6,False
MA1214000,NORTHAMPTON WATER DEPT,701,7/15/2024,10.5,0,6,False
MA1214000,NORTHAMPTON WATER DEPT,703,12/6/2023,10.5,0,6,False
MA1214000,NORTHAMPTON WATER DEPT,703,3/5/2024,10.5,0,6,False
MA1214000,NORTHAMPTON WATER DEPT,703,6/3/2024,10.5,0,6,False
MA1214000,NORTHAMPTON WATER DEPT,703,9/4/2024,10.5,0,6,False
MA1223000,ORANGE WATER DEPT,10002,10/29/2025,10.5,0,6,False
MA1223000,ORANGE WATER DEPT,10002,3/19/2025,10.5,0,6,False
MA1223000,ORANGE WATER DEPT,10003,10/28/2025,10.5,0,6,False
MA1223000,ORANGE WATER DEPT,10003,3/19/2025,10.5,0,6,False
MA1223000,ORANGE WATER DEPT,10010,10/28/2025,10.5,0,6,False
MA1223000,ORANGE WATER DEPT,10010,3/19/2025,10.5,0,6,False
MA1223000,ORANGE WATER DEPT,ATHOLPOE,10/29/2025,10.5,0,6,False
MA1223000,ORANGE WATER DEPT,ATHOLPOE,3/19/2025,10.5,0,6,False
MA1223000,ORANGE WATER DEPT,ATHOLPOE,5/27/2025,13.3,1,6,False
MA1227000,PALMER WATER DISTRICT NO.1,10000,1/7/2025,10.5,0,6,False
MA1227000,PALMER WATER DISTRICT NO.1,10000,7/9/2025,10.5,0,6,False
MA1227000,PALMER WATER DISTRICT NO.1,10008,1/7/2025,10.5,0,6,False
MA1227000,PALMER WATER DISTRICT NO.1,10008,10/8/2025,10.5,0,6,False
MA1227000,PALMER WATER DISTRICT NO.1,10008,4/8/2025,10.5,0,6,False
MA1227000,PALMER WATER DISTRICT NO.1,10008,7/9/2025,10.5,0,6,False
MA1227000,PALMER WATER DISTRICT NO.1,10010,1/7/2025,10.5,0,6,False
MA1227000,PALMER WATER DISTRICT NO.1,10010,7/9/2025,10.5,0,6,False
MA1236000,PITTSFIELD DPU WATER DEPT,21655,12/20/2023,10.5,0,6,False
MA1236000,PITTSFIELD DPU WATER DEPT,21655,2/13/2024,10.5,0,6,False
MA1236000,PITTSFIELD DPU WATER DEPT,21655,5/21/2024,10.5,0,6,False
MA1236000,PITTSFIELD DPU WATER DEPT,21655,8/12/2024,10.5,0,6,False
MA1236000,PITTSFIELD DPU WATER DEPT,739,2/13/2024,10.5,0,6,False
MA1236000,PITTSFIELD DPU WATER DEPT,739,5/21/2024,10.5,0,6,False
MA1236000,PITTSFIELD DPU WATER DEPT,739,8/12/2024,10.5,0,6,False
MA1275000,SOUTH HADLEY FD #1 (MWRA),EP001,1/9/2024,10.5,0,6,False
MA1275000,SOUTH HADLEY FD #1 (MWRA),EP001,10/16/2024,10.5,0,6,False
MA1275000,SOUTH HADLEY FD #1 (MWRA),EP001,4/9/2024,10.5,0,6,False
MA1275000,SOUTH HADLEY FD #1 (MWRA),EP001,8/13/2024,10.5,0,6,False
MA1275001,SOUTH HADLEY FIRE DISTRICT #2 WATER DEPT,10005,11/5/2025,10.5,0,6,False
MA1275001,SOUTH HADLEY FIRE DISTRICT #2 WATER DEPT,10005,5/6/2025,10.5,0,6,False
MA1275001,SOUTH HADLEY FIRE DISTRICT #2 WATER DEPT,10070,11/5/2025,10.5,0,6,False
MA1275001,SOUTH HADLEY FIRE DISTRICT #2 WATER DEPT,10070,5/6/2025,10.5,0,6,False
MA1276000,SOUTHAMPTON WATER DEPT,10001,10/8/2024,10.5,0,6,False
MA1276000,SOUTHAMPTON WATER DEPT,10001,4/9/2024,10.5,0,6,False
MA1276000,SOUTHAMPTON WATER DEPT,10003,11/6/2024,10.5,0,6,False
MA1276000,SOUTHAMPTON WATER DEPT,10003,4/9/2024,10.5,0,6,False
MA1279000,SOUTHWICK WATER DEPT,10000,11/6/2023,10.5,0,6,False
MA1279000,SOUTHWICK WATER DEPT,10000,2/14/2023,10.5,0,6,False
MA1279000,SOUTHWICK WATER DEPT,10000,5/2/2023,10.5,0,6,False
MA1279000,SOUTHWICK WATER DEPT,10000,8/7/2023,10.5,0,6,False
MA1279000,SOUTHWICK WATER DEPT,10006,11/7/2023,10.5,0,6,False
MA1279000,SOUTHWICK WATER DEPT,10006,2/14/2023,10.5,0,6,False
MA1279000,SOUTHWICK WATER DEPT,10006,5/2/2023,10.5,0,6,False
MA1279000,SOUTHWICK WATER DEPT,10006,8/8/2023,10.5,0,6,False
MA1281000,SPRINGFIELD WATER AND SEWER COMMISSION,25171,11/14/2023,10.5,0,6,False
MA1281000,SPRINGFIELD WATER AND SEWER COMMISSION,25171,2/15/2023,10.5,0,6,False
MA1281000,SPRINGFIELD WATER AND SEWER COMMISSION,25171,5/18/2023,10.5,0,6,False
MA1281000,SPRINGFIELD WATER AND SEWER COMMISSION,25171,8/15/2023,10.5,0,6,False
MA1309000,WARE WATER DEPT,10010,3/4/2025,18.5,2,6,False
MA1309000,WARE WATER DEPT,10010,9/10/2025,14.2,1,6,False
MA1309000,WARE WATER DEPT,10011,3/4/2025,10.5,0,6,False
MA1309000,WARE WATER DEPT,10011,9/10/2025,10.5,0,6,False
MA1325000,WEST SPRINGFIELD DPW WATER DIVISION,100011,1/6/2025,10.5,0,6,False
MA1325000,WEST SPRINGFIELD DPW WATER DIVISION,100011,7/15/2024,10.5,0,6,False
MA1329000,WESTFIELD WATER DEPT,10511,1/8/2025,10.5,0,6,False
MA1329000,WESTFIELD WATER DEPT,10511,10/28/2024,10.5,0,6,False
MA1329000,WESTFIELD WATER DEPT,10511,4/28/2025,10.5,0,6,False
MA1329000,WESTFIELD WATER DEPT,10511,7/16/2025,10.5,0,6,False
MA1329000,WESTFIELD WATER DEPT,10514,10/28/2024,10.5,0,6,False
MA1329000,WESTFIELD WATER DEPT,10514,4/28/2025,10.5,0,6,False
MA1329000,WESTFIELD WATER DEPT,10515,10/28/2024,10.5,0,6,False
MA1329000,WESTFIELD WATER DEPT,10515,4/28/2025,10.5,0,6,False
MA1329000,WESTFIELD WATER DEPT,10522,10/28/2024,10.5,0,6,False
MA1329000,WESTFIELD WATER DEPT,10522,4/28/2025,10.5,0,6,False
MA1329000,WESTFIELD WATER DEPT,10526,10/28/2024,10.5,0,6,False
MA1329000,WESTFIELD WATER DEPT,10526,4/28/2025,10.5,0,6,False
MA1329000,WESTFIELD WATER DEPT,EP001,10/28/2024,10.5,0,6,False
MA1329000,WESTFIELD WATER DEPT,EP001,4/28/2025,10.5,0,6,False
MA1337010,WHATELY WATER DEPARTMENT,10003,11/6/2024,10.5,0,6,False
MA1337010,WHATELY WATER DEPARTMENT,10003,5/8/2024,10.5,0,6,False
MA1339000,WILBRAHAM WATER DEPT (MWRA),10083,12/4/2024,10.5,0,6,False
MA1339000,WILBRAHAM WATER DEPT (MWRA),10083,3/4/2024,10.5,0,6,False
MA1339000,WILBRAHAM WATER DEPT (MWRA),10083,6/3/2024,10.5,0,6,False
MA1339000,WILBRAHAM WATER DEPT (MWRA),10083,9/10/2024,10.5,0,6,False
MA1341000,WILLIAMSTOWN WATER DEPT,10451,3/18/2025,10.5,0,6,False
MA1341000,WILLIAMSTOWN WATER DEPT,10451,9/23/2025,10.5,0,6,False
MA1341000,WILLIAMSTOWN WATER DEPT,10544,3/18/2025,10.5,0,6,False
MA1341000,WILLIAMSTOWN WATER DEPT,10544,9/23/2025,10.5,0,6,False
MA1341000,WILLIAMSTOWN WATER DEPT,10549,11/12/2025,10.5,0,6,False
MA1341000,WILLIAMSTOWN WATER DEPT,10549,3/18/2025,10.5,0,6,False
MA1341010,MT GREYLOCK REGIONAL SCHOOL,10003,10/3/2023,10.5,0,6,False
MA1341010,MT GREYLOCK REGIONAL SCHOOL,10003,4/4/2023,10.5,0,6,False
MA2002000,ACTON WATER SUPPLY DISTRICT,19252,1/5/2024,20.4,2,6,True
MA2002000,ACTON WATER SUPPLY DISTRICT,19252,3/15/2023,24.599999999999998,3,6,True
MA2002000,ACTON WATER SUPPLY DISTRICT,19252,6/28/2023,25.6,2,6,True
MA2002000,ACTON WATER SUPPLY DISTRICT,19252,9/21/2023,23.7,2,6,True
MA2002000,ACTON WATER SUPPLY DISTRICT,MULT14,12/6/2023,18.4,2,6,False
MA2002000,ACTON WATER SUPPLY DISTRICT,MULT14,3/15/2023,16.8,2,6,False
MA2002000,ACTON WATER SUPPLY DISTRICT,MULT14,6/5/2023,18.2,2,6,False
MA2002000,ACTON WATER SUPPLY DISTRICT,MULT14,9/18/2023,18.5,2,6,False
MA2002000,ACTON WATER SUPPLY DISTRICT,MULT16,3/13/2023,16.5,2,6,False
MA2002000,ACTON WATER SUPPLY DISTRICT,MULT16,9/25/2023,15.4,2,6,False
MA2011000,ASHBURNHAM WATER DEPARTMENT,01S,12/9/2024,10.5,0,6,False
MA2011000,ASHBURNHAM WATER DEPARTMENT,01S,3/4/2024,10.5,0,6,False
MA2011000,ASHBURNHAM WATER DEPARTMENT,01S,6/4/2024,10.5,0,6,False
MA2011000,ASHBURNHAM WATER DEPARTMENT,01S,9/9/2024,10.5,0,6,False
MA2011004,ASH/WIN JOINT WATER AUTHORITY,01T,10/15/2025,10.5,0,6,False
MA2011004,ASH/WIN JOINT WATER AUTHORITY,01T,11/14/2024,10.5,0,6,False
MA2011004,ASH/WIN JOINT WATER AUTHORITY,01T,2/26/2025,10.5,0,6,False
MA2011004,ASH/WIN JOINT WATER AUTHORITY,01T,8/15/2024,10.5,0,6,False
MA2017000,"AUBURN WATER DISTRICT, MA",01G,3/12/2025,16.2,2,6,False
MA2017000,"AUBURN WATER DISTRICT, MA",01G,9/3/2025,12.600000000000001,1,6,False
MA2017000,"AUBURN WATER DISTRICT, MA",02G,3/12/2025,10.5,0,6,False
MA2017000,"AUBURN WATER DISTRICT, MA",02G,9/10/2025,13.8,1,6,False
MA2017000,"AUBURN WATER DISTRICT, MA",03G,6/9/2025,12.8,1,6,False
MA2017000,"AUBURN WATER DISTRICT, MA",03G,9/10/2025,15.5,2,6,False
MA2017000,"AUBURN WATER DISTRICT, MA",MULT2,3/10/2025,12.7,1,6,False
MA2017000,"AUBURN WATER DISTRICT, MA",MULT2,9/4/2025,15.6,2,6,False
MA2017000,"AUBURN WATER DISTRICT, MA",MULT5,3/10/2025,10.5,0,6,False
MA2017000,"AUBURN WATER DISTRICT, MA",MULT5,9/4/2025,10.5,0,6,False
MA2017000,"AUBURN WATER DISTRICT, MA",MULT6,3/10/2025,10.5,0,6,False
MA2017000,"AUBURN WATER DISTRICT, MA",MULT6,9/4/2025,10.5,0,6,False
MA2019000,AYER DPW  WATER DIVISION,MULT7,11/7/2023,10.5,0,6,False
MA2019000,AYER DPW  WATER DIVISION,MULT7,5/2/2023,10.5,0,6,False
MA2019000,AYER DPW  WATER DIVISION,MULT8,11/7/2023,10.5,0,6,False
MA2019000,AYER DPW  WATER DIVISION,MULT8,5/2/2023,10.5,0,6,False
MA2019001,DEVENS  MASSDEVELOPMENT,03G,10/4/2023,10.5,0,6,False
MA2019001,DEVENS  MASSDEVELOPMENT,03G,4/4/2023,10.5,0,6,False
MA2019001,DEVENS  MASSDEVELOPMENT,05G,11/7/2023,10.5,0,6,False
MA2019001,DEVENS  MASSDEVELOPMENT,05G,4/4/2023,10.5,0,6,False
MA2019001,DEVENS  MASSDEVELOPMENT,06G,10/4/2023,10.5,0,6,False
MA2019001,DEVENS  MASSDEVELOPMENT,06G,4/4/2023,10.5,0,6,False
MA2021000,BARRE WATER DEPARTMENT,10000,10/3/2023,10.5,0,6,False
MA2021000,BARRE WATER DEPARTMENT,10000,4/4/2023,10.5,0,6,False
MA2021000,BARRE WATER DEPARTMENT,10003,10/3/2023,10.5,0,6,False
MA2021000,BARRE WATER DEPARTMENT,10003,4/4/2023,10.5,0,6,False
MA2021000,BARRE WATER DEPARTMENT,10004,10/3/2023,10.5,0,6,False
MA2021000,BARRE WATER DEPARTMENT,10004,4/4/2023,10.5,0,6,False
MA2025000,BELLINGHAM DPW  WATER  SEWER DIV.,MULT11,3/28/2025,10.5,0,6,False
MA2025000,BELLINGHAM DPW  WATER  SEWER DIV.,MULT11,9/23/2024,12.8,1,6,False
MA2025000,BELLINGHAM DPW  WATER  SEWER DIV.,MULT12,3/28/2025,10.5,0,6,False
MA2025000,BELLINGHAM DPW  WATER  SEWER DIV.,MULT12,9/23/2024,15.8,2,6,False
MA2032000,BLACKSTONE WATER DEPARTMENT,MULT6,10/7/2025,14.2,1,6,False
MA2032000,BLACKSTONE WATER DEPARTMENT,MULT6,4/7/2025,10.5,0,6,False
MA2039000,BOYLSTON WATER DISTRICT,01G,6/3/2025,10.5,0,6,False
MA2039000,BOYLSTON WATER DISTRICT,03G,6/3/2025,10.5,0,6,False
MA2039000,BOYLSTON WATER DISTRICT,05G,6/3/2025,14.5,1,6,False
MA2064000,CLINTON WATER DEPT,03S,11/5/2024,10.5,0,6,False
MA2064000,CLINTON WATER DEPT,03S,2/6/2024,10.5,0,6,False
MA2064000,CLINTON WATER DEPT,03S,5/13/2024,10.5,0,6,False
MA2064000,CLINTON WATER DEPT,03S,8/5/2024,10.5,0,6,False
MA2077000,DOUGLAS WATER DEPARTMENT,MULT,6/2/2025,10.5,0,6,False
MA2077000,DOUGLAS WATER DEPARTMENT,MULT2,6/2/2025,10.5,0,6,False
MA2080000,DUDLEY WATER DEPARTMENT,EP004,1/18/2023,10.5,0,6,False
MA2080000,DUDLEY WATER DEPARTMENT,EP004,7/12/2023,10.5,0,6,False
MA2080006,SOUTHBRIDGE TOOL AND MANUFACTURING,01G,10/3/2023,10.5,0,6,False
MA2080006,SOUTHBRIDGE TOOL AND MANUFACTURING,01G,4/5/2023,10.5,0,6,False
MA2097000,"FITCHBURG DPW, DIV. OF WATER SUPPLY",MULT4,12/4/2024,10.5,0,6,False
MA2097000,"FITCHBURG DPW, DIV. OF WATER SUPPLY",MULT4,3/6/2024,13.399999999999999,1,6,False
MA2097000,"FITCHBURG DPW, DIV. OF WATER SUPPLY",MULT4,6/10/2024,10.5,0,6,False
MA2097000,"FITCHBURG DPW, DIV. OF WATER SUPPLY",MULT4,9/10/2024,10.5,0,6,False
MA2097000,"FITCHBURG DPW, DIV. OF WATER SUPPLY",MULT5,12/4/2024,10.5,0,6,False
MA2097000,"FITCHBURG DPW, DIV. OF WATER SUPPLY",MULT5,3/6/2024,10.5,0,6,False
MA2097000,"FITCHBURG DPW, DIV. OF WATER SUPPLY",MULT5,6/10/2024,10.5,0,6,False
MA2097000,"FITCHBURG DPW, DIV. OF WATER SUPPLY",MULT5,9/10/2024,10.5,0,6,False
MA2101000,"FRANKLIN WATER DEPARTMENT, MA",04G,10/10/2024,10.5,0,6,False
MA2101000,"FRANKLIN WATER DEPARTMENT, MA",04G,4/8/2025,10.5,0,6,False
MA2101000,"FRANKLIN WATER DEPARTMENT, MA",05G,10/10/2024,13.2,1,6,False
MA2101000,"FRANKLIN WATER DEPARTMENT, MA",05G,4/8/2025,12.600000000000001,1,6,False
MA2101000,"FRANKLIN WATER DEPARTMENT, MA",09G,10/15/2024,16.8,2,6,False
MA2101000,"FRANKLIN WATER DEPARTMENT, MA",09G,4/8/2025,10.5,0,6,False
MA2101000,"FRANKLIN WATER DEPARTMENT, MA",10G,10/10/2024,10.5,0,6,False
MA2101000,"FRANKLIN WATER DEPARTMENT, MA",10G,4/8/2025,10.5,0,6,False
MA2101000,"FRANKLIN WATER DEPARTMENT, MA",14G,10/10/2024,13.100000000000001,1,6,False
MA2101000,"FRANKLIN WATER DEPARTMENT, MA",14G,6/17/2025,14.4,1,6,False
MA2101000,"FRANKLIN WATER DEPARTMENT, MA",MULT1,10/10/2024,10.5,0,6,False
MA2101000,"FRANKLIN WATER DEPARTMENT, MA",MULT1,6/17/2025,10.5,0,6,False
MA2101000,"FRANKLIN WATER DEPARTMENT, MA",MULT3,10/10/2024,10.5,0,6,False
MA2101000,"FRANKLIN WATER DEPARTMENT, MA",MULT3,4/8/2025,10.5,0,6,False
MA2103000,GARDNER WATER DEPARTMENT,01G,10/12/2023,10.5,0,6,False
MA2103000,GARDNER WATER DEPARTMENT,01G,4/11/2023,10.5,0,6,False
MA2103000,GARDNER WATER DEPARTMENT,20415,12/5/2023,10.5,0,6,False
MA2103000,GARDNER WATER DEPARTMENT,20415,3/7/2023,10.5,0,6,False
MA2103000,GARDNER WATER DEPARTMENT,20415,6/5/2023,10.5,0,6,False
MA2103000,GARDNER WATER DEPARTMENT,20415,9/11/2023,10.5,0,6,False
MA2110000,GRAFTON WATER DISTRICT,EP001,10/23/2024,20.299999999999997,2,6,True
MA2110000,GRAFTON WATER DISTRICT,EP001,8/20/2025,18.4,2,6,False
MA2110000,GRAFTON WATER DISTRICT,EP002,8/20/2025,15.8,2,6,False
MA2110000,GRAFTON WATER DISTRICT,EP002,9/25/2024,15.7,2,6,False
MA2110000,GRAFTON WATER DISTRICT,EP004,8/20/2025,10.5,0,6,False
MA2110000,GRAFTON WATER DISTRICT,EP004,9/25/2024,10.5,0,6,False
MA2110000,GRAFTON WATER DISTRICT,EP005,8/20/2025,18.4,2,6,False
MA2110000,GRAFTON WATER DISTRICT,EP005,9/25/2024,10.5,0,6,False
MA2115000,GROTON WATER DEPARTMENT,02G,12/4/2024,10.5,0,6,False
MA2115000,GROTON WATER DEPARTMENT,02G,6/4/2024,10.5,0,6,False
MA2115000,GROTON WATER DEPARTMENT,MULT,12/4/2024,10.5,0,6,False
MA2115000,GROTON WATER DEPARTMENT,MULT,6/4/2024,10.5,0,6,False
MA2134000,"HOLDEN WATER DIVISION, DPW",19984,4/25/2023,12.8,1,6,False
MA2134000,"HOLDEN WATER DIVISION, DPW",19984,9/12/2023,12.600000000000001,1,6,False
MA2134000,"HOLDEN WATER DIVISION, DPW",19986,4/10/2023,10.5,0,6,False
MA2134000,"HOLDEN WATER DIVISION, DPW",19986,9/12/2023,13.399999999999999,1,6,False
MA2134000,"HOLDEN WATER DIVISION, DPW",19987,4/25/2023,10.5,0,6,False
MA2134000,"HOLDEN WATER DIVISION, DPW",19987,9/12/2023,10.5,0,6,False
MA2134000,"HOLDEN WATER DIVISION, DPW",SALISBURYSTINTERTIE,1/30/2024,10.5,0,6,False
MA2134000,"HOLDEN WATER DIVISION, DPW",SALISBURYSTINTERTIE,4/10/2023,10.5,0,6,False
MA2134000,"HOLDEN WATER DIVISION, DPW",SALISBURYSTINTERTIE,7/5/2023,10.5,0,6,False
MA2134000,"HOLDEN WATER DIVISION, DPW",SALISBURYSTINTERTIE,9/12/2023,10.5,0,6,False
MA2136000,HOLLISTON WATER DEPARTMENT,05G,4/15/2025,13.399999999999999,1,6,False
MA2136000,HOLLISTON WATER DEPARTMENT,05G,9/10/2025,13.8,1,6,False
MA2136000,HOLLISTON WATER DEPARTMENT,08G,4/15/2025,16.2,2,6,False
MA2136000,HOLLISTON WATER DEPARTMENT,08G,9/10/2025,17.4,2,6,False
MA2136000,HOLLISTON WATER DEPARTMENT,MULT1,4/15/2025,10.5,0,6,False
MA2136000,HOLLISTON WATER DEPARTMENT,MULT1,9/10/2025,10.5,0,6,False
MA2138000,HOPEDALE WATER DEPARTMENT,MULT3,1/6/2025,12.8,1,6,False
MA2138000,HOPEDALE WATER DEPARTMENT,MULT3,10/6/2025,17.6,2,6,False
MA2138000,HOPEDALE WATER DEPARTMENT,MULT3,4/7/2025,13.1,1,6,False
MA2138000,HOPEDALE WATER DEPARTMENT,MULT3,7/16/2025,14.1,1,6,False
MA2139000,HOPKINTON WATER DEPARTMENT,04G,2/11/2025,10.5,0,6,False
MA2139000,HOPKINTON WATER DEPARTMENT,04G,8/18/2025,10.5,0,6,False
MA2139000,HOPKINTON WATER DEPARTMENT,05G,2/11/2025,12.5,1,6,False
MA2139000,HOPKINTON WATER DEPARTMENT,MULT1,2/11/2025,14.600000000000001,1,6,False
MA2139000,HOPKINTON WATER DEPARTMENT,MULT1,8/18/2025,15.7,1,6,False
MA2139000,HOPKINTON WATER DEPARTMENT,MULT2,2/11/2025,10.5,0,6,False
MA2139000,HOPKINTON WATER DEPARTMENT,MULT2,8/18/2025,10.5,0,6,False
MA2141000,HUDSON WATER SUPPLY,01S,10/29/2024,10.5,0,6,False
MA2141000,HUDSON WATER SUPPLY,01S,7/16/2025,10.5,0,6,False
MA2141000,HUDSON WATER SUPPLY,MULT5,10/29/2024,10.5,0,6,False
MA2141000,HUDSON WATER SUPPLY,MULT5,4/30/2025,10.5,0,6,False
MA2147000,LANCASTER WATER DEPARTMENT,01G,3/3/2025,10.5,0,6,False
MA2147000,LANCASTER WATER DEPARTMENT,01G,9/8/2025,10.5,0,6,False
MA2147000,LANCASTER WATER DEPARTMENT,02G,3/3/2025,10.5,0,6,False
MA2147000,LANCASTER WATER DEPARTMENT,02G,9/8/2025,10.5,0,6,False
MA2151001,CHERRY VALLEY/ ROCHDALE WATER DISTRICT,01G,12/3/2024,10.5,0,6,False
MA2151001,CHERRY VALLEY/ ROCHDALE WATER DISTRICT,01G,3/4/2024,10.5,0,6,False
MA2151001,CHERRY VALLEY/ ROCHDALE WATER DISTRICT,01G,6/10/2024,10.5,0,6,False
MA2151001,CHERRY VALLEY/ ROCHDALE WATER DISTRICT,01G,9/9/2024,10.5,0,6,False
MA2151001,CHERRY VALLEY/ ROCHDALE WATER DISTRICT,01P,12/3/2024,10.5,0,6,False
MA2151001,CHERRY VALLEY/ ROCHDALE WATER DISTRICT,01P,3/4/2024,10.5,0,6,False
MA2151001,CHERRY VALLEY/ ROCHDALE WATER DISTRICT,01P,6/10/2024,10.5,0,6,False
MA2151001,CHERRY VALLEY/ ROCHDALE WATER DISTRICT,01P,9/9/2024,10.5,0,6,False
MA2153000,LEOMINSTER WATER DIVISION,20102,1/8/2025,10.5,0,6,False
MA2153000,LEOMINSTER WATER DIVISION,20102,12/6/2023,10.5,0,6,False
MA2153000,LEOMINSTER WATER DIVISION,20102,12/9/2024,10.5,0,6,False
MA2153000,LEOMINSTER WATER DIVISION,20102,9/18/2023,10.5,0,6,False
MA2153000,LEOMINSTER WATER DIVISION,20103,12/6/2023,10.5,0,6,False
MA2153000,LEOMINSTER WATER DIVISION,20103,3/20/2024,10.5,0,6,False
MA2153000,LEOMINSTER WATER DIVISION,20103,6/11/2024,10.5,0,6,False
MA2153000,LEOMINSTER WATER DIVISION,20103,9/18/2023,10.5,0,6,False
MA2153000,LEOMINSTER WATER DIVISION,20104,3/20/2024,12.8,1,6,False
MA2153000,LEOMINSTER WATER DIVISION,20104,9/19/2023,10.5,0,6,False
MA2153000,LEOMINSTER WATER DIVISION,20105,12/6/2023,10.5,0,6,False
MA2153000,LEOMINSTER WATER DIVISION,20105,3/20/2024,10.5,0,6,False
MA2153000,LEOMINSTER WATER DIVISION,20105,6/11/2024,10.5,0,6,False
MA2153000,LEOMINSTER WATER DIVISION,20105,9/19/2023,10.5,0,6,False
MA2158000,LITTLETON WATER DEPARTMENT,MULT4,12/4/2024,10.5,0,6,False
MA2158000,LITTLETON WATER DEPARTMENT,MULT4,7/17/2024,10.5,0,6,False
MA2162000,LUNENBURG WATER DISTRICT,08G,12/6/2023,10.5,0,6,False
MA2162000,LUNENBURG WATER DISTRICT,08G,6/7/2023,13.600000000000001,1,6,False
MA2162000,LUNENBURG WATER DISTRICT,MULT,12/6/2023,13.3,1,6,False
MA2162000,LUNENBURG WATER DISTRICT,MULT,6/7/2023,10.5,0,6,False
MA2170000,MARLBOROUGH DPW  WATER DIV. (MWRA),00004,1/11/2023,10.5,0,6,False
MA2170000,MARLBOROUGH DPW  WATER DIV. (MWRA),00004,10/30/2023,10.5,0,6,False
MA2170000,MARLBOROUGH DPW  WATER DIV. (MWRA),00004,4/12/2023,10.5,0,6,False
MA2170000,MARLBOROUGH DPW  WATER DIV. (MWRA),00004,7/12/2023,10.5,0,6,False
MA2174000,"MAYNARD DPW, WATER DIVISION",EP01,12/4/2023,17.8,2,6,False
MA2174000,"MAYNARD DPW, WATER DIVISION",EP01,6/3/2024,13.3,1,6,False
MA2174000,"MAYNARD DPW, WATER DIVISION",EP02,3/12/2024,10.5,0,6,False
MA2174000,"MAYNARD DPW, WATER DIVISION",EP02,6/3/2024,10.5,0,6,False
MA2174000,"MAYNARD DPW, WATER DIVISION",EP03,12/4/2023,10.5,0,6,False
MA2174000,"MAYNARD DPW, WATER DIVISION",EP03,6/3/2024,10.5,0,6,False
MA2175000,MEDFIELD WATER DEPT.,05G,3/25/2024,10.5,0,6,False
MA2175000,MEDFIELD WATER DEPT.,05G,9/24/2024,10.5,0,6,False
MA2175000,MEDFIELD WATER DEPT.,MULT1,4/24/2024,20.1,2,6,True
MA2175000,MEDFIELD WATER DEPT.,MULT1,9/24/2024,20.0,2,6,False
MA2175000,MEDFIELD WATER DEPT.,MULT2,3/25/2024,10.5,0,6,False
MA2175000,MEDFIELD WATER DEPT.,MULT2,9/24/2024,10.5,0,6,False
MA2177000,MEDWAY WATER DEPARTMENT,04G,11/4/2025,14.0,1,6,False
MA2177000,MEDWAY WATER DEPARTMENT,04G,4/8/2025,15.7,1,6,False
MA2177000,MEDWAY WATER DEPARTMENT,MULT,11/4/2025,14.399999999999999,1,6,False
MA2177000,MEDWAY WATER DEPARTMENT,MULT,4/8/2025,13.2,1,6,False
MA2185000,MILFORD WATER COMPANY,20428,2/12/2025,20.2,2,6,True
MA2185000,MILFORD WATER COMPANY,20428,8/19/2024,18.700000000000003,2,6,False
MA2185000,MILFORD WATER COMPANY,MULT4,11/6/2024,10.5,0,6,False
MA2185000,MILFORD WATER COMPANY,MULT4,6/30/2025,10.5,0,6,False
MA2185000,MILFORD WATER COMPANY,MULT4,8/19/2024,12.5,1,6,False
MA2186000,"AQUARION WATER COMPANY, MILLBURY",01G,12/13/2023,10.5,0,6,False
MA2186000,"AQUARION WATER COMPANY, MILLBURY",01G,3/21/2023,10.5,0,6,False
MA2186000,"AQUARION WATER COMPANY, MILLBURY",01G,8/15/2023,32.8,3,6,True
MA2186000,"AQUARION WATER COMPANY, MILLBURY",01G,9/26/2023,18.7,2,6,False
MA2186000,"AQUARION WATER COMPANY, MILLBURY",01P,12/13/2023,10.5,0,6,False
MA2186000,"AQUARION WATER COMPANY, MILLBURY",01P,3/21/2023,10.5,0,6,False
MA2186000,"AQUARION WATER COMPANY, MILLBURY",01P,6/13/2023,10.5,0,6,False
MA2186000,"AQUARION WATER COMPANY, MILLBURY",01P,9/26/2023,10.5,0,6,False
MA2186000,"AQUARION WATER COMPANY, MILLBURY",MULT,3/21/2023,10.5,0,6,False
MA2186000,"AQUARION WATER COMPANY, MILLBURY",MULT,9/26/2023,10.5,0,6,False
MA2187000,MILLIS WATER DEPT,03G,11/7/2023,20.2,2,6,True
MA2187000,MILLIS WATER DEPT,03G,5/2/2023,20.7,2,6,True
MA2187000,MILLIS WATER DEPT,04G,11/7/2023,10.5,0,6,False
MA2187000,MILLIS WATER DEPT,04G,5/2/2023,10.5,0,6,False
MA2187000,MILLIS WATER DEPT,MULT1,1/22/2024,10.5,0,6,False
MA2187000,MILLIS WATER DEPT,MULT1,9/5/2023,10.5,0,6,False
MA2187000,MILLIS WATER DEPT,MULT2,11/7/2023,10.5,0,6,False
MA2187000,MILLIS WATER DEPT,MULT2,6/5/2023,10.5,0,6,False
MA2208000,NORFOLK WATER DIVISION,MULT,1/13/2025,13.9,1,6,False
MA2208000,NORFOLK WATER DIVISION,MULT,7/7/2025,18.0,2,6,False
MA2208000,NORFOLK WATER DIVISION,MULT1,1/6/2025,10.5,0,6,False
MA2208000,NORFOLK WATER DIVISION,MULT1,7/7/2025,10.5,0,6,False
MA2208000,NORFOLK WATER DIVISION,MULT2A,1/6/2025,10.5,0,6,False
MA2208000,NORFOLK WATER DIVISION,MULT2A,7/7/2025,10.5,0,6,False
MA2208000,NORFOLK WATER DIVISION,MULT2B,1/6/2025,10.5,0,6,False
MA2208000,NORFOLK WATER DIVISION,MULT2B,7/7/2025,10.5,0,6,False
MA2208001,MCI NORFOLK/CEDAR JUNCTION/WALPOLE,MULT3,10/8/2024,10.5,0,6,False
MA2208001,MCI NORFOLK/CEDAR JUNCTION/WALPOLE,MULT3,4/9/2024,10.5,0,6,False
MA2212000,NORTH BROOKFIELD WATER DEPARTMENT,02S,1/10/2024,10.5,0,6,False
MA2212000,NORTH BROOKFIELD WATER DEPARTMENT,02S,10/9/2024,10.5,0,6,False
MA2212000,NORTH BROOKFIELD WATER DEPARTMENT,02S,4/10/2024,10.5,0,6,False
MA2212000,NORTH BROOKFIELD WATER DEPARTMENT,02S,7/10/2024,10.5,0,6,False
MA2215000,NORTHBOROUGH WATER DEPARTMENT (MWRA),EP001,1/26/2023,10.5,0,6,False
MA2215000,NORTHBOROUGH WATER DEPARTMENT (MWRA),EP001,10/18/2023,10.5,0,6,False
MA2215000,NORTHBOROUGH WATER DEPARTMENT (MWRA),EP001,4/12/2023,10.5,0,6,False
MA2215000,NORTHBOROUGH WATER DEPARTMENT (MWRA),EP001,8/9/2023,10.5,0,6,False
MA2216000,WHITINSVILLE WATER COMPANY,01G,1/17/2023,10.5,0,6,False
MA2216000,WHITINSVILLE WATER COMPANY,01G,10/3/2023,10.5,0,6,False
MA2216000,WHITINSVILLE WATER COMPANY,01G,4/4/2023,10.5,0,6,False
MA2216000,WHITINSVILLE WATER COMPANY,01G,7/11/2023,10.5,0,6,False
MA2216000,WHITINSVILLE WATER COMPANY,02G,1/17/2023,10.5,0,6,False
MA2216000,WHITINSVILLE WATER COMPANY,02G,10/3/2023,10.5,0,6,False
MA2216000,WHITINSVILLE WATER COMPANY,02G,4/4/2023,10.5,0,6,False
MA2216000,WHITINSVILLE WATER COMPANY,02G,7/12/2023,10.5,0,6,False
MA2216006,NORTHBRIDGE WATER DIVISION,01P,1/10/2024,10.5,0,6,False
MA2216006,NORTHBRIDGE WATER DIVISION,01P,10/8/2024,10.5,0,6,False
MA2216006,NORTHBRIDGE WATER DIVISION,01P,4/9/2024,10.5,0,6,False
MA2216006,NORTHBRIDGE WATER DIVISION,01P,7/8/2024,10.5,0,6,False
MA2226000,AQUARION WATER COMPANY OXFORD,01G,12/11/2023,10.5,0,6,False
MA2226000,AQUARION WATER COMPANY OXFORD,01G,6/14/2023,10.5,0,6,False
MA2226000,AQUARION WATER COMPANY OXFORD,02G,12/11/2023,10.5,0,6,False
MA2226000,AQUARION WATER COMPANY OXFORD,02G,6/14/2023,10.5,0,6,False
MA2226000,AQUARION WATER COMPANY OXFORD,03G,2/14/2024,10.5,0,6,False
MA2226000,AQUARION WATER COMPANY OXFORD,03G,6/14/2023,10.5,0,6,False
MA2228000,PAXTON WATER DEPARTMENT,01P,10/2/2023,10.5,0,6,False
MA2228000,PAXTON WATER DEPARTMENT,01P,12/20/2023,10.5,0,6,False
MA2228000,PAXTON WATER DEPARTMENT,01P,4/4/2023,10.5,0,6,False
MA2228000,PAXTON WATER DEPARTMENT,01P,7/10/2023,10.5,0,6,False
MA2232000,PEPPERELL DPW WATER DIVISION,03G,3/6/2023,17.1,2,6,False
MA2232000,PEPPERELL DPW WATER DIVISION,03G,9/19/2023,22.7,2,6,True
MA2232000,PEPPERELL DPW WATER DIVISION,04G,3/6/2023,10.5,0,6,False
MA2232000,PEPPERELL DPW WATER DIVISION,04G,9/19/2023,10.5,0,6,False
MA2232000,PEPPERELL DPW WATER DIVISION,05G,3/6/2023,27.9,2,6,True
MA2257000,RUTLAND WATER DEPARTMENT,01S,10/4/2023,10.5,0,6,False
MA2257000,RUTLAND WATER DEPARTMENT,01S,3/20/2024,10.5,0,6,False
MA2257000,RUTLAND WATER DEPARTMENT,01S,4/8/2024,10.5,0,6,False
MA2257000,RUTLAND WATER DEPARTMENT,01S,8/22/2023,10.5,0,6,False
MA2257000,RUTLAND WATER DEPARTMENT,10149,1/17/2024,10.5,0,6,False
MA2257000,RUTLAND WATER DEPARTMENT,10149,10/4/2023,10.5,0,6,False
MA2257000,RUTLAND WATER DEPARTMENT,10149,4/8/2024,10.5,0,6,False
MA2257000,RUTLAND WATER DEPARTMENT,10149,8/22/2023,10.5,0,6,False
MA2270000,SHIRLEY WATER DISTRICT,02G,10/1/2025,17.6,2,6,False
MA2270000,SHIRLEY WATER DISTRICT,03G,10/8/2024,10.5,0,6,False
MA2270000,SHIRLEY WATER DISTRICT,03G,4/10/2024,10.5,0,6,False
MA2270000,SHIRLEY WATER DISTRICT,04G,10/8/2024,10.5,0,6,False
MA2270000,SHIRLEY WATER DISTRICT,04G,4/10/2024,10.5,0,6,False
MA2270001,MCI SHIRLEY,02G,10/31/2023,17.6,1,6,False
MA2270001,MCI SHIRLEY,02G,8/21/2023,17.7,1,6,False
MA2271000,SHREWSBURY WATER DEPARTMENT,20436,11/13/2023,10.5,0,6,False
MA2271000,SHREWSBURY WATER DEPARTMENT,20436,5/9/2024,17.5,2,6,False
MA2277000,SOUTHBOROUGH DPW WATER DIVISION (MWRA),EP1,1/11/2023,10.5,0,6,False
MA2277000,SOUTHBOROUGH DPW WATER DIVISION (MWRA),EP1,10/17/2023,10.5,0,6,False
MA2277000,SOUTHBOROUGH DPW WATER DIVISION (MWRA),EP1,4/12/2023,10.5,0,6,False
MA2277000,SOUTHBOROUGH DPW WATER DIVISION (MWRA),EP1,7/12/2023,10.5,0,6,False
MA2278000,SOUTHBRIDGE WATER DEPARTMENT,25047,11/14/2023,10.5,0,6,False
MA2278000,SOUTHBRIDGE WATER DEPARTMENT,25047,2/21/2023,10.5,0,6,False
MA2278000,SOUTHBRIDGE WATER DEPARTMENT,25047,5/16/2023,10.5,0,6,False
MA2278000,SOUTHBRIDGE WATER DEPARTMENT,25047,8/15/2023,10.5,0,6,False
MA2280000,SPENCER WATER DEPARTMENT,01G,2/28/2024,10.5,0,6,False
MA2280000,SPENCER WATER DEPARTMENT,01G,8/27/2024,10.5,0,6,False
MA2280000,SPENCER WATER DEPARTMENT,03G,2/28/2024,10.5,0,6,False
MA2280000,SPENCER WATER DEPARTMENT,03G,8/27/2024,10.5,0,6,False
MA2282000,STERLING WATER DEPARTMENT,MULT1,2/5/2024,10.5,0,6,False
MA2282000,STERLING WATER DEPARTMENT,MULT1,8/14/2024,10.5,0,6,False
MA2282000,STERLING WATER DEPARTMENT,MULT3,2/5/2024,10.5,0,6,False
MA2282000,STERLING WATER DEPARTMENT,MULT3,8/14/2024,13.7,1,6,False
MA2287000,STURBRIDGE WATER DEPARTMENT,04G,12/4/2024,10.5,0,6,False
MA2287000,STURBRIDGE WATER DEPARTMENT,04G,3/4/2024,10.5,0,6,False
MA2287000,STURBRIDGE WATER DEPARTMENT,04G,6/11/2024,10.5,0,6,False
MA2287000,STURBRIDGE WATER DEPARTMENT,04G,9/10/2024,10.5,0,6,False
MA2287000,STURBRIDGE WATER DEPARTMENT,MULT3,12/4/2024,10.5,0,6,False
MA2287000,STURBRIDGE WATER DEPARTMENT,MULT3,3/4/2024,10.5,0,6,False
MA2287000,STURBRIDGE WATER DEPARTMENT,MULT3,6/11/2024,10.5,0,6,False
MA2287000,STURBRIDGE WATER DEPARTMENT,MULT3,9/10/2024,10.5,0,6,False
MA2294000,TEMPLETON MUNIC. LIGHT AND WATER PLANT,01G,3/4/2024,13.7,1,6,False
MA2294000,TEMPLETON MUNIC. LIGHT AND WATER PLANT,01G,9/11/2024,15.200000000000001,2,6,False
MA2294000,TEMPLETON MUNIC. LIGHT AND WATER PLANT,04G,3/4/2024,10.5,0,6,False
MA2294000,TEMPLETON MUNIC. LIGHT AND WATER PLANT,04G,9/11/2024,10.5,0,6,False
MA2294000,TEMPLETON MUNIC. LIGHT AND WATER PLANT,05G,4/10/2024,10.5,0,6,False
MA2294000,TEMPLETON MUNIC. LIGHT AND WATER PLANT,05G,9/11/2024,10.5,0,6,False
MA2294000,TEMPLETON MUNIC. LIGHT AND WATER PLANT,06G,10/1/2024,10.5,0,6,False
MA2294000,TEMPLETON MUNIC. LIGHT AND WATER PLANT,06G,3/4/2024,10.5,0,6,False
MA2299000,TOWNSEND WATER DEPARTMENT,02G,10/3/2024,10.5,0,6,False
MA2299000,TOWNSEND WATER DEPARTMENT,02G,3/5/2024,10.5,0,6,False
MA2299000,TOWNSEND WATER DEPARTMENT,04G,10/3/2024,12.9,1,6,False
MA2299000,TOWNSEND WATER DEPARTMENT,04G,3/5/2024,10.5,0,6,False
MA2299000,TOWNSEND WATER DEPARTMENT,05G,3/5/2024,15.0,1,6,False
MA2299000,TOWNSEND WATER DEPARTMENT,06G,10/3/2024,10.5,0,6,False
MA2299000,TOWNSEND WATER DEPARTMENT,06G,3/5/2024,10.5,0,6,False
MA2299000,TOWNSEND WATER DEPARTMENT,EP1,10/7/2025,10.5,0,6,False
MA2299000,TOWNSEND WATER DEPARTMENT,EP1,4/9/2025,10.5,0,6,False
MA2303000,UPTON DPW WATER/WASTEWATER DIVISION,02G,12/6/2023,10.5,0,6,False
MA2303000,UPTON DPW WATER/WASTEWATER DIVISION,02G,6/7/2023,10.5,0,6,False
MA2303000,UPTON DPW WATER/WASTEWATER DIVISION,MULT1,12/6/2023,10.5,0,6,False
MA2303000,UPTON DPW WATER/WASTEWATER DIVISION,MULT1,6/7/2023,10.5,0,6,False
MA2303000,UPTON DPW WATER/WASTEWATER DIVISION,MULT2,12/6/2023,10.5,0,6,False
MA2303000,UPTON DPW WATER/WASTEWATER DIVISION,MULT2,6/7/2023,10.5,0,6,False
MA2304000,"UXBRIDGE DPW,  WATER DIVISION",07G,2/3/2025,10.5,0,6,False
MA2304000,"UXBRIDGE DPW,  WATER DIVISION",07G,8/21/2024,10.5,0,6,False
MA2304000,"UXBRIDGE DPW,  WATER DIVISION",MULT2,2/3/2025,10.5,0,6,False
MA2304000,"UXBRIDGE DPW,  WATER DIVISION",MULT2,8/21/2024,10.5,0,6,False
MA2304000,"UXBRIDGE DPW,  WATER DIVISION",MULT3,2/3/2025,17.1,2,6,False
MA2304000,"UXBRIDGE DPW,  WATER DIVISION",MULT3,8/21/2024,13.9,1,6,False
MA2316000,WEBSTER WATER DEPARTMENT,02G,10/18/2023,10.5,0,6,False
MA2316000,WEBSTER WATER DEPARTMENT,02G,4/19/2023,10.5,0,6,False
MA2316000,WEBSTER WATER DEPARTMENT,03G,11/29/2023,12.9,1,6,False
MA2316000,WEBSTER WATER DEPARTMENT,03G,4/19/2023,10.5,0,6,False
MA2321000,WEST BOYLSTON WATER DISTRICT,01G,3/5/2024,10.5,0,6,False
MA2321000,WEST BOYLSTON WATER DISTRICT,01G,9/17/2024,10.5,0,6,False
MA2321000,WEST BOYLSTON WATER DISTRICT,04G,3/5/2024,10.5,0,6,False
MA2321000,WEST BOYLSTON WATER DISTRICT,04G,9/17/2024,13.9,1,6,False
MA2321000,WEST BOYLSTON WATER DISTRICT,06G,3/5/2024,10.5,0,6,False
MA2321000,WEST BOYLSTON WATER DISTRICT,06G,9/17/2024,10.5,0,6,False
MA2321000,WEST BOYLSTON WATER DISTRICT,CC001,12/4/2024,12.5,1,6,False
MA2321000,WEST BOYLSTON WATER DISTRICT,CC001,3/5/2024,10.5,0,6,False
MA2321000,WEST BOYLSTON WATER DISTRICT,CC001,6/12/2024,10.5,0,6,False
MA2321000,WEST BOYLSTON WATER DISTRICT,CC001,9/17/2024,10.5,0,6,False
MA2328000,WESTBOROUGH WATER DEPARTMENT,19378,1/22/2024,12.5,1,6,False
MA2328000,WESTBOROUGH WATER DEPARTMENT,19378,7/12/2023,10.5,0,6,False
MA2328000,WESTBOROUGH WATER DEPARTMENT,19380,1/22/2024,10.5,0,6,False
MA2328000,WESTBOROUGH WATER DEPARTMENT,19380,6/26/2023,10.5,0,6,False
MA2328000,WESTBOROUGH WATER DEPARTMENT,19383,1/22/2024,10.5,0,6,False
MA2328000,WESTBOROUGH WATER DEPARTMENT,19383,6/26/2023,10.5,0,6,False
MA2328000,WESTBOROUGH WATER DEPARTMENT,21489,11/27/2023,10.5,0,6,False
MA2328000,WESTBOROUGH WATER DEPARTMENT,21489,2/15/2024,10.5,0,6,False
MA2328000,WESTBOROUGH WATER DEPARTMENT,21489,6/26/2023,10.5,0,6,False
MA2328000,WESTBOROUGH WATER DEPARTMENT,21489,9/14/2023,10.5,0,6,False
MA2328000,WESTBOROUGH WATER DEPARTMENT,22947,1/22/2024,10.5,0,6,False
MA2328000,WESTBOROUGH WATER DEPARTMENT,22947,5/16/2023,19.8,2,6,False
MA2332000,WESTMINSTER DEPARTMENT OF PUBLIC WORKS,EP001,11/5/2024,10.5,0,6,False
MA2332000,WESTMINSTER DEPARTMENT OF PUBLIC WORKS,EP001,2/6/2024,10.5,0,6,False
MA2332000,WESTMINSTER DEPARTMENT OF PUBLIC WORKS,EP001,5/15/2024,10.5,0,6,False
MA2332000,WESTMINSTER DEPARTMENT OF PUBLIC WORKS,EP001,8/5/2024,10.5,0,6,False
MA2343000,WINCHENDON WATER DEPARTMENT,01S,1/9/2023,10.5,0,6,False
MA2343000,WINCHENDON WATER DEPARTMENT,01S,10/3/2023,10.5,0,6,False
MA2343000,WINCHENDON WATER DEPARTMENT,01S,4/5/2023,10.5,0,6,False
MA2343000,WINCHENDON WATER DEPARTMENT,01S,7/10/2023,10.5,0,6,False
MA2348000,"WORCESTER DPWP, WATER SUPPLY DIVISION",22093,1/10/2024,10.5,0,6,False
MA2348000,"WORCESTER DPWP, WATER SUPPLY DIVISION",22093,12/5/2023,10.5,0,6,False
MA2348000,"WORCESTER DPWP, WATER SUPPLY DIVISION",22093,4/17/2024,10.5,0,6,False
MA2348000,"WORCESTER DPWP, WATER SUPPLY DIVISION",22093,7/19/2023,10.5,0,6,False
MA3007000,AMESBURY DPW  WATER DIV.,10170,12/4/2024,10.5,0,6,False
MA3007000,AMESBURY DPW  WATER DIV.,10170,6/5/2025,10.5,0,6,False
MA3007000,AMESBURY DPW  WATER DIV.,10170,9/18/2024,10.5,0,6,False
MA3009000,ANDOVER WATER DEPT,10534,1/16/2025,10.5,0,6,False
MA3009000,ANDOVER WATER DEPT,10534,10/1/2025,10.5,0,6,False
MA3009000,ANDOVER WATER DEPT,10534,4/4/2025,10.5,0,6,False
MA3009000,ANDOVER WATER DEPT,10534,7/2/2025,10.5,0,6,False
MA3010000,ARLINGTON WATER DEPT. (MWRA),EP001,10/17/2023,10.5,0,6,False
MA3010000,ARLINGTON WATER DEPT. (MWRA),EP001,3/2/2023,10.5,0,6,False
MA3010000,ARLINGTON WATER DEPT. (MWRA),EP001,4/12/2023,10.5,0,6,False
MA3010000,ARLINGTON WATER DEPT. (MWRA),EP001,7/11/2023,10.5,0,6,False
MA3014000,Ashland Water & Sewer Dept.,18933,11/6/2023,10.5,0,6,False
MA3014000,Ashland Water & Sewer Dept.,18933,5/14/2024,10.5,0,6,False
MA3023000,BEDFORD WATER DEPT.,10012,1/10/2024,10.5,0,6,False
MA3023000,BEDFORD WATER DEPT.,10012,10/17/2024,10.5,0,6,False
MA3023000,BEDFORD WATER DEPT.,10012,4/2/2024,10.5,0,6,False
MA3023000,BEDFORD WATER DEPT.,10012,7/9/2024,10.5,0,6,False
MA3023002,HANSCOM AFB,10000,12/6/2023,10.5,0,6,False
MA3023002,HANSCOM AFB,10000,3/7/2023,10.5,0,6,False
MA3023002,HANSCOM AFB,10000,6/7/2023,10.5,0,6,False
MA3023002,HANSCOM AFB,10000,9/11/2023,10.5,0,6,False
MA3023002,HANSCOM AFB,10504,12/6/2023,10.5,0,6,False
MA3023002,HANSCOM AFB,10504,3/7/2023,10.5,0,6,False
MA3023002,HANSCOM AFB,10504,6/7/2023,10.5,0,6,False
MA3023002,HANSCOM AFB,10504,9/11/2023,10.5,0,6,False
MA3026000,BELMONT WATER DEPT. (MWRA),EP001,10/17/2023,10.5,0,6,False
MA3026000,BELMONT WATER DEPT. (MWRA),EP001,3/2/2023,10.5,0,6,False
MA3026000,BELMONT WATER DEPT. (MWRA),EP001,4/12/2023,10.5,0,6,False
MA3026000,BELMONT WATER DEPT. (MWRA),EP001,7/11/2023,10.5,0,6,False
MA3030000,BEVERLY WATER DEPT,EP001,1/14/2025,10.5,0,6,False
MA3030000,BEVERLY WATER DEPT,EP001,10/22/2024,10.5,0,6,False
MA3030000,BEVERLY WATER DEPT,EP001,4/2/2025,10.5,0,6,False
MA3030000,BEVERLY WATER DEPT,EP001,7/18/2024,10.5,0,6,False
MA3031000,BILLERICA WATER WORKS,10185,11/7/2024,12.7,1,6,False
MA3031000,BILLERICA WATER WORKS,10185,2/5/2025,10.5,0,6,False
MA3031000,BILLERICA WATER WORKS,10185,5/8/2025,10.5,0,6,False
MA3031000,BILLERICA WATER WORKS,10185,8/7/2025,14.0,1,6,False
MA3035000,BOSTON WATER AND SEWER COMMISSION (MWRA),EP001,1/10/2024,10.5,0,6,False
MA3035000,BOSTON WATER AND SEWER COMMISSION (MWRA),EP001,10/22/2024,10.5,0,6,False
MA3035000,BOSTON WATER AND SEWER COMMISSION (MWRA),EP001,4/22/2024,10.5,0,6,False
MA3035000,BOSTON WATER AND SEWER COMMISSION (MWRA),EP001,7/10/2024,10.5,0,6,False
MA3046000,BROOKLINE WATER AND SEWER DIVISION,EP001,1/8/2024,10.5,0,6,False
MA3046000,BROOKLINE WATER AND SEWER DIVISION,EP001,10/7/2024,10.5,0,6,False
MA3046000,BROOKLINE WATER AND SEWER DIVISION,EP001,4/22/2024,10.5,0,6,False
MA3046000,BROOKLINE WATER AND SEWER DIVISION,EP001,7/8/2024,10.5,0,6,False
MA3048000,BURLINGTON WATER DEPT,10090,1/18/2024,10.5,0,6,False
MA3048000,BURLINGTON WATER DEPT,10090,10/24/2024,10.5,0,6,False
MA3048000,BURLINGTON WATER DEPT,10090,5/30/2024,10.5,0,6,False
MA3048000,BURLINGTON WATER DEPT,10090,7/11/2024,10.5,0,6,False
MA3048000,BURLINGTON WATER DEPT,EP001,1/18/2024,10.5,0,6,False
MA3048000,BURLINGTON WATER DEPT,EP001,10/24/2024,10.5,0,6,False
MA3048000,BURLINGTON WATER DEPT,EP001,4/17/2024,10.5,0,6,False
MA3048000,BURLINGTON WATER DEPT,EP001,7/11/2024,10.5,0,6,False
MA3049000,CAMBRIDGE WATER DEPARTMENT,00950,12/5/2023,13.3,1,6,False
MA3049000,CAMBRIDGE WATER DEPARTMENT,00950,3/6/2024,10.5,0,6,False
MA3049000,CAMBRIDGE WATER DEPARTMENT,00950,6/12/2024,10.5,0,6,False
MA3049000,CAMBRIDGE WATER DEPARTMENT,00950,9/13/2023,10.5,0,6,False
MA3056000,CHELMSFORD WATER DISTRICT,10001,10/12/2023,22.6,2,6,True
MA3056000,CHELMSFORD WATER DISTRICT,10001,4/9/2024,10.5,0,6,False
MA3056000,CHELMSFORD WATER DISTRICT,10071,10/8/2024,19.6,2,6,False
MA3056000,CHELMSFORD WATER DISTRICT,10071,5/14/2024,19.7,2,6,False
MA3056000,CHELMSFORD WATER DISTRICT,11949,10/12/2023,15.600000000000001,1,6,False
MA3056000,CHELMSFORD WATER DISTRICT,11949,4/9/2024,15.2,1,6,False
MA3056000,CHELMSFORD WATER DISTRICT,1305,12/27/2023,19.5,2,6,False
MA3056000,CHELMSFORD WATER DISTRICT,1305,4/9/2024,18.2,2,6,False
MA3056002,NORTH CHELMSFORD WATER DIST,WTP3,2/5/2024,10.5,0,6,False
MA3056002,NORTH CHELMSFORD WATER DIST,WTP3,8/1/2024,10.5,0,6,False
MA3057000,CHELSEA WATER DEPT. (MWRA),EP001,1/12/2023,10.5,0,6,False
MA3057000,CHELSEA WATER DEPT. (MWRA),EP001,10/16/2023,10.5,0,6,False
MA3057000,CHELSEA WATER DEPT. (MWRA),EP001,4/11/2023,10.5,0,6,False
MA3057000,CHELSEA WATER DEPT. (MWRA),EP001,7/10/2023,10.5,0,6,False
MA3067000,"CONCORD WATER DEPT, MA",10517,3/25/2024,10.5,0,6,False
MA3067000,"CONCORD WATER DEPT, MA",10517,8/12/2024,10.5,0,6,False
MA3067000,"CONCORD WATER DEPT, MA",10518,7/17/2024,12.7,1,6,False
MA3067000,"CONCORD WATER DEPT, MA",10519,2/12/2024,14.399999999999999,1,6,False
MA3067000,"CONCORD WATER DEPT, MA",10519,8/19/2024,14.5,1,6,False
MA3067000,"CONCORD WATER DEPT, MA",10522,2/12/2024,10.5,0,6,False
MA3067000,"CONCORD WATER DEPT, MA",10522,8/12/2024,10.5,0,6,False
MA3067000,"CONCORD WATER DEPT, MA",10527,4/11/2024,10.5,0,6,False
MA3067000,"CONCORD WATER DEPT, MA",10527,8/12/2024,12.7,1,6,False
MA3067000,"CONCORD WATER DEPT, MA",DWTP,2/8/2024,10.5,0,6,False
MA3067000,"CONCORD WATER DEPT, MA",DWTP,8/12/2024,10.5,0,6,False
MA3071000,DANVERS WATER DEPT.,10208,12/18/2023,13.7,1,6,False
MA3071000,DANVERS WATER DEPT.,16832,1/10/2024,10.5,0,6,False
MA3071000,DANVERS WATER DEPT.,16832,11/28/2023,10.5,0,6,False
MA3071000,DANVERS WATER DEPT.,16832,5/16/2024,10.5,0,6,False
MA3071000,DANVERS WATER DEPT.,16832,7/12/2023,10.5,0,6,False
MA3073000,DEDHAM WESTWOOD WATER DIST.,00030,1/13/2025,10.5,0,6,False
MA3073000,DEDHAM WESTWOOD WATER DIST.,00030,10/16/2025,10.5,0,6,False
MA3073000,DEDHAM WESTWOOD WATER DIST.,00030,4/7/2025,10.5,0,6,False
MA3073000,DEDHAM WESTWOOD WATER DIST.,00030,7/15/2025,10.5,0,6,False
MA3073000,DEDHAM WESTWOOD WATER DIST.,10008,1/13/2025,18.0,2,6,False
MA3073000,DEDHAM WESTWOOD WATER DIST.,10008,7/15/2025,17.6,2,6,False
MA3073000,DEDHAM WESTWOOD WATER DIST.,10009,1/13/2025,16.6,2,6,False
MA3073000,DEDHAM WESTWOOD WATER DIST.,10009,7/15/2025,13.2,1,6,False
MA3079000,DRACUT WATER SUPPLY DISTRICT,10030,2/5/2025,13.2,1,6,False
MA3079000,DRACUT WATER SUPPLY DISTRICT,10030,8/7/2024,14.600000000000001,1,6,False
MA3079000,DRACUT WATER SUPPLY DISTRICT,10040,2/5/2025,13.2,1,6,False
MA3079000,DRACUT WATER SUPPLY DISTRICT,10040,8/7/2024,10.5,0,6,False
MA3079000,DRACUT WATER SUPPLY DISTRICT,EP001,11/5/2024,10.5,0,6,False
MA3079000,DRACUT WATER SUPPLY DISTRICT,EP001,2/5/2025,10.5,0,6,False
MA3079000,DRACUT WATER SUPPLY DISTRICT,EP001,5/6/2025,10.5,0,6,False
MA3079000,DRACUT WATER SUPPLY DISTRICT,EP001,8/7/2024,10.5,0,6,False
MA3079001,KENWOOD WATER DISTRICT,10000,1/14/2025,10.5,0,6,False
MA3079001,KENWOOD WATER DISTRICT,10000,11/3/2025,13.8,1,6,False
MA3079001,KENWOOD WATER DISTRICT,10000,4/8/2025,10.5,0,6,False
MA3079001,KENWOOD WATER DISTRICT,10000,7/16/2025,14.8,1,6,False
MA3079001,KENWOOD WATER DISTRICT,10001,1/14/2025,10.5,0,6,False
MA3079001,KENWOOD WATER DISTRICT,10001,10/7/2025,10.5,0,6,False
MA3079001,KENWOOD WATER DISTRICT,10001,4/8/2025,10.5,0,6,False
MA3079001,KENWOOD WATER DISTRICT,10001,7/16/2025,12.7,1,6,False
MA3093000,EVERETT WATER DEPT. (MWRA),EP001,1/15/2025,10.5,0,6,False
MA3093000,EVERETT WATER DEPT. (MWRA),EP001,10/7/2025,10.5,0,6,False
MA3093000,EVERETT WATER DEPT. (MWRA),EP001,4/9/2025,10.5,0,6,False
MA3093000,EVERETT WATER DEPT. (MWRA),EP001,7/8/2025,10.5,0,6,False
MA3100000,FRAMINGHAM WATER DEPT. (MWRA),EP001,1/11/2023,10.5,0,6,False
MA3100000,FRAMINGHAM WATER DEPT. (MWRA),EP001,10/17/2023,10.5,0,6,False
MA3100000,FRAMINGHAM WATER DEPT. (MWRA),EP001,4/19/2023,10.5,0,6,False
MA3100000,FRAMINGHAM WATER DEPT. (MWRA),EP001,7/11/2023,10.5,0,6,False
MA3105000,GEORGETOWN WATER DEPARTMENT,10015,1/14/2025,10.5,0,6,False
MA3105000,GEORGETOWN WATER DEPARTMENT,10015,7/15/2025,10.5,0,6,False
MA3107000,GLOUCESTER PUBLIC UTILITY DIVISION,10229,12/5/2023,10.5,0,6,False
MA3107000,GLOUCESTER PUBLIC UTILITY DIVISION,10229,6/25/2024,10.5,0,6,False
MA3107000,GLOUCESTER PUBLIC UTILITY DIVISION,10229,9/26/2023,10.5,0,6,False
MA3107000,GLOUCESTER PUBLIC UTILITY DIVISION,10229,9/9/2024,10.5,0,6,False
MA3107000,GLOUCESTER PUBLIC UTILITY DIVISION,18525,3/12/2024,10.5,0,6,False
MA3107000,GLOUCESTER PUBLIC UTILITY DIVISION,18525,3/8/2023,10.5,0,6,False
MA3107000,GLOUCESTER PUBLIC UTILITY DIVISION,18525,6/11/2024,10.5,0,6,False
MA3107000,GLOUCESTER PUBLIC UTILITY DIVISION,18525,6/21/2023,10.5,0,6,False
MA3116000,GROVELAND WATER DEPARTMENT,10001,10/7/2024,14.600000000000001,1,6,False
MA3116000,GROVELAND WATER DEPARTMENT,10001,4/16/2024,14.8,1,6,False
MA3116000,GROVELAND WATER DEPARTMENT,10005,10/7/2024,13.100000000000001,1,6,False
MA3116000,GROVELAND WATER DEPARTMENT,10005,4/16/2024,10.5,0,6,False
MA3119000,HAMILTON WATER DEPT,10003,10/2/2023,28.799999999999997,2,6,True
MA3119000,HAMILTON WATER DEPT,10003,5/15/2023,5.0,0,3,False
MA3119000,HAMILTON WATER DEPT,10003,7/10/2023,17.7,2,3,False
MA3119000,HAMILTON WATER DEPT,10020,10/2/2023,12.5,1,6,False
MA3119000,HAMILTON WATER DEPT,10020,5/15/2023,10.5,0,6,False
MA3128000,HAVERHILL WATER DEPT,19387,1/23/2023,10.5,0,6,False
MA3128000,HAVERHILL WATER DEPT,19387,10/10/2023,10.5,0,6,False
MA3128000,HAVERHILL WATER DEPT,19387,4/3/2023,10.5,0,6,False
MA3128000,HAVERHILL WATER DEPT,19387,7/11/2023,10.5,0,6,False
MA3144000,IPSWICH DPU  WATER DEPT,1401,10/17/2024,10.5,0,6,False
MA3144000,IPSWICH DPU  WATER DEPT,1401,11/6/2023,10.5,0,6,False
MA3144000,IPSWICH DPU  WATER DEPT,1401,2/6/2024,10.5,0,6,False
MA3144000,IPSWICH DPU  WATER DEPT,1401,8/5/2024,10.5,0,6,False
MA3144000,IPSWICH DPU  WATER DEPT,1402,11/6/2023,10.5,0,6,False
MA3144000,IPSWICH DPU  WATER DEPT,1402,6/25/2024,10.5,0,6,False
MA3144000,IPSWICH DPU  WATER DEPT,1403,11/6/2023,10.5,0,6,False
MA3144000,IPSWICH DPU  WATER DEPT,1403,6/25/2024,14.0,1,6,False
MA3144000,IPSWICH DPU  WATER DEPT,1404,4/9/2024,19.1,2,6,False
MA3144000,IPSWICH DPU  WATER DEPT,1404,6/25/2024,15.8,2,6,False
MA3144000,IPSWICH DPU  WATER DEPT,20434,11/6/2023,10.5,0,6,False
MA3144000,IPSWICH DPU  WATER DEPT,20434,6/25/2024,10.5,0,6,False
MA3149000,LAWRENCE WATER WORKS,10500,10/7/2024,10.5,0,6,False
MA3149000,LAWRENCE WATER WORKS,10500,11/15/2023,10.5,0,6,False
MA3149000,LAWRENCE WATER WORKS,10500,4/29/2024,10.5,0,6,False
MA3149000,LAWRENCE WATER WORKS,10500,8/9/2023,10.5,0,6,False
MA3155000,LEXINGTON WATER DEPT.    (MWRA),EP001,1/9/2023,10.5,0,6,False
MA3155000,LEXINGTON WATER DEPT.    (MWRA),EP001,10/18/2023,10.5,0,6,False
MA3155000,LEXINGTON WATER DEPT.    (MWRA),EP001,4/10/2023,10.5,0,6,False
MA3155000,LEXINGTON WATER DEPT.    (MWRA),EP001,7/12/2023,10.5,0,6,False
MA3157000,LINCOLN WATER DEPT,10530,2/11/2025,10.5,0,6,False
MA3157000,LINCOLN WATER DEPT,10530,5/5/2025,10.5,0,6,False
MA3157000,LINCOLN WATER DEPT,10530,8/12/2025,10.5,0,6,False
MA3157000,LINCOLN WATER DEPT,10531,11/4/2025,16.0,2,6,False
MA3157000,LINCOLN WATER DEPT,10531,2/11/2025,17.3,3,6,False
MA3157000,LINCOLN WATER DEPT,10531,5/5/2025,17.1,2,6,False
MA3157000,LINCOLN WATER DEPT,10531,8/12/2025,18.3,2,6,False
MA3160000,LOWELL REGIONAL WATER UTILITY,1414,12/13/2023,10.5,0,6,False
MA3160000,LOWELL REGIONAL WATER UTILITY,1414,3/22/2023,10.5,0,6,False
MA3160000,LOWELL REGIONAL WATER UTILITY,1414,6/21/2023,10.5,0,6,False
MA3160000,LOWELL REGIONAL WATER UTILITY,1414,9/18/2023,13.1,1,6,False
MA3163000,LYNN WATER AND SEWER COMM,11951,11/1/2023,13.2,1,6,False
MA3163000,LYNN WATER AND SEWER COMM,11951,2/8/2023,10.5,0,6,False
MA3163000,LYNN WATER AND SEWER COMM,11951,5/3/2023,10.5,0,6,False
MA3163000,LYNN WATER AND SEWER COMM,11951,8/2/2023,12.8,1,6,False
MA3164000,LYNNFIELD CENTER WATER DISTRICT,10272,1/9/2024,10.5,0,6,False
MA3164000,LYNNFIELD CENTER WATER DISTRICT,10272,11/7/2023,10.5,0,6,False
MA3164000,LYNNFIELD CENTER WATER DISTRICT,10275,11/7/2023,14.600000000000001,1,6,False
MA3164000,LYNNFIELD CENTER WATER DISTRICT,10275,5/2/2023,13.600000000000001,1,6,False
MA3164000,LYNNFIELD CENTER WATER DISTRICT,ST3,11/7/2023,10.5,0,6,False
MA3164000,LYNNFIELD CENTER WATER DISTRICT,ST3,5/2/2023,10.5,0,6,False
MA3164001,LYNNFIELD WATER DIST. (MWRA),EP001,3/4/2025,10.5,0,6,False
MA3164001,LYNNFIELD WATER DIST. (MWRA),EP001,6/17/2025,10.5,0,6,False
MA3164001,LYNNFIELD WATER DIST. (MWRA),EP001,9/10/2025,10.5,0,6,False
MA3165000,MALDEN WATER DIVISION (MWRA),EP001,1/15/2025,10.5,0,6,False
MA3165000,MALDEN WATER DIVISION (MWRA),EP001,10/7/2025,10.5,0,6,False
MA3165000,MALDEN WATER DIVISION (MWRA),EP001,4/9/2025,10.5,0,6,False
MA3165000,MALDEN WATER DIVISION (MWRA),EP001,7/8/2025,10.5,0,6,False
MA3166000,MANCHESTER BY THE SEA DPW,10001,2/11/2025,20.200000000000003,2,6,True
MA3166000,MANCHESTER BY THE SEA DPW,10001,8/13/2025,25.8,3,6,True
MA3166000,MANCHESTER BY THE SEA DPW,10004,2/11/2025,12.8,1,6,False
MA3166000,MANCHESTER BY THE SEA DPW,10004,5/6/2025,13.1,1,6,False
MA3166000,MANCHESTER BY THE SEA DPW,10004,8/13/2025,13.399999999999999,1,6,False
MA3168000,MARBLEHEAD WATER DEPT. (MWRA),EP001,1/13/2025,10.5,0,6,False
MA3168000,MARBLEHEAD WATER DEPT. (MWRA),EP001,10/6/2025,10.5,0,6,False
MA3168000,MARBLEHEAD WATER DEPT. (MWRA),EP001,4/10/2025,10.5,0,6,False
MA3168000,MARBLEHEAD WATER DEPT. (MWRA),EP001,7/9/2025,10.5,0,6,False
MA3176000,MEDFORD WATER DEPT. (MWRA),EP001,1/13/2025,10.5,0,6,False
MA3176000,MEDFORD WATER DEPT. (MWRA),EP001,10/6/2025,10.5,0,6,False
MA3176000,MEDFORD WATER DEPT. (MWRA),EP001,4/7/2025,10.5,0,6,False
MA3176000,MEDFORD WATER DEPT. (MWRA),EP001,7/7/2025,10.5,0,6,False
MA3178000,MELROSE WATER DIVISION (MWRA),EP001,1/15/2025,10.5,0,6,False
MA3178000,MELROSE WATER DIVISION (MWRA),EP001,10/7/2025,10.5,0,6,False
MA3178000,MELROSE WATER DIVISION (MWRA),EP001,4/9/2025,10.5,0,6,False
MA3178000,MELROSE WATER DIVISION (MWRA),EP001,7/8/2025,10.5,0,6,False
MA3180000,MERRIMAC WATER DEPARTMENT,10543,1/17/2024,15.399999999999999,1,6,False
MA3180000,MERRIMAC WATER DEPARTMENT,10543,7/9/2024,14.1,1,6,False
MA3180000,MERRIMAC WATER DEPARTMENT,10546,1/17/2024,10.5,0,6,False
MA3180000,MERRIMAC WATER DEPARTMENT,10546,7/9/2024,10.5,0,6,False
MA3181000,METHUEN WATER DEPT,10521,12/19/2023,10.5,0,6,False
MA3181000,METHUEN WATER DEPT,10521,3/25/2024,10.5,0,6,False
MA3181000,METHUEN WATER DEPT,10521,6/5/2024,10.5,0,6,False
MA3181000,METHUEN WATER DEPT,10521,9/19/2024,12.5,1,6,False
MA3184000,MIDDLETON WATER DEPT.,EP001,1/22/2024,10.5,0,6,False
MA3184000,MIDDLETON WATER DEPT.,EP001,10/9/2024,10.5,0,6,False
MA3184000,MIDDLETON WATER DEPT.,EP001,4/16/2024,17.5,2,6,False
MA3184000,MIDDLETON WATER DEPT.,EP001,7/15/2024,10.5,0,6,False
MA3189000,MILTON WATER DEPT. (MWRA),EP001,1/10/2024,10.5,0,6,False
MA3189000,MILTON WATER DEPT. (MWRA),EP001,10/16/2024,10.5,0,6,False
MA3189000,MILTON WATER DEPT. (MWRA),EP001,4/22/2024,10.5,0,6,False
MA3189000,MILTON WATER DEPT. (MWRA),EP001,7/8/2024,10.5,0,6,False
MA3196000,NAHANT WATER DEPT. (MWRA),EP001,11/4/2024,10.5,0,6,False
MA3196000,NAHANT WATER DEPT. (MWRA),EP001,2/5/2024,10.5,0,6,False
MA3196000,NAHANT WATER DEPT. (MWRA),EP001,5/14/2024,10.5,0,6,False
MA3196000,NAHANT WATER DEPT. (MWRA),EP001,8/5/2024,10.5,0,6,False
MA3198000,NATICK WATER DEPARTMENT,10002,12/16/2024,67.8,3,6,True
MA3198000,NATICK WATER DEPARTMENT,10002,6/11/2025,45.8,3,6,True
MA3198000,NATICK WATER DEPARTMENT,10003,12/16/2024,12.5,1,6,False
MA3198000,NATICK WATER DEPARTMENT,10003,6/11/2025,14.7,2,6,False
MA3198000,NATICK WATER DEPARTMENT,10011,12/16/2024,12.5,1,6,False
MA3198000,NATICK WATER DEPARTMENT,10011,6/11/2025,10.5,0,6,False
MA3198000,NATICK WATER DEPARTMENT,10050,12/16/2024,10.5,0,6,False
MA3198000,NATICK WATER DEPARTMENT,10050,6/11/2025,10.5,0,6,False
MA3199000,NEEDHAM WATER DEPT,10030,1/17/2024,16.1,2,6,False
MA3199000,NEEDHAM WATER DEPT,10030,7/15/2024,12.5,1,6,False
MA3199000,NEEDHAM WATER DEPT,EP001,1/17/2024,10.5,0,6,False
MA3199000,NEEDHAM WATER DEPT,EP001,10/15/2024,10.5,0,6,False
MA3199000,NEEDHAM WATER DEPT,EP001,4/23/2024,10.5,0,6,False
MA3199000,NEEDHAM WATER DEPT,EP001,7/15/2024,10.5,0,6,False
MA3206000,NEWBURYPORT WATER DEPARTMENT,1458,2/6/2024,10.5,0,6,False
MA3206000,NEWBURYPORT WATER DEPARTMENT,1458,8/1/2024,10.5,0,6,False
MA3206000,NEWBURYPORT WATER DEPARTMENT,19393,11/6/2024,10.5,0,6,False
MA3206000,NEWBURYPORT WATER DEPARTMENT,19393,2/6/2024,13.1,1,6,False
MA3206000,NEWBURYPORT WATER DEPARTMENT,19393,5/2/2024,10.5,0,6,False
MA3206000,NEWBURYPORT WATER DEPARTMENT,19393,8/1/2024,10.5,0,6,False
MA3207000,NEWTON WATER DEPT. (MWRA),EP001,1/8/2024,10.5,0,6,False
MA3207000,NEWTON WATER DEPT. (MWRA),EP001,10/7/2024,10.5,0,6,False
MA3207000,NEWTON WATER DEPT. (MWRA),EP001,4/8/2024,10.5,0,6,False
MA3207000,NEWTON WATER DEPT. (MWRA),EP001,7/8/2024,10.5,0,6,False
MA3210000,NORTH ANDOVER WATER DEPT,10280,3/8/2023,10.5,0,6,False
MA3210000,NORTH ANDOVER WATER DEPT,10280,6/6/2023,10.5,0,6,False
MA3210000,NORTH ANDOVER WATER DEPT,10280,7/29/2024,10.5,0,6,False
MA3210000,NORTH ANDOVER WATER DEPT,10280,9/14/2023,10.5,0,6,False
MA3213000,NORTH READING WATER DEPT.,EP001,1/3/2024,10.5,0,6,False
MA3213000,NORTH READING WATER DEPT.,EP001,10/4/2023,10.5,0,6,False
MA3213000,NORTH READING WATER DEPT.,EP001,4/10/2024,10.5,0,6,False
MA3213000,NORTH READING WATER DEPT.,EP001,7/1/2024,10.5,0,6,False
MA3229000,PEABODY WATER DEPT.,10297,1/14/2025,15.0,1,6,False
MA3229000,PEABODY WATER DEPT.,10297,10/6/2025,15.5,1,6,False
MA3229000,PEABODY WATER DEPT.,10297,4/8/2025,14.1,1,6,False
MA3229000,PEABODY WATER DEPT.,10297,7/8/2025,15.0,1,6,False
MA3229000,PEABODY WATER DEPT.,10300,1/14/2025,14.0,1,6,False
MA3229000,PEABODY WATER DEPT.,10300,10/6/2025,14.7,1,6,False
MA3229000,PEABODY WATER DEPT.,10300,4/8/2025,14.2,1,6,False
MA3229000,PEABODY WATER DEPT.,10300,7/8/2025,15.0,1,6,False
MA3229000,PEABODY WATER DEPT.,EP001,1/14/2025,10.5,0,6,False
MA3229000,PEABODY WATER DEPT.,EP001,10/6/2025,10.5,0,6,False
MA3229000,PEABODY WATER DEPT.,EP001,4/8/2025,10.5,0,6,False
MA3229000,PEABODY WATER DEPT.,EP001,7/8/2025,10.5,0,6,False
MA3243000,QUINCY WATER DEPT. (MWRA),EP001,1/10/2024,10.5,0,6,False
MA3243000,QUINCY WATER DEPT. (MWRA),EP001,10/22/2024,10.5,0,6,False
MA3243000,QUINCY WATER DEPT. (MWRA),EP001,4/22/2024,10.5,0,6,False
MA3243000,QUINCY WATER DEPT. (MWRA),EP001,7/10/2024,10.5,0,6,False
MA3246000,READING WATER DEPARTMENT,019,1/17/2024,10.5,0,6,False
MA3246000,READING WATER DEPARTMENT,019,10/21/2024,10.5,0,6,False
MA3246000,READING WATER DEPARTMENT,019,4/10/2024,10.5,0,6,False
MA3246000,READING WATER DEPARTMENT,019,7/10/2024,10.5,0,6,False
MA3248000,REVERE WATER DIVISION (MWRA),EP001,1/26/2023,10.5,0,6,False
MA3248000,REVERE WATER DIVISION (MWRA),EP001,10/30/2023,10.5,0,6,False
MA3248000,REVERE WATER DIVISION (MWRA),EP001,5/23/2023,10.5,0,6,False
MA3248000,REVERE WATER DIVISION (MWRA),EP001,7/10/2023,10.5,0,6,False
MA3252000,ROCKPORT WATER DEPT,10311,11/8/2023,10.5,0,6,False
MA3252000,ROCKPORT WATER DEPT,10311,2/21/2023,10.5,0,6,False
MA3252000,ROCKPORT WATER DEPT,10311,5/2/2023,10.5,0,6,False
MA3252000,ROCKPORT WATER DEPT,10311,8/9/2023,10.5,0,6,False
MA3254000,ROWLEY WATER DEPARTMENT,10002,1/10/2023,19.9,2,6,False
MA3254000,ROWLEY WATER DEPARTMENT,10002,7/10/2023,21.0,3,6,True
MA3254000,ROWLEY WATER DEPARTMENT,10004,1/10/2023,10.5,0,6,False
MA3254000,ROWLEY WATER DEPARTMENT,10004,7/10/2023,10.5,0,6,False
MA3258000,"SALEM WATER DEPARTMENT, MA",EP001,1/14/2025,10.5,0,6,False
MA3258000,"SALEM WATER DEPARTMENT, MA",EP001,10/22/2024,10.5,0,6,False
MA3258000,"SALEM WATER DEPARTMENT, MA",EP001,4/2/2025,10.5,0,6,False
MA3258000,"SALEM WATER DEPARTMENT, MA",EP001,7/31/2024,10.5,0,6,False
MA3259000,SALISBURY WATER DEPARTMENT,EP001,1/27/2025,10.5,0,6,False
MA3259000,SALISBURY WATER DEPARTMENT,EP002,1/27/2025,14.5,1,6,False
MA3262000,SAUGUS WATER DEPT. (MWRA),EP001,1/17/2024,10.5,0,6,False
MA3262000,SAUGUS WATER DEPT. (MWRA),EP001,10/21/2024,10.5,0,6,False
MA3262000,SAUGUS WATER DEPT. (MWRA),EP001,4/9/2024,10.5,0,6,False
MA3262000,SAUGUS WATER DEPT. (MWRA),EP001,7/10/2024,10.5,0,6,False
MA3274000,SOMERVILLE WATER DEPT. (MWRA),EP001,1/13/2025,10.5,0,6,False
MA3274000,SOMERVILLE WATER DEPT. (MWRA),EP001,10/6/2025,10.5,0,6,False
MA3274000,SOMERVILLE WATER DEPT. (MWRA),EP001,4/7/2025,10.5,0,6,False
MA3274000,SOMERVILLE WATER DEPT. (MWRA),EP001,7/7/2025,10.5,0,6,False
MA3284000,STONEHAM WATER DEPT (MWRA SUPPLY),EP001,1/24/2024,10.5,0,6,False
MA3284000,STONEHAM WATER DEPT (MWRA SUPPLY),EP001,10/21/2024,10.5,0,6,False
MA3284000,STONEHAM WATER DEPT (MWRA SUPPLY),EP001,4/9/2024,10.5,0,6,False
MA3284000,STONEHAM WATER DEPT (MWRA SUPPLY),EP001,7/10/2024,10.5,0,6,False
MA3288000,SUDBURY WATER DISTRICT,10006,12/6/2024,16.5,1,6,False
MA3288000,SUDBURY WATER DISTRICT,10006,6/6/2025,16.5,1,6,False
MA3288000,SUDBURY WATER DISTRICT,10007,12/6/2024,10.5,0,6,False
MA3288000,SUDBURY WATER DISTRICT,10007,6/6/2025,10.5,0,6,False
MA3288000,SUDBURY WATER DISTRICT,10008,12/6/2024,14.5,1,6,False
MA3288000,SUDBURY WATER DISTRICT,10008,6/6/2025,15.5,1,6,False
MA3288000,SUDBURY WATER DISTRICT,10030,12/6/2024,10.5,0,6,False
MA3288000,SUDBURY WATER DISTRICT,10030,6/6/2025,10.5,0,6,False
MA3288000,SUDBURY WATER DISTRICT,10060,12/6/2024,18.0,2,6,False
MA3288000,SUDBURY WATER DISTRICT,10060,6/6/2025,19.0,2,6,False
MA3291000,SWAMPSCOTT WATER DEPT. (MWRA),EP001,1/13/2025,10.5,0,6,False
MA3291000,SWAMPSCOTT WATER DEPT. (MWRA),EP001,10/6/2025,10.5,0,6,False
MA3291000,SWAMPSCOTT WATER DEPT. (MWRA),EP001,4/10/2025,10.5,0,6,False
MA3291000,SWAMPSCOTT WATER DEPT. (MWRA),EP001,7/9/2025,10.5,0,6,False
MA3295000,TEWKSBURY WATER DEPARTMENT,10536,1/9/2024,10.5,0,6,False
MA3295000,TEWKSBURY WATER DEPARTMENT,10536,10/17/2024,13.5,1,6,False
MA3295000,TEWKSBURY WATER DEPARTMENT,10536,4/9/2024,12.5,1,6,False
MA3295000,TEWKSBURY WATER DEPARTMENT,10536,7/9/2024,13.5,1,6,False
MA3298000,TOPSFIELD WATER DEPARTMENT,20000,1/15/2025,20.9,2,6,True
MA3298000,TOPSFIELD WATER DEPARTMENT,20000,7/22/2025,20.4,2,6,True
MA3301000,TYNGSBOROUGH WATER DISTRICT,02P,11/6/2023,10.5,0,6,False
MA3301000,TYNGSBOROUGH WATER DISTRICT,02P,2/13/2023,10.5,0,6,False
MA3301000,TYNGSBOROUGH WATER DISTRICT,02P,5/8/2023,10.5,0,6,False
MA3301000,TYNGSBOROUGH WATER DISTRICT,02P,8/7/2023,13.1,1,6,False
MA3301000,TYNGSBOROUGH WATER DISTRICT,03P,11/6/2023,10.5,0,6,False
MA3301000,TYNGSBOROUGH WATER DISTRICT,03P,2/13/2023,10.5,0,6,False
MA3301000,TYNGSBOROUGH WATER DISTRICT,03P,5/8/2023,10.5,0,6,False
MA3301000,TYNGSBOROUGH WATER DISTRICT,03P,8/7/2023,10.5,0,6,False
MA3305000,WAKEFIELD WATER DEPT,10320,1/14/2025,15.399999999999999,1,6,False
MA3305000,WAKEFIELD WATER DEPT,10320,4/16/2025,10.5,0,6,False
MA3305000,WAKEFIELD WATER DEPT,EP001,1/14/2025,10.5,0,6,False
MA3305000,WAKEFIELD WATER DEPT,EP001,10/15/2025,10.5,0,6,False
MA3305000,WAKEFIELD WATER DEPT,EP001,4/16/2025,10.5,0,6,False
MA3305000,WAKEFIELD WATER DEPT,EP001,7/21/2025,10.5,0,6,False
MA3308000,WALTHAM WATER DEPARTMENT,EP001,1/9/2023,10.5,0,6,False
MA3308000,WALTHAM WATER DEPARTMENT,EP001,12/6/2023,10.5,0,6,False
MA3308000,WALTHAM WATER DEPARTMENT,EP001,4/10/2023,10.5,0,6,False
MA3308000,WALTHAM WATER DEPARTMENT,EP001,7/12/2023,10.5,0,6,False
MA3314000,WATERTOWN WATER DEPT. (MWRA),EP001,1/8/2024,10.5,0,6,False
MA3314000,WATERTOWN WATER DEPT. (MWRA),EP001,10/7/2024,10.5,0,6,False
MA3314000,WATERTOWN WATER DEPT. (MWRA),EP001,4/22/2024,10.5,0,6,False
MA3314000,WATERTOWN WATER DEPT. (MWRA),EP001,7/8/2024,10.5,0,6,False
MA3315000,WAYLAND WATER DEPARTMENT,10002,10/18/2023,10.5,0,6,False
MA3315000,WAYLAND WATER DEPARTMENT,10002,4/11/2023,10.5,0,6,False
MA3315000,WAYLAND WATER DEPARTMENT,10008,10/18/2023,20.0,3,6,False
MA3315000,WAYLAND WATER DEPARTMENT,10008,4/11/2023,22.0,3,6,True
MA3315000,WAYLAND WATER DEPARTMENT,20000,10/18/2023,10.5,0,6,False
MA3315000,WAYLAND WATER DEPARTMENT,20000,4/11/2023,10.5,0,6,False
MA3315000,WAYLAND WATER DEPARTMENT,20001,10/18/2023,10.5,0,6,False
MA3315000,WAYLAND WATER DEPARTMENT,20001,4/11/2023,10.5,0,6,False
MA3317000,WELLESLEY WATER DIVISION,10400,1/21/2025,18.1,2,6,False
MA3317000,WELLESLEY WATER DIVISION,10400,7/23/2025,19.3,2,6,False
MA3317000,WELLESLEY WATER DIVISION,10406,1/21/2025,14.8,1,6,False
MA3317000,WELLESLEY WATER DIVISION,10406,7/23/2025,13.2,1,6,False
MA3317000,WELLESLEY WATER DIVISION,10407,1/21/2025,10.5,0,6,False
MA3317000,WELLESLEY WATER DIVISION,10407,7/23/2025,10.5,0,6,False
MA3317000,WELLESLEY WATER DIVISION,EP002,1/21/2025,10.5,0,6,False
MA3317000,WELLESLEY WATER DIVISION,EP002,10/1/2025,10.5,0,6,False
MA3317000,WELLESLEY WATER DIVISION,EP002,4/16/2025,10.5,0,6,False
MA3317000,WELLESLEY WATER DIVISION,EP002,7/23/2025,10.5,0,6,False
MA3320000,WENHAM WATER DEPT.,10004,11/6/2024,17.3,2,6,False
MA3320000,WENHAM WATER DEPT.,10004,5/14/2024,20.1,2,6,True
MA3324000,WEST NEWBURY WATER DEPARTMENT,EP004,1/14/2025,10.5,0,6,False
MA3324000,WEST NEWBURY WATER DEPARTMENT,EP004,10/7/2024,10.5,0,6,False
MA3324000,WEST NEWBURY WATER DEPARTMENT,EP004,4/17/2024,10.5,0,6,False
MA3324000,WEST NEWBURY WATER DEPARTMENT,EP004,7/9/2024,10.5,0,6,False
MA3330000,WESTFORD WATER DEPARTMENT,19402,10/10/2023,16.9,1,6,False
MA3330000,WESTFORD WATER DEPARTMENT,19402,4/10/2023,19.5,2,6,False
MA3330000,WESTFORD WATER DEPARTMENT,19402,7/11/2023,19.4,2,6,False
MA3330000,WESTFORD WATER DEPARTMENT,19405,1/23/2023,10.5,0,6,False
MA3330000,WESTFORD WATER DEPARTMENT,19405,10/10/2023,13.0,1,6,False
MA3330000,WESTFORD WATER DEPARTMENT,19405,4/10/2023,10.5,0,6,False
MA3330000,WESTFORD WATER DEPARTMENT,19405,7/11/2023,13.3,1,6,False
MA3330019,HAYSTACK ESTATES,MULT,11/4/2025,14.1,1,6,False
MA3330019,HAYSTACK ESTATES,MULT,5/6/2025,13.7,1,6,False
MA3333000,WESTON WATER DEPT.,EP001,1/9/2023,10.5,0,6,False
MA3333000,WESTON WATER DEPT.,EP001,10/18/2023,10.5,0,6,False
MA3333000,WESTON WATER DEPT.,EP001,4/10/2023,10.5,0,6,False
MA3333000,WESTON WATER DEPT.,EP001,7/12/2023,10.5,0,6,False
MA3342000,WILMINGTON WATER DEPT,10364,1/6/2025,10.5,0,6,False
MA3342000,WILMINGTON WATER DEPT,10364,10/1/2025,10.5,0,6,False
MA3342000,WILMINGTON WATER DEPT,10364,4/2/2025,10.5,0,6,False
MA3342000,WILMINGTON WATER DEPT,10364,8/4/2025,10.5,0,6,False
MA3342000,WILMINGTON WATER DEPT,10387,1/6/2025,10.5,0,6,False
MA3342000,WILMINGTON WATER DEPT,10387,8/4/2025,10.5,0,6,False
MA3342000,WILMINGTON WATER DEPT,EP001,1/6/2025,10.5,0,6,False
MA3342000,WILMINGTON WATER DEPT,EP001,10/1/2025,10.5,0,6,False
MA3342000,WILMINGTON WATER DEPT,EP001,4/2/2025,10.5,0,6,False
MA3342000,WILMINGTON WATER DEPT,EP001,8/4/2025,10.5,0,6,False
MA3344000,WINCHESTER WATER DEPT,10342,1/7/2025,10.5,0,6,False
MA3344000,WINCHESTER WATER DEPT,10342,10/8/2024,10.5,0,6,False
MA3344000,WINCHESTER WATER DEPT,10342,4/2/2024,10.5,0,6,False
MA3344000,WINCHESTER WATER DEPT,10342,7/2/2024,10.5,0,6,False
MA3344000,WINCHESTER WATER DEPT,10344,1/7/2025,10.5,0,6,False
MA3344000,WINCHESTER WATER DEPT,10344,10/8/2024,10.5,0,6,False
MA3344000,WINCHESTER WATER DEPT,10344,4/2/2024,10.5,0,6,False
MA3344000,WINCHESTER WATER DEPT,10344,7/2/2024,10.5,0,6,False
MA3346000,"WINTHROP WATER DIVISION, (MWRA)",EP001,1/17/2023,10.5,0,6,False
MA3346000,"WINTHROP WATER DIVISION, (MWRA)",EP001,10/16/2023,10.5,0,6,False
MA3346000,"WINTHROP WATER DIVISION, (MWRA)",EP001,5/23/2023,10.5,0,6,False
MA3346000,"WINTHROP WATER DIVISION, (MWRA)",EP001,7/10/2023,10.5,0,6,False
MA3347000,WOBURN WATER DEPT.,20019,1/14/2025,18.4,2,6,False
MA3347000,WOBURN WATER DEPT.,20019,7/22/2025,21.8,2,6,True
MA3347000,WOBURN WATER DEPT.,EP001,1/14/2025,10.5,0,6,False
MA3347000,WOBURN WATER DEPT.,EP001,10/14/2025,10.5,0,6,False
MA3347000,WOBURN WATER DEPT.,EP001,4/8/2025,10.5,0,6,False
MA3347000,WOBURN WATER DEPT.,EP001,7/22/2025,10.5,0,6,False
MA4001000,ABINGTON/ROCKLAND JOINT WTR. WORKS,1593,10/18/2024,13.5,1,6,False
MA4001000,ABINGTON/ROCKLAND JOINT WTR. WORKS,1593,12/13/2024,12.5,1,6,False
MA4001000,ABINGTON/ROCKLAND JOINT WTR. WORKS,1593,2/6/2025,12.5,1,6,False
MA4001000,ABINGTON/ROCKLAND JOINT WTR. WORKS,1593,5/17/2024,10.5,0,6,False
MA4001000,ABINGTON/ROCKLAND JOINT WTR. WORKS,1594,1/23/2025,34.5,4,6,True
MA4001000,ABINGTON/ROCKLAND JOINT WTR. WORKS,1594,10/18/2024,30.5,4,6,True
MA4001000,ABINGTON/ROCKLAND JOINT WTR. WORKS,1594,2/6/2025,33.5,4,6,True
MA4001000,ABINGTON/ROCKLAND JOINT WTR. WORKS,1594,5/31/2024,29.5,4,6,True
MA4001000,ABINGTON/ROCKLAND JOINT WTR. WORKS,19400,10/18/2024,10.5,0,6,False
MA4001000,ABINGTON/ROCKLAND JOINT WTR. WORKS,19400,5/17/2024,10.5,0,6,False
MA4003000,ACUSHNET WATER DEPARTMENT,EP1,11/5/2024,10.5,0,6,False
MA4003000,ACUSHNET WATER DEPARTMENT,EP1,2/6/2024,10.5,0,6,False
MA4003000,ACUSHNET WATER DEPARTMENT,EP1,5/14/2024,10.5,0,6,False
MA4003000,ACUSHNET WATER DEPARTMENT,EP1,8/7/2024,10.5,0,6,False
MA4016000,ATTLEBORO WATER DEPT,10350,12/1/2024,12.3,1,6,False
MA4016000,ATTLEBORO WATER DEPT,10350,4/15/2024,10.5,0,6,False
MA4016000,ATTLEBORO WATER DEPT,10350,7/15/2024,12.5,1,6,False
MA4016000,ATTLEBORO WATER DEPT,10350,9/9/2024,12.8,1,6,False
MA4016000,ATTLEBORO WATER DEPT,23851,12/29/2025,10.5,0,6,False
MA4016000,ATTLEBORO WATER DEPT,23851,3/3/2025,18.4,2,6,False
MA4016000,ATTLEBORO WATER DEPT,23851,6/3/2025,25.1,2,6,True
MA4018000,TOWN OF AVON,10005,11/8/2023,17.6,2,6,False
MA4018000,TOWN OF AVON,10005,5/2/2023,16.0,2,6,False
MA4018000,TOWN OF AVON,10012,11/8/2023,10.5,0,6,False
MA4018000,TOWN OF AVON,10012,5/2/2023,10.5,0,6,False
MA4020000,BARNSTABLE FIRE DISTRICT,10001,2/7/2023,10.5,0,6,False
MA4020000,BARNSTABLE FIRE DISTRICT,10001,8/7/2023,10.5,0,6,False
MA4020000,BARNSTABLE FIRE DISTRICT,10005,10/17/2023,10.700000000000001,2,2,False
MA4020000,BARNSTABLE FIRE DISTRICT,10005,2/7/2023,10.5,0,6,False
MA4020000,BARNSTABLE FIRE DISTRICT,10005,8/7/2023,7.0,0,4,False
MA4020000,BARNSTABLE FIRE DISTRICT,10008,2/7/2023,15.3,2,6,False
MA4020000,BARNSTABLE FIRE DISTRICT,10008,8/7/2023,13.399999999999999,1,6,False
MA4020002,CENTERVILLE OSTERVILLE MARSTONS MILLS WD,10026,2/12/2025,10.5,0,6,False
MA4020002,CENTERVILLE OSTERVILLE MARSTONS MILLS WD,10026,8/11/2025,10.5,0,6,False
MA4020002,CENTERVILLE OSTERVILLE MARSTONS MILLS WD,1620,2/19/2025,13.399999999999999,1,6,False
MA4020002,CENTERVILLE OSTERVILLE MARSTONS MILLS WD,1620,8/11/2025,13.3,1,6,False
MA4020002,CENTERVILLE OSTERVILLE MARSTONS MILLS WD,1622,2/12/2025,10.5,0,6,False
MA4020002,CENTERVILLE OSTERVILLE MARSTONS MILLS WD,1622,8/11/2025,10.5,0,6,False
MA4020002,CENTERVILLE OSTERVILLE MARSTONS MILLS WD,1624,2/19/2025,12.1,1,6,False
MA4020002,CENTERVILLE OSTERVILLE MARSTONS MILLS WD,1624,8/11/2025,10.5,0,6,False
MA4020002,CENTERVILLE OSTERVILLE MARSTONS MILLS WD,1626,2/13/2025,10.5,0,6,False
MA4020002,CENTERVILLE OSTERVILLE MARSTONS MILLS WD,1626,8/18/2025,10.5,0,6,False
MA4020002,CENTERVILLE OSTERVILLE MARSTONS MILLS WD,1627,2/12/2025,10.5,0,6,False
MA4020002,CENTERVILLE OSTERVILLE MARSTONS MILLS WD,1627,8/25/2025,10.5,0,6,False
MA4020002,CENTERVILLE OSTERVILLE MARSTONS MILLS WD,1628,2/19/2025,10.5,0,6,False
MA4020002,CENTERVILLE OSTERVILLE MARSTONS MILLS WD,1628,8/11/2025,10.5,0,6,False
MA4020002,CENTERVILLE OSTERVILLE MARSTONS MILLS WD,1629,10/1/2025,10.5,0,6,False
MA4020002,CENTERVILLE OSTERVILLE MARSTONS MILLS WD,1629,5/1/2025,10.5,0,6,False
MA4020002,CENTERVILLE OSTERVILLE MARSTONS MILLS WD,1630,10/1/2025,10.5,0,6,False
MA4020002,CENTERVILLE OSTERVILLE MARSTONS MILLS WD,1630,5/1/2025,10.5,0,6,False
MA4020002,CENTERVILLE OSTERVILLE MARSTONS MILLS WD,1631,2/12/2025,10.5,0,6,False
MA4020002,CENTERVILLE OSTERVILLE MARSTONS MILLS WD,1631,8/20/2025,10.5,0,6,False
MA4020002,CENTERVILLE OSTERVILLE MARSTONS MILLS WD,1632,2/19/2025,12.0,1,6,False
MA4020002,CENTERVILLE OSTERVILLE MARSTONS MILLS WD,1632,8/11/2025,13.0,1,6,False
MA4020002,CENTERVILLE OSTERVILLE MARSTONS MILLS WD,1633,10/1/2025,10.5,0,6,False
MA4020002,CENTERVILLE OSTERVILLE MARSTONS MILLS WD,1633,5/21/2025,10.5,0,6,False
MA4020002,CENTERVILLE OSTERVILLE MARSTONS MILLS WD,17492,2/13/2025,10.5,0,6,False
MA4020002,CENTERVILLE OSTERVILLE MARSTONS MILLS WD,17492,8/18/2025,10.5,0,6,False
MA4020002,CENTERVILLE OSTERVILLE MARSTONS MILLS WD,17493,2/13/2025,10.5,0,6,False
MA4020002,CENTERVILLE OSTERVILLE MARSTONS MILLS WD,17493,8/20/2025,10.5,0,6,False
MA4020002,CENTERVILLE OSTERVILLE MARSTONS MILLS WD,17494,2/20/2025,10.5,0,6,False
MA4020002,CENTERVILLE OSTERVILLE MARSTONS MILLS WD,17494,8/18/2025,10.5,0,6,False
MA4020003,COTUIT FIRE DISTRICT  WATER DEPARTMENT,10002,3/7/2023,10.5,0,6,False
MA4020003,COTUIT FIRE DISTRICT  WATER DEPARTMENT,10002,9/19/2023,10.5,0,6,False
MA4020003,COTUIT FIRE DISTRICT  WATER DEPARTMENT,10003,3/7/2023,10.5,0,6,False
MA4020003,COTUIT FIRE DISTRICT  WATER DEPARTMENT,10003,9/19/2023,10.5,0,6,False
MA4020003,COTUIT FIRE DISTRICT  WATER DEPARTMENT,10004,3/7/2023,10.5,0,6,False
MA4020003,COTUIT FIRE DISTRICT  WATER DEPARTMENT,10004,9/19/2023,10.5,0,6,False
MA4020003,COTUIT FIRE DISTRICT  WATER DEPARTMENT,10005,3/7/2023,10.5,0,6,False
MA4020003,COTUIT FIRE DISTRICT  WATER DEPARTMENT,10005,9/19/2023,10.5,0,6,False
MA4020003,COTUIT FIRE DISTRICT  WATER DEPARTMENT,10006,3/7/2023,10.5,0,6,False
MA4020003,COTUIT FIRE DISTRICT  WATER DEPARTMENT,10006,9/19/2023,10.5,0,6,False
MA4020004,"HYANNIS WATER SYSTEM, TOWN OF BARNSTABLE",10033,11/15/2023,10.5,0,6,False
MA4020004,"HYANNIS WATER SYSTEM, TOWN OF BARNSTABLE",10033,5/16/2023,10.5,0,6,False
MA4020004,"HYANNIS WATER SYSTEM, TOWN OF BARNSTABLE",15742,11/15/2023,10.5,0,6,False
MA4020004,"HYANNIS WATER SYSTEM, TOWN OF BARNSTABLE",15742,5/16/2023,10.5,0,6,False
MA4020004,"HYANNIS WATER SYSTEM, TOWN OF BARNSTABLE",1647,4/9/2024,10.5,0,6,False
MA4020004,"HYANNIS WATER SYSTEM, TOWN OF BARNSTABLE",1647,5/16/2023,10.5,0,6,False
MA4036000,BOURNE WATER DISTRICT,10040,10/17/2024,10.5,0,6,False
MA4036000,BOURNE WATER DISTRICT,10040,4/14/2025,10.5,0,6,False
MA4036000,BOURNE WATER DISTRICT,1662,10/17/2024,10.5,0,6,False
MA4036000,BOURNE WATER DISTRICT,1662,4/14/2025,10.5,0,6,False
MA4036000,BOURNE WATER DISTRICT,1664,10/17/2024,10.5,0,6,False
MA4036000,BOURNE WATER DISTRICT,1664,4/14/2025,10.5,0,6,False
MA4036000,BOURNE WATER DISTRICT,1665,10/17/2024,10.5,0,6,False
MA4036000,BOURNE WATER DISTRICT,1665,4/14/2025,10.5,0,6,False
MA4036000,BOURNE WATER DISTRICT,1666,10/17/2024,10.5,0,6,False
MA4036000,BOURNE WATER DISTRICT,1666,4/14/2025,10.5,0,6,False
MA4036000,BOURNE WATER DISTRICT,1667,10/17/2024,19.4,2,6,False
MA4036000,BOURNE WATER DISTRICT,19495,10/17/2024,10.5,0,6,False
MA4036000,BOURNE WATER DISTRICT,19495,4/14/2025,10.5,0,6,False
MA4036001,BUZZARDS BAY WATER DISTRICT,10003,1/9/2023,10.5,0,6,False
MA4036001,BUZZARDS BAY WATER DISTRICT,10003,7/11/2023,10.5,0,6,False
MA4036001,BUZZARDS BAY WATER DISTRICT,10010,1/9/2023,10.5,0,6,False
MA4036001,BUZZARDS BAY WATER DISTRICT,10010,7/11/2023,10.5,0,6,False
MA4036001,BUZZARDS BAY WATER DISTRICT,10011,1/9/2023,10.5,0,6,False
MA4036001,BUZZARDS BAY WATER DISTRICT,10011,7/11/2023,10.5,0,6,False
MA4036001,BUZZARDS BAY WATER DISTRICT,10013,1/9/2023,21.0,0,6,True
MA4036001,BUZZARDS BAY WATER DISTRICT,10013,7/11/2023,10.5,0,6,False
MA4036001,BUZZARDS BAY WATER DISTRICT,10013,7/24/2023,10.5,0,6,False
MA4036002,NORTH SAGAMORE WATER DISTRICT,10000,1/10/2023,10.5,0,6,False
MA4036002,NORTH SAGAMORE WATER DISTRICT,10000,7/11/2023,10.5,0,6,False
MA4036002,NORTH SAGAMORE WATER DISTRICT,10004,1/10/2023,10.5,0,6,False
MA4036002,NORTH SAGAMORE WATER DISTRICT,10004,7/11/2023,10.5,0,6,False
MA4040000,BRAINTREE WATER AND SEWER DEPT.,10182,3/19/2024,19.200000000000003,2,6,False
MA4040000,BRAINTREE WATER AND SEWER DEPT.,10182,3/27/2023,17.1,2,6,False
MA4040000,BRAINTREE WATER AND SEWER DEPT.,10182,6/26/2023,18.8,2,6,False
MA4040000,BRAINTREE WATER AND SEWER DEPT.,10182,9/26/2023,20.3,2,6,True
MA4041000,BREWSTER WATER DEPARTMENT,10000,3/6/2024,10.5,0,6,False
MA4041000,BREWSTER WATER DEPARTMENT,10000,9/17/2024,10.5,0,6,False
MA4041000,BREWSTER WATER DEPARTMENT,10001,3/6/2024,10.5,0,6,False
MA4041000,BREWSTER WATER DEPARTMENT,10001,9/17/2024,10.5,0,6,False
MA4041000,BREWSTER WATER DEPARTMENT,10002,3/6/2024,10.5,0,6,False
MA4041000,BREWSTER WATER DEPARTMENT,10002,9/17/2024,10.5,0,6,False
MA4041000,BREWSTER WATER DEPARTMENT,11917,3/6/2024,10.5,0,6,False
MA4041000,BREWSTER WATER DEPARTMENT,11917,9/17/2024,10.5,0,6,False
MA4041000,BREWSTER WATER DEPARTMENT,EP001,3/6/2024,10.5,0,6,False
MA4041000,BREWSTER WATER DEPARTMENT,EP001,9/17/2024,10.5,0,6,False
MA4042000,BRIDGEWATER WATER DEPARTMENT,10046,12/13/2023,19.0,2,6,False
MA4042000,BRIDGEWATER WATER DEPARTMENT,10046,6/22/2023,19.0,2,6,False
MA4042000,BRIDGEWATER WATER DEPARTMENT,10080,12/13/2023,13.5,1,6,False
MA4042000,BRIDGEWATER WATER DEPARTMENT,10080,6/22/2023,14.5,1,6,False
MA4042000,BRIDGEWATER WATER DEPARTMENT,21952,12/13/2023,23.0,3,6,True
MA4042000,BRIDGEWATER WATER DEPARTMENT,21952,6/22/2023,24.0,3,6,True
MA4044000,BROCKTON WATER DEPARTMENT,10352,12/6/2023,10.5,0,6,False
MA4044000,BROCKTON WATER DEPARTMENT,10352,3/7/2023,10.5,0,6,False
MA4044000,BROCKTON WATER DEPARTMENT,10352,6/14/2023,10.5,0,6,False
MA4044000,BROCKTON WATER DEPARTMENT,10352,9/13/2023,10.5,0,6,False
MA4050000,CANTON WATER DEPT,10008,1/8/2024,10.5,0,6,False
MA4050000,CANTON WATER DEPT,10008,10/16/2024,10.5,0,6,False
MA4050000,CANTON WATER DEPT,10008,4/2/2024,10.5,0,6,False
MA4050000,CANTON WATER DEPT,10008,7/9/2024,10.5,0,6,False
MA4050000,CANTON WATER DEPT,EP002,1/8/2024,13.0,1,6,False
MA4050000,CANTON WATER DEPT,EP002,7/9/2024,10.5,0,6,False
MA4050000,CANTON WATER DEPT,EP006,1/8/2024,13.5,1,6,False
MA4050000,CANTON WATER DEPT,EP006,7/9/2024,13.399999999999999,1,6,False
MA4055000,CHATHAM WATER DEPARTMENT,EP001,1/16/2024,10.5,0,6,False
MA4055000,CHATHAM WATER DEPARTMENT,EP001,7/15/2024,10.5,0,6,False
MA4055000,CHATHAM WATER DEPARTMENT,EP002,10/15/2024,10.5,0,6,False
MA4055000,CHATHAM WATER DEPARTMENT,EP002,5/6/2024,10.5,0,6,False
MA4055000,CHATHAM WATER DEPARTMENT,EP004,1/16/2024,10.5,0,6,False
MA4055000,CHATHAM WATER DEPARTMENT,EP004,7/15/2024,10.5,0,6,False
MA4055000,CHATHAM WATER DEPARTMENT,EP006,1/16/2024,10.5,0,6,False
MA4055000,CHATHAM WATER DEPARTMENT,EP006,7/15/2024,10.5,0,6,False
MA4055000,CHATHAM WATER DEPARTMENT,EP007,1/13/2025,10.5,0,6,False
MA4055000,CHATHAM WATER DEPARTMENT,EP007,7/29/2024,10.5,0,6,False
MA4065000,COHASSET WATER DEPT,10198,3/4/2025,10.5,0,6,False
MA4065000,COHASSET WATER DEPT,10198,6/9/2025,13.399999999999999,1,6,False
MA4065000,COHASSET WATER DEPT,10198,9/16/2025,17.7,2,6,False
MA4072000,DARTMOUTH WATER DIVISION,11878,3/6/2024,10.5,0,6,False
MA4072000,DARTMOUTH WATER DIVISION,11878,9/10/2024,10.5,0,6,False
MA4072000,DARTMOUTH WATER DIVISION,11879,3/6/2024,10.5,0,6,False
MA4072000,DARTMOUTH WATER DIVISION,11879,9/10/2024,59.1,1,6,True
MA4072000,DARTMOUTH WATER DIVISION,19936,3/6/2024,10.5,0,6,False
MA4072000,DARTMOUTH WATER DIVISION,19936,9/10/2024,14.2,2,6,False
MA4072000,DARTMOUTH WATER DIVISION,EP001,12/10/2024,10.5,0,6,False
MA4072000,DARTMOUTH WATER DIVISION,EP001,3/6/2024,10.5,0,6,False
MA4072000,DARTMOUTH WATER DIVISION,EP001,6/18/2024,10.5,0,6,False
MA4072000,DARTMOUTH WATER DIVISION,EP001,9/10/2024,10.5,0,6,False
MA4075000,DENNIS WATER DISTRICT,00246,10/4/2023,10.5,0,6,False
MA4075000,DENNIS WATER DISTRICT,00246,4/9/2024,10.5,0,6,False
MA4075000,DENNIS WATER DISTRICT,10006,10/4/2023,10.5,0,6,False
MA4075000,DENNIS WATER DISTRICT,10006,4/9/2024,10.5,0,6,False
MA4075000,DENNIS WATER DISTRICT,10010,10/4/2023,10.5,0,6,False
MA4075000,DENNIS WATER DISTRICT,10010,4/9/2024,10.5,0,6,False
MA4075000,DENNIS WATER DISTRICT,10020,10/4/2023,10.5,0,6,False
MA4075000,DENNIS WATER DISTRICT,10020,4/9/2024,10.5,0,6,False
MA4075000,DENNIS WATER DISTRICT,10038,10/4/2023,10.5,0,6,False
MA4075000,DENNIS WATER DISTRICT,10038,4/9/2024,10.5,0,6,False
MA4075000,DENNIS WATER DISTRICT,1740,10/4/2023,10.5,0,6,False
MA4075000,DENNIS WATER DISTRICT,1740,4/9/2024,10.5,0,6,False
MA4075000,DENNIS WATER DISTRICT,1750,10/4/2023,10.5,0,6,False
MA4075000,DENNIS WATER DISTRICT,1750,4/9/2024,10.5,0,6,False
MA4075000,DENNIS WATER DISTRICT,5001,10/4/2023,10.5,0,6,False
MA4075000,DENNIS WATER DISTRICT,5001,4/9/2024,10.5,0,6,False
MA4075000,DENNIS WATER DISTRICT,5002,10/4/2023,10.5,0,6,False
MA4075000,DENNIS WATER DISTRICT,5002,4/9/2024,10.5,0,6,False
MA4076000,DIGHTON WATER DISTRICT,10008,1/8/2024,10.5,0,6,False
MA4076000,DIGHTON WATER DISTRICT,10008,10/7/2024,16.1,2,6,False
MA4076000,DIGHTON WATER DISTRICT,10008,4/29/2024,10.5,0,6,False
MA4076000,DIGHTON WATER DISTRICT,10008,7/9/2024,12.8,1,6,False
MA4076004,INIMA USA / AQUARIA LLC,10000,1/29/2025,10.5,0,6,False
MA4076004,INIMA USA / AQUARIA LLC,10000,10/15/2024,10.5,0,6,False
MA4076004,INIMA USA / AQUARIA LLC,10000,4/28/2025,10.5,0,6,False
MA4076004,INIMA USA / AQUARIA LLC,10000,7/24/2024,10.5,0,6,False
MA4082000,DUXBURY WATER DEPARTMENT,1768,1/14/2025,10.5,0,6,False
MA4082000,DUXBURY WATER DEPARTMENT,1768,7/23/2024,14.5,1,6,False
MA4082000,DUXBURY WATER DEPARTMENT,1769,1/14/2025,10.5,0,6,False
MA4082000,DUXBURY WATER DEPARTMENT,1769,9/3/2024,10.5,0,6,False
MA4082000,DUXBURY WATER DEPARTMENT,1771,1/14/2025,10.5,0,6,False
MA4082000,DUXBURY WATER DEPARTMENT,1771,9/3/2024,10.5,0,6,False
MA4082000,DUXBURY WATER DEPARTMENT,1772,1/14/2025,10.5,0,6,False
MA4082000,DUXBURY WATER DEPARTMENT,1772,7/17/2024,10.5,0,6,False
MA4082000,DUXBURY WATER DEPARTMENT,1773,1/14/2025,10.5,0,6,False
MA4082000,DUXBURY WATER DEPARTMENT,1773,5/6/2025,10.5,0,6,False
MA4082000,DUXBURY WATER DEPARTMENT,1773,7/17/2024,21.0,0,6,True
MA4082000,DUXBURY WATER DEPARTMENT,1774,1/14/2025,80.39999999999999,4,6,True
MA4082000,DUXBURY WATER DEPARTMENT,1774,10/8/2024,87.0,4,6,True
MA4082000,DUXBURY WATER DEPARTMENT,1775,1/14/2025,10.5,0,6,False
MA4082000,DUXBURY WATER DEPARTMENT,1775,7/17/2024,10.5,0,6,False
MA4083000,East Bridgewater Water Dept.,10008,3/12/2025,13.3,1,6,False
MA4083000,East Bridgewater Water Dept.,10008,8/11/2025,13.600000000000001,1,6,False
MA4083000,East Bridgewater Water Dept.,1779,1/15/2025,10.5,0,6,False
MA4083000,East Bridgewater Water Dept.,1779,7/9/2025,10.5,0,6,False
MA4086095,TOWN OF EASTHAM,PT10000,10/7/2025,10.5,0,6,False
MA4086095,TOWN OF EASTHAM,PT10000,4/7/2025,10.5,0,6,False
MA4086095,TOWN OF EASTHAM,PT10001,10/7/2025,10.5,0,6,False
MA4086095,TOWN OF EASTHAM,PT10001,4/7/2025,10.5,0,6,False
MA4088000,EASTON WATER DIV,18552,1/18/2023,10.5,0,6,False
MA4088000,EASTON WATER DIV,18552,7/12/2023,10.5,0,6,False
MA4088000,EASTON WATER DIV,90002,7/12/2023,36.9,3,6,True
MA4088000,EASTON WATER DIV,90002,8/6/2024,10.5,0,6,False
MA4088000,EASTON WATER DIV,90003,1/18/2023,14.600000000000001,1,6,False
MA4088000,EASTON WATER DIV,90003,7/12/2023,26.4,2,6,True
MA4088000,EASTON WATER DIV,90004,1/18/2023,15.8,2,6,False
MA4089000,EDGARTOWN WATER DEPARTMENT,10001,1/9/2024,10.5,0,6,False
MA4089000,EDGARTOWN WATER DEPARTMENT,10001,7/17/2024,10.5,0,6,False
MA4089000,EDGARTOWN WATER DEPARTMENT,10002,1/9/2024,10.5,0,6,False
MA4089000,EDGARTOWN WATER DEPARTMENT,10002,7/17/2024,10.5,0,6,False
MA4089000,EDGARTOWN WATER DEPARTMENT,10004,1/9/2024,10.5,0,6,False
MA4089000,EDGARTOWN WATER DEPARTMENT,10004,7/17/2024,10.5,0,6,False
MA4089000,EDGARTOWN WATER DEPARTMENT,10005,1/9/2024,10.5,0,6,False
MA4089000,EDGARTOWN WATER DEPARTMENT,10005,7/17/2024,10.5,0,6,False
MA4089000,EDGARTOWN WATER DEPARTMENT,10020,1/9/2024,10.5,0,6,False
MA4089000,EDGARTOWN WATER DEPARTMENT,10020,7/17/2024,10.5,0,6,False
MA4094000,FAIRHAVEN WATER DEPT,EP001,4/25/2023,10.5,0,6,False
MA4095000,FALL RIVER WATER DEPARTMENT,19237,1/31/2024,10.5,0,6,False
MA4095000,FALL RIVER WATER DEPARTMENT,19237,10/29/2024,10.5,0,6,False
MA4095000,FALL RIVER WATER DEPARTMENT,19237,6/4/2024,10.5,0,6,False
MA4095000,FALL RIVER WATER DEPARTMENT,19237,7/29/2024,10.5,0,6,False
MA4096000,FALMOUTH WATER DEPT,10384,11/18/2024,10.5,0,6,False
MA4096000,FALMOUTH WATER DEPT,10384,4/24/2024,10.5,0,6,False
MA4096000,FALMOUTH WATER DEPT,10384,7/9/2024,10.5,0,6,False
MA4096000,FALMOUTH WATER DEPT,17326,12/5/2023,10.5,0,6,False
MA4096000,FALMOUTH WATER DEPT,17326,3/13/2024,10.5,0,6,False
MA4096000,FALMOUTH WATER DEPT,1811,5/6/2024,10.5,0,6,False
MA4096000,FALMOUTH WATER DEPT,1812,12/12/2023,10.5,0,6,False
MA4096000,FALMOUTH WATER DEPT,1812,3/13/2024,10.5,0,6,False
MA4096000,FALMOUTH WATER DEPT,1812,6/11/2024,10.5,0,6,False
MA4096000,FALMOUTH WATER DEPT,1812,9/21/2023,10.5,0,6,False
MA4096001,OTIS AIR NATIONAL GUARD BASE,10000,2/21/2023,10.5,0,6,False
MA4096001,OTIS AIR NATIONAL GUARD BASE,10000,8/8/2023,10.5,0,6,False
MA4099000,FOXBORO WATER DEPARTMENT,1817,2/11/2025,17.9,2,6,False
MA4099000,FOXBORO WATER DEPARTMENT,1817,9/3/2025,19.5,2,6,False
MA4099000,FOXBORO WATER DEPARTMENT,1824,2/11/2025,16.2,2,6,False
MA4099000,FOXBORO WATER DEPARTMENT,1824,9/3/2025,15.5,2,6,False
MA4099000,FOXBORO WATER DEPARTMENT,6927,2/11/2025,12.7,1,6,False
MA4099000,FOXBORO WATER DEPARTMENT,6927,9/3/2025,16.3,2,6,False
MA4118000,HALIFAX WATER DEPARTMENT,10000,1/10/2024,16.4,2,6,False
MA4118000,HALIFAX WATER DEPARTMENT,10001,1/10/2024,13.1,1,6,False
MA4118000,HALIFAX WATER DEPARTMENT,10002,1/10/2024,10.5,0,6,False
MA4118000,HALIFAX WATER DEPARTMENT,10002,7/9/2024,10.5,0,6,False
MA4118000,HALIFAX WATER DEPARTMENT,10010,1/10/2024,10.5,0,6,False
MA4118000,HALIFAX WATER DEPARTMENT,10010,7/9/2024,10.5,0,6,False
MA4122000,"HANOVER WATER DEPT, MA",15682,4/11/2024,12.9,1,6,False
MA4122000,"HANOVER WATER DEPT, MA",15682,8/22/2023,28.8,3,6,True
MA4122000,"HANOVER WATER DEPT, MA",20748,4/11/2024,10.5,0,6,False
MA4122000,"HANOVER WATER DEPT, MA",20748,8/22/2023,10.5,0,6,False
MA4122000,"HANOVER WATER DEPT, MA",40000,4/11/2024,14.0,1,6,False
MA4122000,"HANOVER WATER DEPT, MA",40000,8/22/2023,13.7,1,6,False
MA4123000,HANSON WATER DEPARTMENT,10028,3/12/2025,13.7,1,6,False
MA4123000,HANSON WATER DEPARTMENT,10028,9/17/2025,16.1,2,6,False
MA4126000,HARWICH WATER DEPARTMENT,10031,11/19/2024,10.5,0,6,False
MA4126000,HARWICH WATER DEPARTMENT,10031,6/26/2025,10.5,0,6,False
MA4126000,HARWICH WATER DEPARTMENT,10032,11/19/2024,10.5,0,6,False
MA4126000,HARWICH WATER DEPARTMENT,10032,6/26/2025,10.5,0,6,False
MA4126000,HARWICH WATER DEPARTMENT,90001A,11/19/2024,10.5,0,6,False
MA4126000,HARWICH WATER DEPARTMENT,90001A,6/26/2025,10.5,0,6,False
MA4126000,HARWICH WATER DEPARTMENT,90004A,11/19/2024,10.5,0,6,False
MA4126000,HARWICH WATER DEPARTMENT,90004A,6/26/2025,10.5,0,6,False
MA4126000,HARWICH WATER DEPARTMENT,90005,11/19/2024,10.5,0,6,False
MA4126000,HARWICH WATER DEPARTMENT,90005,6/26/2025,10.5,0,6,False
MA4131000,WEIR RIVER WATER SYSTEM,EP001,11/6/2024,12.8,1,6,False
MA4131000,WEIR RIVER WATER SYSTEM,EP001,2/26/2025,10.5,0,6,False
MA4131000,WEIR RIVER WATER SYSTEM,EP001,5/21/2025,13.5,1,6,False
MA4131000,WEIR RIVER WATER SYSTEM,EP001,8/18/2025,14.1,1,6,False
MA4131000,WEIR RIVER WATER SYSTEM,EP003,11/6/2024,14.2,1,6,False
MA4131000,WEIR RIVER WATER SYSTEM,EP003,2/26/2025,10.5,0,6,False
MA4131000,WEIR RIVER WATER SYSTEM,EP003,5/21/2025,10.5,0,6,False
MA4131000,WEIR RIVER WATER SYSTEM,EP003,8/18/2025,14.9,1,6,False
MA4133000,HOLBROOK PUBLIC WORKS DEPT,EP001,1/27/2025,21.4,2,6,True
MA4133000,HOLBROOK PUBLIC WORKS DEPT,EP001,10/2/2024,24.7,2,6,True
MA4133000,HOLBROOK PUBLIC WORKS DEPT,EP001,4/28/2025,18.4,2,6,False
MA4133000,HOLBROOK PUBLIC WORKS DEPT,EP001,8/25/2025,25.0,3,6,True
MA4145000,KINGSTON WATER DEPARTMENT,10001,10/28/2024,10.5,0,6,False
MA4145000,KINGSTON WATER DEPARTMENT,10002,10/28/2024,10.5,0,6,False
MA4145000,KINGSTON WATER DEPARTMENT,10004,10/28/2024,10.5,0,6,False
MA4145000,KINGSTON WATER DEPARTMENT,10029,10/28/2024,10.5,0,6,False
MA4145000,KINGSTON WATER DEPARTMENT,10060,10/28/2024,10.5,0,6,False
MA4167000,MANSFIELD WATER DIVISION,10027,3/31/2025,10.5,0,6,False
MA4167000,MANSFIELD WATER DIVISION,10027,9/17/2025,18.6,3,6,False
MA4167000,MANSFIELD WATER DIVISION,1920,4/1/2025,10.5,0,6,False
MA4167000,MANSFIELD WATER DIVISION,1920,9/17/2025,10.5,0,6,False
MA4167000,MANSFIELD WATER DIVISION,1921,3/31/2025,10.5,0,6,False
MA4167000,MANSFIELD WATER DIVISION,1921,9/17/2025,10.5,0,6,False
MA4169000,MARION WATER DIVISION,10016,11/12/2024,10.5,0,6,False
MA4169000,MARION WATER DIVISION,10016,5/14/2024,10.5,0,6,False
MA4171000,MARSHFIELD WATER DEPARTMENT,10001,10/17/2024,10.5,0,6,False
MA4171000,MARSHFIELD WATER DEPARTMENT,10001,3/13/2024,10.5,0,6,False
MA4171000,MARSHFIELD WATER DEPARTMENT,10002,1/29/2025,10.5,0,6,False
MA4171000,MARSHFIELD WATER DEPARTMENT,10002,3/13/2024,10.5,0,6,False
MA4171000,MARSHFIELD WATER DEPARTMENT,10004,1/28/2025,10.5,0,6,False
MA4171000,MARSHFIELD WATER DEPARTMENT,10004,9/5/2024,10.5,0,6,False
MA4171000,MARSHFIELD WATER DEPARTMENT,10005,11/13/2024,10.5,0,6,False
MA4171000,MARSHFIELD WATER DEPARTMENT,10005,7/30/2024,10.5,0,6,False
MA4171000,MARSHFIELD WATER DEPARTMENT,10006,1/28/2025,12.9,1,6,False
MA4171000,MARSHFIELD WATER DEPARTMENT,10006,3/6/2024,13.9,1,6,False
MA4171000,MARSHFIELD WATER DEPARTMENT,10007,1/29/2025,16.8,2,6,False
MA4171000,MARSHFIELD WATER DEPARTMENT,10007,3/6/2024,17.2,2,6,False
MA4171000,MARSHFIELD WATER DEPARTMENT,10009,11/14/2024,10.5,0,6,False
MA4171000,MARSHFIELD WATER DEPARTMENT,10009,3/6/2024,10.5,0,6,False
MA4171000,MARSHFIELD WATER DEPARTMENT,10011,3/13/2024,10.5,0,6,False
MA4171000,MARSHFIELD WATER DEPARTMENT,10012,11/14/2024,10.5,0,6,False
MA4171000,MARSHFIELD WATER DEPARTMENT,10012,3/5/2024,10.5,0,6,False
MA4171000,MARSHFIELD WATER DEPARTMENT,10013,10/16/2024,10.5,0,6,False
MA4171000,MARSHFIELD WATER DEPARTMENT,10013,3/6/2024,10.5,0,6,False
MA4171000,MARSHFIELD WATER DEPARTMENT,10014,10/16/2024,10.5,0,6,False
MA4171000,MARSHFIELD WATER DEPARTMENT,10014,3/6/2024,10.5,0,6,False
MA4171000,MARSHFIELD WATER DEPARTMENT,10015,10/24/2024,13.3,1,6,False
MA4171000,MARSHFIELD WATER DEPARTMENT,10015,6/24/2024,13.8,1,6,False
MA4171000,MARSHFIELD WATER DEPARTMENT,10016,10/16/2024,12.600000000000001,1,6,False
MA4171000,MARSHFIELD WATER DEPARTMENT,10016,6/24/2024,12.7,1,6,False
MA4171000,MARSHFIELD WATER DEPARTMENT,10051,11/13/2024,10.5,0,6,False
MA4171000,MARSHFIELD WATER DEPARTMENT,10051,3/6/2024,10.5,0,6,False
MA4171000,MARSHFIELD WATER DEPARTMENT,10064,12/17/2024,13.1,1,6,False
MA4171000,MARSHFIELD WATER DEPARTMENT,10064,3/13/2024,10.5,0,6,False
MA4171000,MARSHFIELD WATER DEPARTMENT,10067,12/4/2024,10.5,0,6,False
MA4171000,MARSHFIELD WATER DEPARTMENT,10067,3/5/2024,10.5,0,6,False
MA4172039,MASHPEE WATER DISTRICT,10021,12/12/2024,10.5,0,6,False
MA4172039,MASHPEE WATER DISTRICT,10021,6/6/2024,10.5,0,6,False
MA4172039,MASHPEE WATER DISTRICT,15685,12/12/2024,10.5,0,6,False
MA4172039,MASHPEE WATER DISTRICT,15685,6/6/2024,10.5,0,6,False
MA4172039,MASHPEE WATER DISTRICT,15686,12/12/2024,10.5,0,6,False
MA4172039,MASHPEE WATER DISTRICT,15686,6/6/2024,10.5,0,6,False
MA4172039,MASHPEE WATER DISTRICT,15687,12/12/2024,10.5,0,6,False
MA4172039,MASHPEE WATER DISTRICT,15687,6/6/2024,10.5,0,6,False
MA4172039,MASHPEE WATER DISTRICT,15688,12/12/2024,10.5,0,6,False
MA4172039,MASHPEE WATER DISTRICT,15688,6/6/2024,10.5,0,6,False
MA4172039,MASHPEE WATER DISTRICT,15699,12/12/2024,10.5,0,6,False
MA4172039,MASHPEE WATER DISTRICT,15699,6/6/2024,10.5,0,6,False
MA4173000,MATTAPOISETT WATER DEPARTMENT,10012,2/7/2023,10.5,0,6,False
MA4173000,MATTAPOISETT WATER DEPARTMENT,10012,8/7/2023,10.5,0,6,False
MA4173001,MATTAPOISETT RIVER VALLEY W.D.,10000,3/29/2024,10.5,0,6,False
MA4173001,MATTAPOISETT RIVER VALLEY W.D.,10000,9/23/2024,10.5,0,6,False
MA4173001,MATTAPOISETT RIVER VALLEY W.D.,10012,3/29/2024,10.5,0,6,False
MA4182000,MIDDLEBOROUGH WATER SUPPLY,10000,12/10/2024,13.5,1,6,False
MA4182000,MIDDLEBOROUGH WATER SUPPLY,10000,6/2/2025,10.5,0,6,False
MA4182000,MIDDLEBOROUGH WATER SUPPLY,10002,12/10/2024,22.0,3,6,True
MA4182000,MIDDLEBOROUGH WATER SUPPLY,10002,6/2/2025,25.5,4,6,True
MA4182000,MIDDLEBOROUGH WATER SUPPLY,10006,12/10/2024,10.5,0,6,False
MA4182000,MIDDLEBOROUGH WATER SUPPLY,10006,6/2/2025,10.5,0,6,False
MA4182000,MIDDLEBOROUGH WATER SUPPLY,10007,12/10/2024,10.5,0,6,False
MA4182000,MIDDLEBOROUGH WATER SUPPLY,10007,6/2/2025,10.5,0,6,False
MA4182000,MIDDLEBOROUGH WATER SUPPLY,10008,12/10/2024,10.5,0,6,False
MA4182000,MIDDLEBOROUGH WATER SUPPLY,10008,6/2/2025,13.5,1,6,False
MA4182000,MIDDLEBOROUGH WATER SUPPLY,10009,12/10/2024,10.5,0,6,False
MA4182000,MIDDLEBOROUGH WATER SUPPLY,10009,6/2/2025,12.5,1,6,False
MA4182000,MIDDLEBOROUGH WATER SUPPLY,10010,12/10/2024,10.5,0,6,False
MA4182000,MIDDLEBOROUGH WATER SUPPLY,10010,6/2/2025,10.5,0,6,False
MA4182000,MIDDLEBOROUGH WATER SUPPLY,10012,12/10/2024,18.5,2,6,False
MA4182000,MIDDLEBOROUGH WATER SUPPLY,10012,6/2/2025,17.5,2,6,False
MA4182000,MIDDLEBOROUGH WATER SUPPLY,10040,12/10/2024,10.5,0,6,False
MA4182000,MIDDLEBOROUGH WATER SUPPLY,10040,6/2/2025,10.5,0,6,False
MA4182000,MIDDLEBOROUGH WATER SUPPLY,10041,12/10/2024,18.5,2,6,False
MA4182000,MIDDLEBOROUGH WATER SUPPLY,10041,6/2/2025,21.5,2,6,True
MA4197000,WANNACOMET WATER COMPANY,10008,1/28/2025,10.5,0,6,False
MA4197000,WANNACOMET WATER COMPANY,10009,1/28/2025,10.5,0,6,False
MA4197000,WANNACOMET WATER COMPANY,10010,2/11/2025,10.5,0,6,False
MA4201000,CITY OF NEW BEDFORD DPI,2005,11/6/2024,10.5,0,6,False
MA4201000,CITY OF NEW BEDFORD DPI,2005,2/7/2024,10.5,0,6,False
MA4201000,CITY OF NEW BEDFORD DPI,2005,5/23/2024,10.5,0,6,False
MA4201000,CITY OF NEW BEDFORD DPI,2005,8/7/2024,10.5,0,6,False
MA4211000,NORTH ATTLEBORO WATER DEPT,15690,10/17/2024,20.5,2,6,True
MA4211000,NORTH ATTLEBORO WATER DEPT,15690,4/17/2024,21.0,3,6,True
MA4211000,NORTH ATTLEBORO WATER DEPT,15691,10/17/2024,26.5,4,6,True
MA4211000,NORTH ATTLEBORO WATER DEPT,15691,4/17/2024,20.0,3,6,False
MA4211000,NORTH ATTLEBORO WATER DEPT,15692,10/17/2024,27.0,3,6,True
MA4211000,NORTH ATTLEBORO WATER DEPT,15692,4/17/2024,19.0,3,6,False
MA4211000,NORTH ATTLEBORO WATER DEPT,2016,10/17/2024,10.5,0,6,False
MA4211000,NORTH ATTLEBORO WATER DEPT,2016,4/17/2024,10.5,0,6,False
MA4218000,NORTON WATER DEPARTMENT,2018,2/7/2024,19.0,2,6,False
MA4218000,NORTON WATER DEPARTMENT,2018,8/15/2023,23.6,4,6,True
MA4218000,NORTON WATER DEPARTMENT,2019,2/7/2024,10.5,0,6,False
MA4218000,NORTON WATER DEPARTMENT,2019,8/15/2023,10.5,0,6,False
MA4218000,NORTON WATER DEPARTMENT,2020,2/7/2024,15.4,1,6,False
MA4218000,NORTON WATER DEPARTMENT,2020,8/15/2023,13.2,1,6,False
MA4219000,NORWELL WATER DEPARTMENT,GSTF1,2/26/2024,10.5,0,6,False
MA4219000,NORWELL WATER DEPARTMENT,GSTF1,8/28/2023,13.3,1,6,False
MA4219000,NORWELL WATER DEPARTMENT,SSTF1,2/26/2024,18.5,2,6,False
MA4219000,NORWELL WATER DEPARTMENT,SSTF1,9/20/2023,37.0,3,6,True
MA4219000,NORWELL WATER DEPARTMENT,WSTF1,2/26/2024,24.8,3,6,True
MA4219000,NORWELL WATER DEPARTMENT,WSTF1,8/28/2023,28.2,3,6,True
MA4220000,NORWOOD WATER DEPT. (MWRA),EP001,1/10/2024,10.5,0,6,False
MA4220000,NORWOOD WATER DEPT. (MWRA),EP001,10/16/2024,10.5,0,6,False
MA4220000,NORWOOD WATER DEPT. (MWRA),EP001,4/22/2024,10.5,0,6,False
MA4220000,NORWOOD WATER DEPT. (MWRA),EP001,7/8/2024,10.5,0,6,False
MA4221000,OAK BLUFFS WATER DISTRICT,EP001,12/13/2023,10.5,0,6,False
MA4221000,OAK BLUFFS WATER DISTRICT,EP001,6/21/2023,10.5,0,6,False
MA4221000,OAK BLUFFS WATER DISTRICT,EP002,12/13/2023,10.5,0,6,False
MA4221000,OAK BLUFFS WATER DISTRICT,EP002,6/21/2023,10.5,0,6,False
MA4221000,OAK BLUFFS WATER DISTRICT,EP003,12/13/2023,10.5,0,6,False
MA4221000,OAK BLUFFS WATER DISTRICT,EP003,6/21/2023,10.5,0,6,False
MA4221000,OAK BLUFFS WATER DISTRICT,EP004,12/13/2023,10.5,0,6,False
MA4221000,OAK BLUFFS WATER DISTRICT,EP004,6/21/2023,10.5,0,6,False
MA4221000,OAK BLUFFS WATER DISTRICT,EP005,12/13/2023,10.5,0,6,False
MA4221000,OAK BLUFFS WATER DISTRICT,EP005,6/21/2023,10.5,0,6,False
MA4224000,ORLEANS WATER DEPARTMENT,EP001,2/12/2025,10.5,0,6,False
MA4224000,ORLEANS WATER DEPARTMENT,EP001,8/7/2024,10.5,0,6,False
MA4224000,ORLEANS WATER DEPARTMENT,EP006,2/12/2025,10.5,0,6,False
MA4224000,ORLEANS WATER DEPARTMENT,EP006,8/7/2024,10.5,0,6,False
MA4231000,PEMBROKE WATER DIVISION DPW,2075,2/21/2024,10.5,0,6,False
MA4231000,PEMBROKE WATER DIVISION DPW,2075,8/12/2024,10.5,0,6,False
MA4231000,PEMBROKE WATER DIVISION DPW,2076,2/21/2024,10.5,0,6,False
MA4231000,PEMBROKE WATER DIVISION DPW,2076,9/30/2024,10.5,0,6,False
MA4231000,PEMBROKE WATER DIVISION DPW,2077,2/21/2024,10.5,0,6,False
MA4231000,PEMBROKE WATER DIVISION DPW,2077,8/12/2024,10.5,0,6,False
MA4238000,PLAINVILLE WATER DEPARTMENT,10005,11/8/2023,16.7,2,6,False
MA4238000,PLAINVILLE WATER DEPARTMENT,10005,2/13/2023,14.0,1,6,False
MA4238000,PLAINVILLE WATER DEPARTMENT,10005,5/1/2023,13.1,1,6,False
MA4238000,PLAINVILLE WATER DEPARTMENT,10005,8/9/2023,13.600000000000001,1,6,False
MA4238000,PLAINVILLE WATER DEPARTMENT,10024,11/8/2023,10.5,0,6,False
MA4238000,PLAINVILLE WATER DEPARTMENT,10024,2/13/2023,10.5,0,6,False
MA4238000,PLAINVILLE WATER DEPARTMENT,10024,5/1/2023,10.5,0,6,False
MA4238000,PLAINVILLE WATER DEPARTMENT,10024,8/9/2023,10.5,0,6,False
MA4239000,"PLYMOUTH WATER DEPARTMENT, MA",03G,2/22/2024,10.5,0,6,False
MA4239000,"PLYMOUTH WATER DEPARTMENT, MA",03G,8/9/2023,10.5,0,6,False
MA4239000,"PLYMOUTH WATER DEPARTMENT, MA",04G,2/22/2024,10.5,0,6,False
MA4239000,"PLYMOUTH WATER DEPARTMENT, MA",04G,8/9/2023,10.5,0,6,False
MA4239000,"PLYMOUTH WATER DEPARTMENT, MA",05G,5/23/2024,10.5,0,6,False
MA4239000,"PLYMOUTH WATER DEPARTMENT, MA",05G,8/9/2023,10.5,0,6,False
MA4239000,"PLYMOUTH WATER DEPARTMENT, MA",06G,3/26/2024,10.5,0,6,False
MA4239000,"PLYMOUTH WATER DEPARTMENT, MA",06G,8/9/2023,10.5,0,6,False
MA4239000,"PLYMOUTH WATER DEPARTMENT, MA",07G,7/30/2024,10.5,0,6,False
MA4239000,"PLYMOUTH WATER DEPARTMENT, MA",07G,8/9/2023,10.5,0,6,False
MA4239000,"PLYMOUTH WATER DEPARTMENT, MA",08G,5/23/2024,10.5,0,6,False
MA4239000,"PLYMOUTH WATER DEPARTMENT, MA",08G,8/9/2023,10.5,0,6,False
MA4239000,"PLYMOUTH WATER DEPARTMENT, MA",09G,4/4/2024,10.5,0,6,False
MA4239000,"PLYMOUTH WATER DEPARTMENT, MA",09G,8/9/2023,10.5,0,6,False
MA4239000,"PLYMOUTH WATER DEPARTMENT, MA",11G,2/22/2024,10.5,0,6,False
MA4239000,"PLYMOUTH WATER DEPARTMENT, MA",11G,8/9/2023,10.5,0,6,False
MA4239000,"PLYMOUTH WATER DEPARTMENT, MA",13G,2/22/2024,10.5,0,6,False
MA4239000,"PLYMOUTH WATER DEPARTMENT, MA",13G,8/9/2023,10.5,0,6,False
MA4239000,"PLYMOUTH WATER DEPARTMENT, MA",14G,4/4/2024,10.5,0,6,False
MA4239000,"PLYMOUTH WATER DEPARTMENT, MA",14G,8/9/2023,10.5,0,6,False
MA4239000,"PLYMOUTH WATER DEPARTMENT, MA",15G,2/22/2024,10.5,0,6,False
MA4239000,"PLYMOUTH WATER DEPARTMENT, MA",15G,8/9/2023,10.5,0,6,False
MA4239055,"PINEHILLS WATER COMPANY, INC.",10000,11/13/2023,10.5,0,6,False
MA4239055,"PINEHILLS WATER COMPANY, INC.",10000,5/29/2023,10.5,0,6,False
MA4242000,PROVINCETOWN WATER DEPARTMENT,10360,10/18/2023,10.5,0,6,False
MA4242000,PROVINCETOWN WATER DEPARTMENT,10360,4/10/2024,10.5,0,6,False
MA4242000,PROVINCETOWN WATER DEPARTMENT,EP002,10/18/2023,10.5,0,6,False
MA4242000,PROVINCETOWN WATER DEPARTMENT,EP002,4/10/2024,10.5,0,6,False
MA4244000,RANDOLPH WATER DEPARTMENT,EP001,1/16/2024,21.6,2,6,True
MA4244000,RANDOLPH WATER DEPARTMENT,EP001,10/2/2023,24.8,2,6,True
MA4244000,RANDOLPH WATER DEPARTMENT,EP001,7/10/2023,26.3,3,6,True
MA4244000,RANDOLPH WATER DEPARTMENT,EP001,8/12/2024,26.3,2,6,True
MA4245000,RAYNHAM CENTER WATER DISTRICT,10011,2/20/2025,10.5,0,6,False
MA4245000,RAYNHAM CENTER WATER DISTRICT,10011,8/11/2025,12.2,1,6,False
MA4245000,RAYNHAM CENTER WATER DISTRICT,10031,2/20/2025,13.8,1,6,False
MA4245000,RAYNHAM CENTER WATER DISTRICT,10031,8/11/2025,128.4,2,6,True
MA4245000,RAYNHAM CENTER WATER DISTRICT,10033,2/20/2025,10.5,0,6,False
MA4245000,RAYNHAM CENTER WATER DISTRICT,10033,8/11/2025,13.1,1,6,False
MA4245002,NORTH RAYNHAM WATER DISTRICT,10003,12/3/2024,10.5,0,6,False
MA4245002,NORTH RAYNHAM WATER DISTRICT,10003,6/12/2024,10.5,0,6,False
MA4245002,NORTH RAYNHAM WATER DISTRICT,10007,12/3/2024,10.5,0,6,False
MA4245002,NORTH RAYNHAM WATER DISTRICT,10007,6/12/2024,10.5,0,6,False
MA4261000,SANDWICH WATER DISTRICT,10004,10/9/2024,10.5,0,6,False
MA4261000,SANDWICH WATER DISTRICT,10004,7/10/2024,10.5,0,6,False
MA4261000,SANDWICH WATER DISTRICT,10006,10/9/2024,10.5,0,6,False
MA4261000,SANDWICH WATER DISTRICT,10006,4/3/2024,10.5,0,6,False
MA4261000,SANDWICH WATER DISTRICT,17487,10/8/2024,10.5,0,6,False
MA4261000,SANDWICH WATER DISTRICT,17487,4/8/2024,10.5,0,6,False
MA4261000,SANDWICH WATER DISTRICT,20785,10/9/2024,10.5,0,6,False
MA4261000,SANDWICH WATER DISTRICT,20785,4/5/2024,10.5,0,6,False
MA4261000,SANDWICH WATER DISTRICT,2139,10/10/2024,10.5,0,6,False
MA4261000,SANDWICH WATER DISTRICT,2139,4/9/2024,10.5,0,6,False
MA4261000,SANDWICH WATER DISTRICT,2147,10/10/2024,10.5,0,6,False
MA4261000,SANDWICH WATER DISTRICT,2147,4/8/2024,10.5,0,6,False
MA4261000,SANDWICH WATER DISTRICT,22108,10/7/2024,21.0,0,6,True
MA4261000,SANDWICH WATER DISTRICT,22108,4/4/2024,10.5,0,6,False
MA4261000,SANDWICH WATER DISTRICT,22108,5/13/2024,10.5,0,6,False
MA4261000,SANDWICH WATER DISTRICT,U10147,10/8/2024,10.5,0,6,False
MA4261000,SANDWICH WATER DISTRICT,U10147,5/13/2024,10.5,0,6,False
MA4261000,SANDWICH WATER DISTRICT,U90001,2/5/2025,10.5,0,6,False
MA4261000,SANDWICH WATER DISTRICT,U90001,4/9/2024,10.5,0,6,False
MA4261024,UPPER CAPE REGIONAL WATER COOPERATIVE,90001,12/2/2024,10.5,0,6,False
MA4261024,UPPER CAPE REGIONAL WATER COOPERATIVE,90001,6/9/2025,10.5,0,6,False
MA4261024,UPPER CAPE REGIONAL WATER COOPERATIVE,90002,12/2/2024,10.5,0,6,False
MA4261024,UPPER CAPE REGIONAL WATER COOPERATIVE,90003,12/2/2024,10.5,0,6,False
MA4261024,UPPER CAPE REGIONAL WATER COOPERATIVE,90003,6/2/2025,10.5,0,6,False
MA4264000,SCITUATE WATER DIVISION,10399,2/28/2023,10.5,0,6,False
MA4264000,SCITUATE WATER DIVISION,10399,8/23/2023,10.5,0,6,False
MA4264000,SCITUATE WATER DIVISION,21026,2/28/2023,10.5,0,6,False
MA4264000,SCITUATE WATER DIVISION,21026,8/23/2023,10.5,0,6,False
MA4264000,SCITUATE WATER DIVISION,2159,11/16/2023,13.8,1,6,False
MA4264000,SCITUATE WATER DIVISION,2159,2/28/2023,10.5,0,6,False
MA4264000,SCITUATE WATER DIVISION,2159,5/25/2023,10.5,0,6,False
MA4264000,SCITUATE WATER DIVISION,2159,9/7/2023,10.5,0,6,False
MA4264000,SCITUATE WATER DIVISION,4337,2/28/2023,17.7,2,6,False
MA4264000,SCITUATE WATER DIVISION,4337,8/23/2023,16.9,2,6,False
MA4265000,SEEKONK WATER DISTRICT,SP101,3/4/2024,12.7,1,6,False
MA4265000,SEEKONK WATER DISTRICT,SP101,9/9/2024,13.5,1,6,False
MA4266000,SHARON WATER DEPT,2178,11/18/2024,15.600000000000001,1,6,False
MA4266000,SHARON WATER DEPT,2178,5/21/2025,15.3,1,6,False
MA4266000,SHARON WATER DEPT,2179,11/18/2024,10.5,0,6,False
MA4266000,SHARON WATER DEPT,2179,5/21/2025,10.5,0,6,False
MA4266000,SHARON WATER DEPT,2180,11/18/2024,16.9,2,6,False
MA4266000,SHARON WATER DEPT,2180,5/21/2025,10.5,0,6,False
MA4266000,SHARON WATER DEPT,2181,11/18/2024,14.1,1,6,False
MA4266000,SHARON WATER DEPT,2181,5/21/2025,10.5,0,6,False
MA4266000,SHARON WATER DEPT,2182,11/18/2024,57.1,3,6,True
MA4266000,SHARON WATER DEPT,2182,5/21/2025,30.2,3,6,True
MA4266000,SHARON WATER DEPT,2183,11/18/2024,10.5,0,6,False
MA4266000,SHARON WATER DEPT,2183,5/21/2025,10.5,0,6,False
MA4273000,SOMERSET WATER DEPARTMENT,2187,12/9/2024,10.5,0,6,False
MA4273000,SOMERSET WATER DEPARTMENT,2187,3/3/2025,10.5,0,6,False
MA4273000,SOMERSET WATER DEPARTMENT,2187,6/2/2025,10.5,0,6,False
MA4273000,SOMERSET WATER DEPARTMENT,2187,9/15/2025,10.5,0,6,False
MA4285000,STOUGHTON WATER DEPARTMENT,EP004,9/4/2025,10.5,0,6,False
MA4285000,STOUGHTON WATER DEPARTMENT,EP005,9/4/2025,18.6,2,6,False
MA4285000,STOUGHTON WATER DEPARTMENT,EP006,9/4/2025,15.700000000000001,2,6,False
MA4285000,STOUGHTON WATER DEPARTMENT,EP007,9/4/2025,18.7,2,6,False
MA4285000,STOUGHTON WATER DEPARTMENT,EP008,9/4/2025,14.399999999999999,1,6,False
MA4292000,SWANSEA WATER DISTRICT,17822,7/20/2023,13.2,1,6,False
MA4292000,SWANSEA WATER DISTRICT,17822,8/5/2024,16.7,1,6,False
MA4292000,SWANSEA WATER DISTRICT,2202,7/20/2023,12.7,1,6,False
MA4292000,SWANSEA WATER DISTRICT,2202,8/5/2024,10.5,0,6,False
MA4292000,SWANSEA WATER DISTRICT,2204,1/11/2023,10.5,0,6,False
MA4292000,SWANSEA WATER DISTRICT,2204,10/30/2023,12.9,1,6,False
MA4292000,SWANSEA WATER DISTRICT,2204,4/12/2023,10.5,0,6,False
MA4292000,SWANSEA WATER DISTRICT,2204,7/20/2023,13.600000000000001,1,6,False
MA4292000,SWANSEA WATER DISTRICT,EP001,1/11/2023,10.5,0,6,False
MA4292000,SWANSEA WATER DISTRICT,EP001,10/30/2023,10.5,0,6,False
MA4292000,SWANSEA WATER DISTRICT,EP001,4/12/2023,10.5,0,6,False
MA4292000,SWANSEA WATER DISTRICT,EP001,7/20/2023,10.5,0,6,False
MA4293000,TAUNTON WATER DIVISION,2216,1/30/2023,10.5,0,6,False
MA4293000,TAUNTON WATER DIVISION,2216,3/11/2024,10.5,0,6,False
MA4293000,TAUNTON WATER DIVISION,2216,4/12/2023,10.5,0,6,False
MA4293000,TAUNTON WATER DIVISION,2216,7/17/2023,10.5,0,6,False
MA4296000,TISBURY WATER WORKS,10001,3/12/2024,10.5,0,6,False
MA4296000,TISBURY WATER WORKS,10001,9/18/2024,10.5,0,6,False
MA4296000,TISBURY WATER WORKS,10002,3/12/2024,10.5,0,6,False
MA4296000,TISBURY WATER WORKS,10002,9/18/2024,10.5,0,6,False
MA4296000,TISBURY WATER WORKS,10028,3/12/2024,10.5,0,6,False
MA4296000,TISBURY WATER WORKS,10028,9/18/2024,10.5,0,6,False
MA4307000,WALPOLE WATER DEPT,10354,3/11/2024,10.5,0,6,False
MA4307000,WALPOLE WATER DEPT,10354,8/14/2023,10.5,0,6,False
MA4307000,WALPOLE WATER DEPT,10355,2/7/2024,16.0,3,6,False
MA4307000,WALPOLE WATER DEPT,10355,8/14/2023,16.0,3,6,False
MA4310000,WAREHAM FIRE DISTRICT,10034,1/13/2025,10.5,0,6,False
MA4310000,WAREHAM FIRE DISTRICT,10034,7/1/2024,10.5,0,6,False
MA4310000,WAREHAM FIRE DISTRICT,10035,1/13/2025,10.5,0,6,False
MA4310000,WAREHAM FIRE DISTRICT,10035,7/1/2024,10.5,0,6,False
MA4310003,ONSET FIRE DISTRICT,10400,6/24/2025,15.600000000000001,1,6,False
MA4310003,ONSET FIRE DISTRICT,10401,6/24/2025,10.5,0,6,False
MA4310003,ONSET FIRE DISTRICT,10402,6/24/2025,10.5,0,6,False
MA4310003,ONSET FIRE DISTRICT,10405,6/24/2025,10.5,0,6,False
MA4322000,WEST BRIDGEWATER WATER DEPT,10007,12/2/2024,13.5,1,6,False
MA4322000,WEST BRIDGEWATER WATER DEPT,10007,6/10/2024,10.5,0,6,False
MA4322000,WEST BRIDGEWATER WATER DEPT,10024,12/2/2024,12.600000000000001,1,6,False
MA4322000,WEST BRIDGEWATER WATER DEPT,10024,6/10/2024,10.5,0,6,False
MA4322000,WEST BRIDGEWATER WATER DEPT,10028,12/2/2024,14.0,1,6,False
MA4322000,WEST BRIDGEWATER WATER DEPT,10028,6/10/2024,10.5,0,6,False
MA4322000,WEST BRIDGEWATER WATER DEPT,10029,12/2/2024,10.5,0,6,False
MA4322000,WEST BRIDGEWATER WATER DEPT,10029,6/10/2024,10.5,0,6,False
MA4336000,WEYMOUTH WATER DEPARTMENT,EP002,11/12/2024,10.5,0,6,False
MA4336000,WEYMOUTH WATER DEPARTMENT,EP002,5/20/2024,10.5,0,6,False
MA4336000,WEYMOUTH WATER DEPARTMENT,EP005,11/12/2024,10.5,0,6,False
MA4336000,WEYMOUTH WATER DEPARTMENT,EP005,2/11/2025,10.5,0,6,False
MA4336000,WEYMOUTH WATER DEPARTMENT,EP005,5/13/2024,10.5,0,6,False
MA4336000,WEYMOUTH WATER DEPARTMENT,EP005,8/29/2024,10.5,0,6,False
MA4338000,WHITMAN WATER SYSTEM,EP001,11/12/2024,10.5,0,6,False
MA4338000,WHITMAN WATER SYSTEM,EP001,2/21/2024,10.5,0,6,False
MA4338000,WHITMAN WATER SYSTEM,EP001,5/22/2024,10.5,0,6,False
MA4338000,WHITMAN WATER SYSTEM,EP001,8/1/2024,10.5,0,6,False
MA4350000,WRENTHAM WATER DIVISION,EP1,2/7/2024,10.5,0,6,False
MA4350000,WRENTHAM WATER DIVISION,EP1,8/17/2023,10.5,0,6,False
MA4350000,WRENTHAM WATER DIVISION,EP2,2/7/2024,10.5,0,6,False
MA4350000,WRENTHAM WATER DIVISION,EP2,8/17/2023,16.6,2,6,False
MA4350000,WRENTHAM WATER DIVISION,EP3,2/7/2024,10.5,0,6,False
MA4350000,WRENTHAM WATER DIVISION,EP3,8/17/2023,12.8,1,6,False
MA4351000,YARMOUTH WATER DEPARTMENT,10000,1/14/2025,10.5,0,6,False
MA4351000,YARMOUTH WATER DEPARTMENT,10000,7/24/2025,10.5,0,6,False
MA4351000,YARMOUTH WATER DEPARTMENT,10003,1/13/2025,10.5,0,6,False
MA4351000,YARMOUTH WATER DEPARTMENT,10003,7/23/2025,10.5,0,6,False
MA4351000,YARMOUTH WATER DEPARTMENT,10004,1/13/2025,10.5,0,6,False
MA4351000,YARMOUTH WATER DEPARTMENT,10004,7/23/2025,10.5,0,6,False
MA4351000,YARMOUTH WATER DEPARTMENT,10007,1/13/2025,10.5,0,6,False
MA4351000,YARMOUTH WATER DEPARTMENT,10007,7/23/2025,10.5,0,6,False
MA4351000,YARMOUTH WATER DEPARTMENT,10010,1/13/2025,10.5,0,6,False
MA4351000,YARMOUTH WATER DEPARTMENT,10010,7/29/2025,10.5,0,6,False
MA4351000,YARMOUTH WATER DEPARTMENT,10012,1/14/2025,12.4,1,6,False
MA4351000,YARMOUTH WATER DEPARTMENT,10012,7/24/2025,16.7,1,6,False
MA4351000,YARMOUTH WATER DEPARTMENT,10015,1/15/2025,10.5,0,6,False
MA4351000,YARMOUTH WATER DEPARTMENT,10015,7/24/2025,10.5,0,6,False
MA4351000,YARMOUTH WATER DEPARTMENT,10016,1/22/2025,10.5,0,6,False
MA4351000,YARMOUTH WATER DEPARTMENT,10016,7/24/2025,10.5,0,6,False
MA4351000,YARMOUTH WATER DEPARTMENT,10023,3/19/2025,10.5,0,6,False
MA4351000,YARMOUTH WATER DEPARTMENT,10023,7/29/2025,10.5,0,6,False
MA4351000,YARMOUTH WATER DEPARTMENT,10024,1/14/2025,12.1,1,6,False
MA4351000,YARMOUTH WATER DEPARTMENT,10024,7/24/2025,12.1,1,6,False
MA4351000,YARMOUTH WATER DEPARTMENT,10026,2/12/2025,10.5,0,6,False
MA4351000,YARMOUTH WATER DEPARTMENT,10026,7/29/2025,10.5,0,6,False
MA4351000,YARMOUTH WATER DEPARTMENT,10027,1/14/2025,10.5,0,6,False
MA4351000,YARMOUTH WATER DEPARTMENT,10027,7/29/2025,10.5,0,6,False
MA4351000,YARMOUTH WATER DEPARTMENT,10028,1/14/2025,10.5,0,6,False
MA4351000,YARMOUTH WATER DEPARTMENT,10028,7/29/2025,10.5,0,6,False
MA4351000,YARMOUTH WATER DEPARTMENT,10029,1/22/2025,10.5,0,6,False
MA4351000,YARMOUTH WATER DEPARTMENT,10029,7/23/2025,10.5,0,6,False
MA4351000,YARMOUTH WATER DEPARTMENT,10030,1/13/2025,10.5,0,6,False
MA4351000,YARMOUTH WATER DEPARTMENT,10030,7/29/2025,10.5,0,6,False
