PWSID,pws_name,SITE_NAME,TOWN,latitude,longitude,in_ucmr5,pfas_detected,max_pfoa_ppt,max_pfos_ppt,max_pfas6_sum_ppt,ever_exceeded_federal_mcl,ever_exceeded_ma_mmcl,predicted_risk_score,risk_category,dist_airport_km,dist_military_km,dist_landfill_km,dist_industrial_km,dist_wwtp_km,landfills_within_5km,industrial_within_5km,is_groundwater,is_mwra,source_type,serves_ej_community,ej_area_fraction,any_income,any_minority,any_english
MA1004000,ADAMS FIRE DISTRICT,CHESHIRE HARBOR 4,ADAMS,42.58874648637144,-73.14108095046403,True,False,,,10.5,False,False,,,11.201063866502036,59.144526518087375,3.1769010296482536,4.232891414198597,4.274754505346381,2,3,True,False,GW,True,0.7561958224459691,True,False,False
MA1004001,,DCR MT GREYLOCK STATE RESERVATION,ADAMS,42.55372083015556,-73.21275230077437,False,,,,,,,0.2009315301169116,Low,6.5808483837765825,60.113134725455495,3.7075752429008704,4.017864104934291,4.30158075839657,3,3,False,False,TNC,False,0.0,False,False,False
MA1005001,,ST ANNE COUNTRY CLUB INC,AGAWAM,42.051029377450334,-72.6648484890565,False,,,,,,,0.3873385240361436,Moderate,1.2943565145084874,12.571941711528634,4.631578708363793,0.6769694930085831,2.71490430619368,1,8,False,False,TNC,False,0.0,False,False,False
MA1006001,,ALFORD SCHOOL,ALFORD,42.236511373612245,-73.41360472401637,False,,,,,,,0.0516798562061387,Low,5.873570781707455,58.33281533193115,2.6009524539219737,11.39625032494886,5.530915367694946,1,0,False,False,NTNC,False,0.0,False,False,False
MA1008000,AMHERST DPW  WATER DIVISION,WELL #6 (07G),AMHERST,42.32228282364069,-72.46843103044229,True,False,,,10.5,False,False,,,4.2653783595523205,14.405411825392834,1.0154559595731771,4.427615857515765,5.18972440128267,3,1,True,False,GW,True,0.6883918401693706,True,True,False
MA1008006,,DCR NOTCH VISITORS CENTER,AMHERST,42.30569860829249,-72.52762910809248,False,,,,,,,0.1565464656570666,Low,6.880291414545191,12.406530073735121,6.497399049809857,5.92733842773946,6.081307945882048,0,0,False,False,TNC,False,0.0,False,False,False
MA1013000,,WELL #1 (01G),ASHFIELD,42.53791553623146,-72.8179352525288,False,,,,,,,0.0090768050220408,Low,18.738409385223438,42.32011270385553,1.9305880638017106,15.58421172731766,1.4310158956308707,2,0,True,False,GW,False,0.0,False,False,False
MA1013001,,SANDERSON ACADEMY,ASHFIELD,42.508426461062356,-72.81402586061287,False,,,,,,,0.0045373210708381,Low,16.284867835981874,39.78711378192345,4.878641252225637,17.107149273913688,2.74038091586788,1,0,False,False,NTNC,False,0.0,False,False,False
MA1013002,,EDGE HILL GOLF COURSE,ASHFIELD,42.551134314871746,-72.78213502296332,False,,,,,,,0.0068673240751351,Low,21.671168692292444,44.03594913732905,1.7592201555243092,12.863961291561715,2.778176392682027,2,0,False,False,TNC,False,0.0,False,False,False
MA1013004,,DOUBLE EDGE THEATRE,ASHFIELD,42.5177941968743,-72.78020560950195,False,,,,,,,0.0049360069608483,Low,18.837455069878054,40.34300824408641,4.2218789244700465,14.552058342937073,1.4752717162633087,1,0,False,False,TNC,False,0.0,False,False,False
MA1015000,ATHOL DPW  WATER DIVISION,SOUTH STREET GRAVEL PACKED WELL,ATHOL,42.58923260073909,-72.23990923033763,True,False,,,10.5,False,False,,,2.5815815884497484,46.60940091097321,1.9854875205357136,0.2044120737867095,1.295885805371504,3,4,True,False,GW,True,0.26777641726992246,True,False,False
MA1015001,,ADAMS FARM SLAUGHTERHOUSE LLC,ATHOL,42.594825319379844,-72.19947702217277,False,,,,,,,0.2710874942621428,Moderate,1.3715952875535062,48.51063955424272,3.628374778676085,2.224511626976872,2.090125867508374,2,3,False,False,NTNC,False,0.0,False,False,False
MA1015002,,MORGAN MEMORIAL FRESH AIR CAMP,ATHOL,42.531086810926716,-72.26126261070223,False,,,,,,,0.2709019442429473,Moderate,4.671157912517776,42.95737546051859,6.170613678143722,3.9764720761811048,6.767517952184373,0,1,False,False,TNC,False,0.0,False,False,False
MA1015004,,SMALL WONDERS PRESCHOOL CENTER,ATHOL,42.61417401645851,-72.2194161934854,False,,,,,,,0.2481635297936356,Low,3.381521608167099,50.42537147122567,1.0602423585944662,2.1957026627450764,2.6846225655666665,2,4,False,False,TNC,False,0.0,False,False,False
MA1015006,,WELL #1,ATHOL,42.5828488010588,-72.18177962452596,False,,,,,,,0.3814352016605973,Moderate,2.2489180295516227,46.92567564685815,5.598033746685364,3.9219706666236527,3.576815278697442,0,2,True,False,GW,True,1.0,True,False,False
MA1022001,,BECKET ROUTE 20 SPRING,BECKET,42.270624712505786,-73.00184858571482,False,,,,,,,0.1599057655869334,Low,5.639912054131725,26.77402204986977,2.480024000622529,10.987112342023943,10.811421064845852,4,0,False,False,TNC,False,0.0,False,False,False
MA1022002,,THE NEON NEWT,BECKET,42.33189388682274,-73.08454639944539,False,,,,,,,0.1311860935301675,Low,4.669015998601792,36.09122873102549,0.5558225361348564,12.990735284187142,12.75299641789705,2,0,False,False,TNC,False,0.0,False,False,False
MA1022004,,PAPA BOBS LLC,BECKET,42.26403335163529,-73.04796584362448,False,,,,,,,0.0446044990331771,Low,5.942207444599602,29.896518189273042,0.8035172583703787,14.421086832615375,8.07948267765406,2,0,False,False,TNC,False,0.0,False,False,False
MA1022006,,CAMP WATITOH,BECKET,42.307368819656425,-73.07027347342631,False,,,,,,,0.104091534825802,Low,3.3045034514612204,33.68338864779707,2.0083085760548363,14.49245354576599,12.103683742732754,2,0,False,False,TNC,False,0.0,False,False,False
MA1022009,,CAMP LENOX,BECKET,42.24870069420488,-73.12000046945188,False,,,,,,,0.0370947350521096,Low,10.43545411794479,34.913405529149074,2.094045864535813,11.836819763481007,5.837727776990678,2,0,False,False,TNC,False,0.0,False,False,False
MA1022010,,SHERWOOD SHOPPE,BECKET,42.254096730891405,-73.0631408493261,False,,,,,,,0.0255545612152365,Low,7.360852659496545,30.651492339323607,1.514109295948728,15.455504386001762,6.542920283866516,2,0,False,False,TNC,False,0.0,False,False,False
MA1022011,,BECKET WASHINGTON SCHOOL,BECKET,42.33110781688896,-73.08249808179332,False,,,,,,,0.1316775120489118,Low,4.479850532182345,35.901875562552384,0.7250147432123754,13.162099071548887,12.867124285382673,2,0,False,False,NTNC,False,0.0,False,False,False
MA1022013,,BERKSHIRE BERRIES,BECKET,42.26442694923226,-73.0725097236794,False,,,,,,,0.0374788237053433,Low,6.650819541623337,31.784910235861588,2.393165424108156,15.018108209609423,7.3904180849807855,3,0,False,False,TNC,False,0.0,False,False,False
MA1022015,,CAMP GREYLOCK,BECKET,42.30019101431427,-73.0659606972057,False,,,,,,,0.0906500776292546,Low,2.8828927939876343,32.587172200427915,1.378032688347404,15.025664691122042,11.256954144255879,3,0,False,False,TNC,False,0.0,False,False,False
MA1022017,,CHIMNEY CORNERS CAMP,BECKET,42.2767373667145,-73.07001178626001,False,,,,,,,0.0517039430022721,Low,4.831400288119004,32.128601934787795,0.9411257008968503,14.658410426631546,8.72372007699846,2,0,False,False,TNC,False,0.0,False,False,False
MA1022019,,YMCA CAMP BECKET,BECKET,42.289681407946794,-73.08016975130022,False,,,,,,,0.0779533167157622,Low,4.439861768432742,33.347863320376106,0.19138667898815345,14.047037181634764,10.044801998280551,3,0,False,False,TNC,False,0.0,False,False,False
MA1022020,,BECKET MOTEL,BECKET,42.264329482543694,-73.04820814788451,False,,,,,,,0.0446481422703866,Low,5.914621258261834,29.927833321080122,0.8407512475399217,14.447928728074201,8.099175470794684,2,0,False,False,TNC,False,0.0,False,False,False
MA1022021,,BONNIE RIGG CAMPING CLUB INC,BECKET,42.26792533393653,-73.05497738602025,False,,,,,,,0.0431129538508686,Low,5.687175564272959,30.20413322813434,1.0361092250862292,14.721177351401872,8.074420975103822,2,0,False,False,TNC,False,0.0,False,False,False
MA1022022,,BECKET COUNTRY STORE,BECKET,42.27832710470812,-73.05942215473901,False,,,,,,,0.0461474292885862,Low,4.776097198830932,31.408197427440392,2.020210090150002,15.752860510870976,9.173409382246199,2,0,False,False,TNC,False,0.0,False,False,False
MA1022026,,JACOBS PILLOW DANCE FESTIVAL,BECKET,42.26354684302438,-73.11796103718889,False,,,,,,,0.058649815079233,Low,8.888629192949747,35.26295222155311,1.1394830643749252,11.256663276226876,7.3487620611248206,2,0,False,False,NTNC,False,0.0,False,False,False
MA1022027,,KUSHI INSTITUTE,BECKET,42.335179117979,-73.07074875124366,False,,,,,,,0.1188825320878628,Low,3.287632079561054,34.78583891228937,1.4307263681126776,14.123134420867839,12.630148073864705,2,0,False,False,NTNC,False,0.0,False,False,False
MA1022028,,DREAM AWAY LODGE,BECKET,42.323883744883126,-73.14204944037623,False,,,,,,,0.1854850719131925,Low,5.707173648687261,39.760195893714446,4.3596920929035985,8.338599586871894,9.314453436039217,2,0,False,False,TNC,False,0.0,False,False,False
MA1022029,,LANE FARM,BECKET,42.30399448043494,-73.07762221736292,False,,,,,,,0.1000793836164339,Low,3.9983652289466844,34.03266099362768,1.5310570013097629,13.988631631162514,11.648235638049599,2,0,False,False,TNC,False,0.0,False,False,False
MA1022030,,BECKET TOWN HALL,BECKET,42.27695572573997,-73.05875088254723,False,,,,,,,0.0458847780345716,Low,4.885561863323902,31.293620525590377,2.1631223498722227,15.654250156353084,9.046421753054899,2,0,False,False,TNC,False,0.0,False,False,False
MA1022031,,WATER TEN,BECKET,42.25271848825367,-73.12734747183518,False,,,,,,,0.0430173242929732,Low,10.562498365400167,35.623138173092734,1.443264036581844,11.100665601377198,6.488186399541488,1,0,False,False,TNC,False,0.0,False,False,False
MA1022032,,MOUNTAIN GROVE ASSOCIATION,BECKET,42.254497338172825,-73.12833521943132,False,,,,,,,0.0458950370370491,Low,10.493102683375232,35.75945160761438,1.2308025355587544,10.947164295831023,6.701689328824122,1,0,False,False,TNC,False,0.0,False,False,False
MA1022033,,MULLIN HOUSE,BECKET,42.33132868727663,-73.08484181590063,False,,,,,,,0.1329732971232877,Low,4.668669982009376,36.078353036685606,0.5991316930456381,12.968240318842595,12.811111939468873,2,0,False,False,TNC,False,0.0,False,False,False
MA1022035,,THE SPENCER HOUSE LLC,BECKET,42.32755440178169,-73.08355874934584,False,,,,,,,0.1421828885711995,Low,4.433307338971622,35.766878586194466,1.0258983272850273,13.093861675975738,13.241824494660412,2,0,False,False,TNC,False,0.0,False,False,False
MA1024000,BELCHERTOWN WATER DISTRICT,JABISH BROOK WELLFIELD (06G),BELCHERTOWN,42.280872315769365,-72.39148995328472,True,False,,,10.5,False,False,,,2.5008259061332136,15.172649442781509,3.17677769346367,2.3418343943381568,1.7490911994301113,4,2,True,False,GW,False,0.0,False,False,False
MA1024001,,WELL #3,BELCHERTOWN,42.25837177636171,-72.37697277531252,False,,,,,,,0.4860554391305647,Moderate,2.705581714861644,14.791688722254133,5.351561975709758,2.04893227476582,3.9912138904866623,0,1,True,False,GW,False,0.0,False,False,False
MA1024002,,WELL  #2,BELCHERTOWN,42.25129818426106,-72.40060250134057,False,,,,,,,0.5623892421790047,High,1.3870817816311833,12.663927642335693,4.528875837316134,1.0657176436075955,3.557248874962154,1,1,True,False,GW,False,0.0,False,False,False
MA1024006,,MILL VALLEY GOLF LINKS INC,BELCHERTOWN,42.25506589023788,-72.37240958324871,False,,,,,,,0.2890323317430289,Moderate,3.1522171026355905,14.953184411394547,5.871724329247339,2.4936929501397485,4.51664734293982,0,1,False,False,TNC,False,0.0,False,False,False
MA1024009,,WELL #1,BELCHERTOWN,42.31594155281988,-72.4249831196167,False,,,,,,,0.5274906673080618,High,1.7626460903955508,16.245873294538935,2.3034370195966747,1.8999326063362791,3.86953487162359,2,1,True,False,GW,False,0.0,False,False,False
MA1024011,,DCR QUABBIN ADMINISTRATION BUILDING,BELCHERTOWN,42.27633254768562,-72.3467904472317,False,,,,,,,0.2218897479664535,Low,3.6197556382950715,17.943171245917476,3.4076408771408837,4.826559739531176,5.512647507879369,1,1,False,False,NTNC,False,0.0,False,False,False
MA1024012,,QUABBIN ADULT MEDICINE,BELCHERTOWN,42.288388028689,-72.39807242947866,False,,,,,,,0.2160009090702673,Low,2.659422628160069,15.34132202560144,2.4488758420682886,2.5055363641375945,1.4191772667426594,2,2,False,False,NTNC,False,0.0,False,False,False
MA1024013,,COLD SPRING COUNTRY CLUB,BELCHERTOWN,42.245918681718216,-72.4168283272482,False,,,,,,,0.3232779856285374,Moderate,1.9063673049838472,11.249567076074802,4.5850378025887295,2.0710268776014487,4.017667320895285,1,1,False,False,NTNC,False,0.0,False,False,False
MA1024015,,WELL #1,BELCHERTOWN,42.25636897360727,-72.3903920386145,False,,,,,,,0.5515916668143873,High,1.6993320142134534,13.71844739861097,4.6507460464347,1.0558813433686771,3.4316527846762233,1,1,True,False,GW,False,0.0,False,False,False
MA1024018,,EVERGREENE GOLF CENTER,BELCHERTOWN,42.28152808159271,-72.38566721641588,False,,,,,,,0.2387286802428911,Low,2.8823724574437803,15.620395670693737,3.68055456862113,2.6269536470172956,2.268096377005762,2,2,False,False,TNC,False,0.0,False,False,False
MA1024019,,1100 FEDERAL BUILDING,BELCHERTOWN,42.34032070713414,-72.45798984119689,False,,,,,,,0.1908638714126733,Low,5.179487351774762,17.407004134519568,2.5152341459702177,5.350530157233335,5.645027489684167,2,0,False,False,TNC,False,0.0,False,False,False
MA1024021,,PMDM REALTY LLC,BELCHERTOWN,42.26595460366825,-72.43783353350075,False,,,,,,,0.2387613604523935,Low,2.3860015362657783,11.251070939545517,2.348176626488607,3.043471772228968,2.722962674230527,2,2,False,False,NTNC,False,0.0,False,False,False
MA1024022,,PHOENIX FRUIT FARM COUNTRY STORE,BELCHERTOWN,42.25995636581814,-72.37141832616138,False,,,,,,,0.2787636054213115,Moderate,3.1381629475711916,15.278236210530451,5.6381783936944245,2.4886938722991214,4.239413490274268,0,1,False,False,TNC,False,0.0,False,False,False
MA1024023,,CUTCHINS PROGRAM FOR CHILDREN  FAMILIES,BELCHERTOWN,42.30526752490322,-72.44612277876675,False,,,,,,,0.3257796729567555,Moderate,1.7400983776115306,14.315722619847444,1.9785957841604178,1.8825398484298221,3.733859284669296,2,1,False,False,NTNC,False,0.0,False,False,False
MA1029000,,REPLACEMENT PRATT WELL,BERNARDSTON,42.653621322272414,-72.56818889673413,False,,,,,,,0.2716998545829429,Moderate,7.851133951191191,51.12098206769157,2.128098016878825,4.995121066372843,5.078455433958746,1,1,True,False,GW,False,0.0,False,False,False
MA1033000,,LONG POND RESERVOIR (01S),BLANDFORD,42.204800421439444,-73.00631980531202,False,,,,,,,0.0434222456112794,Low,12.55375040391312,24.60204837161236,6.215090592468084,11.140322531812473,7.260195104767343,0,0,False,False,SW,False,0.0,False,False,False
MA1033002,,SNOWS STEAK HOUSE,BLANDFORD,42.171486155092566,-73.00505063681612,False,,,,,,,0.0328870377283677,Low,14.042464878602816,23.99143227682453,4.698047850510746,12.667122701979197,7.992212352781145,1,0,False,False,TNC,False,0.0,False,False,False
MA1043001,,LOWER WELL (02G),BRIMFIELD,42.13865170366947,-72.26535810214813,False,,,,,,,0.5463696775491425,High,2.1296898454593283,23.028878590148416,0.4550586496117862,3.4500719310782233,5.345764452437276,4,5,True,False,GW,False,0.0,False,False,False
MA1043002,,WELL  #1,BRIMFIELD,42.12068153549575,-72.20403749946935,False,,,,,,,0.7530086206654535,Very High,4.313750514091237,28.45449940526635,2.9220702587784277,0.6938612656713117,9.228984178406137,3,1,True,False,GW,False,0.0,False,False,False
MA1043004,,DCR BRIMFIELD STATE FOREST,BRIMFIELD,42.099330699080205,-72.27041120652845,False,,,,,,,0.2651094744186427,Moderate,2.6185620666128977,24.18961667141638,1.8647407242756773,3.626876114118139,3.9792239087493626,3,3,False,False,TNC,False,0.0,False,False,False
MA1043006,,WOODLAND INN,BRIMFIELD,42.11427700784837,-72.1581725634901,False,,,,,,,0.2461680312978179,Low,8.135146968189378,32.293840149427105,4.913930635834917,2.6885426963548236,5.447994534847723,1,4,False,False,TNC,False,0.0,False,False,False
MA1043008,,BRIMFIELD MARKET,BRIMFIELD,42.121946358624854,-72.20225813966444,False,,,,,,,0.5379797609681175,High,4.464039353549468,28.555406121794014,2.8123666671331273,0.839730883464233,9.087445253523624,2,1,False,False,TNC,False,0.0,False,False,False
MA1043011,,HITCHCOCK FREE ACADEMY,BRIMFIELD,42.12264999368538,-72.19932777468776,False,,,,,,,0.5155993907370792,High,4.709658167734522,28.766118686155302,2.8012051936043574,0.9753332199517045,8.8495357366113,2,1,False,False,TNC,False,0.0,False,False,False
MA1043014,,BRIMFIELD ELEMENTARY SCHOOL,BRIMFIELD,42.11876900908384,-72.20373720787471,False,,,,,,,0.5851741403021474,High,4.342309077845451,28.54022373352527,3.135726509428098,0.48047434103299425,9.199992491791615,3,1,False,False,NTNC,False,0.0,False,False,False
MA1043015,,FRANCESCOS ITALIAN RESTAURANT,BRIMFIELD,42.11923586267695,-72.21469747242529,False,,,,,,,0.5456487176783027,High,3.434618360469112,27.65976849917746,3.070851367854233,1.06557952368365,8.500060205210104,3,1,False,False,TNC,False,0.0,False,False,False
MA1043017,,VILLA SOFIA,BRIMFIELD,42.121933139190894,-72.20346841844629,False,,,,,,,0.5445793225312133,High,4.363979526429762,28.459835894802882,2.7933932845719243,0.8316390731041962,9.187344834206758,2,1,False,False,TNC,False,0.0,False,False,False
MA1043018,,HARRINGTON PHYSICIAN SERVICES,BRIMFIELD,42.11262940234379,-72.16002635666203,False,,,,,,,0.2610046719727109,Moderate,8.000163119801883,32.197881738712354,4.721192576223244,2.8556621523610164,5.6175655939879965,2,4,False,False,TNC,False,0.0,False,False,False
MA1043019,,QUINEBAUG COVE CAMPSITE,BRIMFIELD,42.10317394422497,-72.14383452031068,False,,,,,,,0.244566490834363,Low,8.72482890468696,33.6806274030355,3.9738613642609932,2.0238389150319906,4.556447723174877,2,4,False,False,TNC,False,0.0,False,False,False
MA1043020,,VILLAGE GREEN CAMPGROUND,BRIMFIELD,42.10738466007895,-72.16761415274453,False,,,,,,,0.2770775280674187,Moderate,7.4675432783029105,31.769463256156683,4.150352024746312,3.0723931116706296,6.324833877021322,2,3,False,False,TNC,False,0.0,False,False,False
MA1043023,,MOJOS RISE N DINE,BRIMFIELD,42.113982913862934,-72.15833276608281,False,,,,,,,0.2460745291026588,Low,8.124764041497137,32.290164880164696,4.880315382188876,2.7034962419591158,5.463816103334527,1,4,False,False,TNC,False,0.0,False,False,False
MA1043024,,SPRINGFIELD BOYS CLUB,BRIMFIELD,42.11143042064091,-72.18067160225453,False,,,,,,,0.3877562145268923,Moderate,6.325184073811996,30.60407718678887,4.562518094254785,1.9200767713175995,7.223746819505976,2,3,False,False,TNC,False,0.0,False,False,False
MA1043025,,VIANT AS AND O HOLDING LLC,BRIMFIELD,42.11469601352235,-72.2032854643865,False,,,,,,,0.6076935341530343,High,4.421637740861634,28.71247580661413,3.5884689939341836,0.034492813133629244,9.170120704194384,3,1,False,False,NTNC,False,0.0,False,False,False
MA1043026,,CUMBERLAND FARMS STORE #2080,BRIMFIELD,42.12128739967342,-72.20173338989179,False,,,,,,,0.5391005688002347,High,4.505225595390569,28.61776706990014,2.8934574281951493,0.7743284956134913,9.040936970178777,2,1,False,False,TNC,False,0.0,False,False,False
MA1043027,,MK FUEL INC,BRIMFIELD,42.111345943266684,-72.14549250552479,False,,,,,,,0.2474885723669967,Low,8.471936897362628,33.391646024232955,4.795241788983659,1.6980075406053101,4.446087864718513,1,4,False,False,TNC,False,0.0,False,False,False
MA1043028,,COLLINS APPLE BARN,BRIMFIELD,42.12079962378786,-72.2165372559352,False,,,,,,,0.5508519796667182,High,3.2803132565514934,27.46249195166903,2.9240185866340362,1.2862981193518987,8.373803535834027,4,1,False,False,TNC,False,0.0,False,False,False
MA1043029,,SOPHIES COFFEEHOUSE,BRIMFIELD,42.11975043302156,-72.19927956449867,False,,,,,,,0.5516194089137634,High,4.707662187156305,28.86105290766724,3.110263788415106,0.686178885245018,8.832984564444045,3,1,False,False,TNC,False,0.0,False,False,False
MA1043030,,BRIMFIELD WINERY AND CIDERY,BRIMFIELD,42.119704759657246,-72.20757090915082,False,,,,,,,0.5769034182013334,High,4.0222240523831,28.206651149060676,2.9973143584530266,0.6728349616925884,9.091203372312437,3,1,False,False,TNC,False,0.0,False,False,False
MA1047000,,MOHAWK TRAIL REGIONAL HIGH SCHOOL,BUCKLAND,42.61640372196607,-72.75678261004592,False,,,,,,,0.0393262792536981,Low,19.401144800388863,50.36931346435983,3.1336310139764953,5.560881956944891,1.966879380357434,4,0,False,False,NTNC,False,0.0,False,False,False
MA1047002,,BUCKLAND RECREATION FACILITY,BUCKLAND,42.61567243536401,-72.76429222496238,False,,,,,,,0.0367166047308066,Low,20.000244745995587,50.52251279552935,3.6259372565297263,6.021729799936649,2.3511781978150097,4,0,False,False,TNC,False,0.0,False,False,False
MA1053004,,DCR MOHAWK TRAIL STATE FOREST,CHARLEMONT,42.64193707752944,-72.94902918473103,False,,,,,,,0.0812333728297739,Low,15.123584119218028,56.32461267343943,3.6877509273851263,5.110860009725122,4.6924174483037735,2,0,False,False,TNC,False,0.0,False,False,False
MA1053007,,HAWLEMONT REGIONAL SCHOOL,CHARLEMONT,42.62719821657574,-72.87489845038469,False,,,,,,,0.0099752226666837,Low,20.321278702067627,53.77016946518651,4.963861056937841,9.730355191192622,0.40754204566068614,1,0,False,False,NTNC,False,0.0,False,False,False
MA1053008,,OLDE WILLOW MOTOR INN AND RESTAURANT,CHARLEMONT,42.618020586647056,-72.8167726316067,False,,,,,,,0.0171178926896132,Low,23.54171306713608,51.79862603458041,2.5647777073711193,9.3533260296444,5.281099641241802,1,0,False,False,TNC,False,0.0,False,False,False
MA1053011,,COUNTRY AIRE CAMPGROUND,CHARLEMONT,42.62701847805802,-72.79724518091359,False,,,,,,,0.0264595355820863,Low,22.8647742041471,52.55470843584797,2.2276977595089646,7.475369196421182,5.299893356291591,1,0,False,False,TNC,False,0.0,False,False,False
MA1053014,,90 MAIN EATERY,CHARLEMONT,42.627328593924275,-72.87673184485192,False,,,,,,,0.0093687458011931,Low,20.218726343058467,53.821338789224065,5.166490451482989,9.611061159621249,0.2629282957290044,0,0,False,False,TNC,False,0.0,False,False,False
MA1053015,,BERKSHIRE EAST SKI AREA,CHARLEMONT,42.624492855834205,-72.86996672721092,False,,,,,,,0.0096039883525511,Low,20.43028522130741,53.356931564549214,4.724852721642129,10.2312660111522,0.9008090862139484,1,0,False,False,TNC,False,0.0,False,False,False
MA1053016,,RED ROSE MOTEL,CHARLEMONT,42.61909538124144,-72.79535694721812,False,,,,,,,0.0239694442171159,Low,22.57689793323976,51.6619683043415,3.0013036707287664,7.758936782724122,4.765316723119279,1,0,False,False,TNC,False,0.0,False,False,False
MA1053017,,THE OXBOW,CHARLEMONT,42.62067386614577,-72.79218290449988,False,,,,,,,0.0253240842929173,Low,22.343464739660764,51.80328664576654,2.9334801557746495,7.44526892172603,4.599596941657781,1,0,False,False,TNC,False,0.0,False,False,False
MA1053019,,HILLTOP MOTEL,CHARLEMONT,42.621776776103424,-72.76719687006313,False,,,,,,,0.03869392712227,Low,20.336953219810727,51.240439931330634,3.414137448386175,5.716533650740498,2.982059937214563,3,0,False,False,TNC,False,0.0,False,False,False
MA1053021,,MOHAWK PARK,CHARLEMONT,42.64006961806951,-72.91227541789856,False,,,,,,,0.0372404726971012,Low,17.90421366656037,55.97034889792733,4.083098196118003,6.598308942841846,2.9778780292674916,2,0,False,False,TNC,False,0.0,False,False,False
MA1053023,,CRAB APPLE WHITEWATER,CHARLEMONT,42.62026513367771,-72.76588436891576,False,,,,,,,0.0376796554626063,Low,20.203659029978567,51.044366685311076,3.4135130564306415,5.749747236170417,2.7871076400818016,3,0,False,False,TNC,False,0.0,False,False,False
MA1053024,,THE ACADEMY AT CHARLEMONT,CHARLEMONT,42.62092921429583,-72.830373010385,False,,,,,,,0.0125664783986602,Low,22.782487898460317,52.308707165891626,2.5112815774957324,10.236395376745518,4.122299340847554,1,0,False,False,NTNC,False,0.0,False,False,False
MA1053025,,THE CHARLEMONT INN,CHARLEMONT,42.62813189397341,-72.87559511678127,False,,,,,,,0.0093251348175952,Low,20.34772580429323,53.88479233969566,5.051299784536224,9.617840856457919,0.3295954137060259,0,0,False,False,TNC,False,0.0,False,False,False
MA1053026,,BERKSHIRE PIZZERIA,CHARLEMONT,42.62730410429092,-72.87767644859083,False,,,,,,,0.0094408339189426,Low,20.159306716521552,53.83796441240421,5.241336809985785,9.557014886957875,0.19835771597396584,0,0,False,False,TNC,False,0.0,False,False,False
MA1053027,,CHARLEMONT 4FAMILY STORE,CHARLEMONT,42.62839804532343,-72.8711950535375,False,,,,,,,0.0098165979567843,Low,20.63720395040574,53.82590996073402,4.697553069736718,9.86589355348775,0.6893027093166755,1,0,False,False,TNC,False,0.0,False,False,False
MA1053028,,ZOAR OUTDOOR,CHARLEMONT,42.628440781029205,-72.88331840957215,False,,,,,,,0.0113771316510454,Low,19.80978117446531,54.07722353606436,5.652670842887657,8.938188702193699,0.3052334069158436,0,0,False,False,TNC,False,0.0,False,False,False
MA1053029,,WARFIELD HOUSE INN,CHARLEMONT,42.63702600632269,-72.88426437609284,False,,,,,,,0.0134429369314252,Low,20.14001742111149,54.853534451384206,5.52032160641885,8.427973518172521,0.877673354332503,0,0,False,False,TNC,False,0.0,False,False,False
MA1053030,,WELL #1,CHARLEMONT,42.64300733731409,-72.9260856326405,False,,,,,,,0.1225795778540173,Low,16.74080939289203,56.62070471703053,3.5598625905221097,5.6889192705689995,4.144366626930484,2,0,True,False,GW,True,1.0,True,False,False
MA1053031,,WELLS PROVISIONS,CHARLEMONT,42.62844460995586,-72.87021107049124,False,,,,,,,0.0097560069576302,Low,20.70130663666197,53.81167160503129,4.6190612148644155,9.923267252319299,0.7700433356484268,1,0,False,False,TNC,False,0.0,False,False,False
MA1053032,,CHARLEMONT MINI SERVICE,CHARLEMONT,42.626642771014296,-72.87937828597846,False,,,,,,,0.0096967116420194,Low,20.00647785439725,53.801836485010455,5.396417192023959,9.508708182014384,0.19470506854924627,0,0,False,False,TNC,False,0.0,False,False,False
MA1053033,,WELL,CHARLEMONT,42.62781133682067,-72.8739497977366,False,,,,,,,0.0221824664492225,Low,20.424690561615197,53.81723519365479,4.932667700243539,9.74121057727608,0.46773957119752735,1,0,True,False,GW,True,1.0,True,False,False
MA1053034,,COLD RIVER INC,CHARLEMONT,42.62684933666052,-72.88190047875219,False,,,,,,,0.0102992485319389,Low,19.86914066600181,53.87654178509712,5.58769244453377,9.34677464253666,0.25472527053795246,0,0,False,False,TNC,False,0.0,False,False,False
MA1053035,,AVERY GENERAL STORE,CHARLEMONT,42.6282308970855,-72.87352729995962,False,,,,,,,0.0099546326966049,Low,20.48155311738455,53.85401298136788,4.885751167615311,9.735467829357972,0.4982939796289339,1,0,False,False,TNC,False,0.0,False,False,False
MA1058000,,NEW WELL #1 (02G),CHESHIRE,42.57041249264727,-73.14974326693792,False,,,,,,,0.4270374265422917,Moderate,10.309059126325934,58.14066071925932,1.2336230384134772,2.29136930665228,6.5759611093947035,2,3,True,False,GW,True,1.2867781160649236e-05,True,False,False
MA1058001,,WELL #4,CHESHIRE,42.53141264631456,-73.17852183249478,False,,,,,,,0.5020442044681926,High,8.666996720201544,56.383474522726985,3.67934404158224,2.2865005705520782,6.859013850510663,2,5,True,False,GW,False,0.0,False,False,False
MA1058002,,WELL #1,CHESHIRE,42.56633408798275,-73.14518265142645,False,,,,,,,0.4578905687804615,Moderate,9.732147454742767,57.560646898115095,1.1623148022703957,2.149978664939121,6.857130783037039,2,3,True,False,GW,False,0.0,False,False,False
MA1058004,,COUNTRY CHARM RESTAURANT,CHESHIRE,42.54377909030663,-73.17186866331672,False,,,,,,,0.3756250085202771,Moderate,10.131037472894107,57.0365807591091,2.2330117847743387,0.8736389109923316,8.133563271509697,2,3,False,False,TNC,False,0.0,False,False,False
MA1058009,,CHESHIRE GREEN,CHESHIRE,42.52581702534818,-73.19087130982824,False,,,,,,,0.2907316005030335,Moderate,7.878339277946412,56.628127745015476,4.761063774275755,3.4006804275126354,6.553575742157771,3,6,False,False,TNC,False,0.0,False,False,False
MA1058011,,WHITNEYS FARM MARKET AND COUNTRY GARDEN,CHESHIRE,42.52164725029007,-73.19119868901302,False,,,,,,,0.2732608823698922,Moderate,7.415310067153168,56.314367648587385,4.377723431803615,3.24971446730435,6.135929395238074,2,6,False,False,TNC,False,0.0,False,False,False
MA1059000,,AUSTIN BROOK RESERVOIR (01S),CHESTER,42.28077354684613,-72.99677557324745,False,,,,,,,0.1803817498910977,Low,4.150686774599913,26.9562693819427,1.916504005205551,11.067540351798558,10.628985999511446,5,0,False,False,SW,False,0.0,False,False,False
MA1059002,,WILDCAT SPRINGS RESTAURANT,CHESTER,42.25746345595541,-72.95448670187314,False,,,,,,,0.1255853473345232,Low,9.134097937018923,22.642154188311068,2.286986572350479,6.8153847382012716,6.639646580656208,2,0,False,False,TNC,False,0.0,False,False,False
MA1059004,,WALKER ISLAND CAMPGROUND,CHESTER,42.273648861377346,-72.99945110985719,False,,,,,,,0.1614064868443364,Low,5.435291126629538,26.758655475725178,2.189615872314061,10.93012782463079,10.74702853874691,4,0,False,False,TNC,False,0.0,False,False,False
MA1059006,,DCR CHESTER / BLANDFORD STATE FOREST,CHESTER,42.25598988320617,-72.93500853638841,False,,,,,,,0.1329030993567251,Low,10.426679933711576,21.16897876613639,3.527458657425646,5.277802932733491,5.0857743118455705,3,0,False,False,TNC,False,0.0,False,False,False
MA1059010,,CAMP KINNEBROOK,CHESTER,42.33914131096967,-72.92136444818586,False,,,,,,,0.1220922181149934,Low,5.71442189127829,26.360917237908293,5.13096786739601,12.117819276645358,11.842419074708786,0,0,False,False,TNC,False,0.0,False,False,False
MA1059012,,CHESTER / MIDDLEFIELD ELEM SCHOOL,CHESTER,42.296750300836,-72.98325797418208,False,,,,,,,0.1734773011002071,Low,4.562471079205967,26.972555556370008,0.24385156066357797,11.089947599447981,10.859205164667719,5,0,False,False,NTNC,False,0.0,False,False,False
MA1060001,,DAVENPORT BUILDING,CHESTERFIELD,42.39252474566201,-72.84335331503527,False,,,,,,,0.084100861406787,Low,7.213568189846851,28.130575290935095,2.41696988061305,12.581127484487558,10.21976518963968,2,0,False,False,NTNC,False,0.0,False,False,False
MA1060003,,TOLGY WOOD CHESTERFIELD CAMP,CHESTERFIELD,42.38668722302172,-72.81285635011828,False,,,,,,,0.0778883655316276,Low,9.727446016980362,26.48804753517594,2.1387036267534802,9.410471685948924,7.072962886423012,2,0,False,False,TNC,False,0.0,False,False,False
MA1060004,,NEW HINGHAM REGIONAL ELEMENTARY SCHOOL,CHESTERFIELD,42.4062210019948,-72.84962999399238,False,,,,,,,0.0773531486541232,Low,6.926508169870539,29.734708929261178,0.905153594406973,13.50793373301608,10.945979346709994,2,0,False,False,NTNC,False,0.0,False,False,False
MA1060005,,CHESTERFIELD GENERAL STORE,CHESTERFIELD,42.39277530136672,-72.84550909028118,False,,,,,,,0.0845889707119896,Low,7.037298387690346,28.223559263199785,2.373986288953877,12.760220448091507,10.398827245436069,2,0,False,False,TNC,False,0.0,False,False,False
MA1060006,,HILLTOWN COMMUNITY DEVELOPMENT CORP,CHESTERFIELD,42.39080838061768,-72.83755482434835,False,,,,,,,0.0835053309859754,Low,7.686481562174949,27.77680515892117,2.702261865137939,12.072554830840495,9.730989902561866,2,0,False,False,NTNC,False,0.0,False,False,False
MA1060008,,CHESTERFIELD CONGREGATIONAL CHURCH,CHESTERFIELD,42.39210482270778,-72.84071670895804,False,,,,,,,0.083605660673095,Low,7.42899508738225,28.0062929033719,2.4985682921722034,12.359149838858354,9.99990847169282,2,0,False,False,TNC,False,0.0,False,False,False
MA1063003,,RED MILLS SPRING,CLARKSBURG,42.71688688672369,-73.07318703900378,False,,,,,,,0.2751035984102057,Moderate,3.19756228849033,68.7303029364879,2.8398066310502186,4.157552860307781,1.698088926581001,1,1,True,False,GW,False,0.0,False,False,False
MA1063005,,GOLDEN EAGLE RESTAURANT,CLARKSBURG,42.709581054856244,-73.06252801767664,False,,,,,,,0.1429600823158943,Low,3.9197912724740895,67.62340182146428,3.9337777381408614,4.773028108935637,2.6143805616461155,1,1,False,False,TNC,False,0.0,False,False,False
MA1063008,,CLARKSBURG ELEMENTARY SCHOOL,CLARKSBURG,42.718582247907435,-73.10400388708838,False,,,,,,,0.2015334812162914,Low,1.2810942565951575,70.02148112864091,0.5922749524663813,2.2260017811607216,0.9509932028443255,1,2,False,False,NTNC,False,0.0,False,False,False
MA1063009,,DCR CLARKSBURG STATE FOREST,CLARKSBURG,42.73431134781831,-73.07628671399739,False,,,,,,,0.1284804844290867,Low,4.036713773640849,70.58938104515542,2.7604718744723984,5.0391960838183305,2.6084467136194927,1,0,False,False,TNC,False,0.0,False,False,False
MA1063010,,NORTH ADAMS COUNTRY CLUB,CLARKSBURG,42.720617653882975,-73.07565916981159,False,,,,,,,0.1417372300587836,Low,3.1653449238421283,69.19154998832659,2.560033891781604,4.157242976813299,1.6192514787027237,1,1,False,False,TNC,False,0.0,False,False,False
MA1063012,,CLARKSBURG SENIOR CENTER,CLARKSBURG,42.72250432716687,-73.10198571694276,False,,,,,,,0.1836777562784251,Low,1.7466026717840497,70.3336426466744,0.39992426003695664,2.678517754238329,1.1059408424179542,1,2,False,False,TNC,False,0.0,False,False,False
MA1066000,,MOUNTAIN SPRING RESERVOIR,COLRAIN,42.667917326759806,-72.69305366006242,False,,,,,,,0.3930872635151927,Moderate,16.349125293883713,54.23601623936969,1.1442170257641655,2.2398079156572415,7.650847545795078,5,1,True,False,ESW,False,0.0,False,False,False
MA1066001,,WELL  #1,COLRAIN,42.649356055525445,-72.7121388233811,False,,,,,,,0.3552409526946438,Moderate,16.814973037155266,52.65378496855704,0.4909503022343602,0.7386008956242841,5.127989004332982,5,1,True,False,GW,False,0.0,False,False,False
MA1066004,,COLRAIN CENTRAL ELEM SCHOOL,COLRAIN,42.67584146519832,-72.69660206174326,False,,,,,,,0.201080576127741,Low,17.065235268829205,55.160576246916115,0.8002445559875644,2.6881833097421723,8.332779883328438,4,1,False,False,NTNC,False,0.0,False,False,False
MA1066005,,PINE HILL ORCHARDS,COLRAIN,42.650093388096344,-72.67651795174935,False,,,,,,,0.1998787197028995,Low,14.196943362841312,51.9932639414552,1.546055464247942,3.200116377407054,6.82132020745292,5,1,False,False,TNC,False,0.0,False,False,False
MA1066007,,WELL,COLRAIN,42.6783403222961,-72.7198578451401,False,,,,,,,0.3276379244643124,Moderate,18.8287638605563,55.92280874481896,1.2331269604302482,2.548028067546747,8.090518221260568,4,1,True,False,GW,False,0.0,False,False,False
MA1066008,,CATAMOUNT SPORTSMENS CLUB,COLRAIN,42.67943766434457,-72.74232458945524,False,,,,,,,0.1402377152674483,Low,20.490281776878103,56.57268734450278,3.036409171400759,3.4700180972618275,8.140784493694492,4,1,False,False,TNC,False,0.0,False,False,False
MA1068003,,BAKERS COUNTRY STORE,CONWAY,42.50846338671581,-72.70210630052175,False,,,,,,,0.0582142672000381,Low,17.371283463543833,37.56806125324411,1.1809251189789727,8.076061263819167,7.731214697516588,2,0,False,False,TNC,False,0.0,False,False,False
MA1068004,,HOLLY BARN,CONWAY,42.50597295472983,-72.6930494409097,False,,,,,,,0.0719336104684957,Low,16.899306842648798,37.040479604599724,1.113078131853492,7.284530214455317,7.85693551974722,2,0,False,False,TNC,False,0.0,False,False,False
MA1068005,,CONWAY INN,CONWAY,42.50849177005224,-72.69694522453092,False,,,,,,,0.0692554639009525,Low,17.011692613891228,37.4162279761858,1.2268276841443335,7.670135590524117,8.139382269151291,2,0,False,False,TNC,False,0.0,False,False,False
MA1068006,,CONWAY GRAMMAR SCHOOL,CONWAY,42.510829792088416,-72.6757320044478,False,,,,,,,0.0961308904381323,Low,15.423059601842484,37.071190893708334,2.527654915777873,6.124397485347573,6.826419518509751,3,0,False,False,NTNC,False,0.0,False,False,False
MA1068010,,PAGES COFFEE BAR,CONWAY,42.50966106264876,-72.69848222425287,False,,,,,,,0.0655021605581619,Low,17.048325747054278,37.58294196363159,1.3267747733966793,7.829246368355078,7.98436011226014,2,0,False,False,TNC,False,0.0,False,False,False
MA1069001,,FANNY RODGER SPRING (04G),CUMMINGTON,42.45579703330269,-72.91208298441245,False,,,,,,,0.0542356026024331,Low,7.460189600997895,36.55855673143606,2.707966242781584,19.198037071654785,10.960960493566462,2,0,True,False,GW,False,0.0,False,False,False
MA1069002,,WELL #2,CUMMINGTON,42.493735032737575,-72.9791023289294,False,,,,,,,0.1472384401790495,Low,6.762761736117468,43.187318925988855,1.3804857814671472,14.835215801578167,11.992180732402947,2,0,True,False,GW,False,0.0,False,False,False
MA1069003,,SWIFT RIVER,CUMMINGTON,42.480806688577466,-72.8832306121284,False,,,,,,,0.011152358687454,Low,10.81228038683246,38.456157676017455,4.879209565508393,20.0790403841677,9.064726240691533,1,0,False,False,NTNC,False,0.0,False,False,False
MA1069007,,GREENWOOD MUSIC CAMP,CUMMINGTON,42.46740125166038,-72.88241240930856,False,,,,,,,0.0172221208291132,Low,9.328169955754424,36.72089692398306,5.0917507449303505,18.782226749528615,9.734697644056657,0,0,False,False,TNC,False,0.0,False,False,False
MA1069009,,SHIRE VILLAGE CAMP,CUMMINGTON,42.4727833296539,-72.90374157457576,False,,,,,,,0.0159534487929684,Low,9.452494102114711,38.280778404274926,3.434515803819859,20.819687799000935,10.758484819159998,3,0,False,False,TNC,False,0.0,False,False,False
MA1069010,,OLD CREAMERY COOPERATIVE INC,CUMMINGTON,42.46406632902138,-72.90579057332009,False,,,,,,,0.0200488077826778,Low,8.47208626038331,37.46880820518733,3.7551656493096295,20.5002148802768,11.658915997835589,2,0,False,False,TNC,False,0.0,False,False,False
MA1069011,,CUMMINGTON FARM STAND,CUMMINGTON,42.47859902253205,-72.92548042105464,False,,,,,,,0.0244794051030274,Low,9.840628160727453,39.6219901233751,1.538017461340533,19.079705452017333,12.187428677123187,2,0,False,False,TNC,False,0.0,False,False,False
MA1070000,DALTON FIRE DISTRICT,WAHCONAH FALLS ROAD WELL (01G),DALTON,42.49114519610347,-73.11777912944247,True,False,,,10.5,False,False,,,4.448869800180124,48.593858334214076,2.116675552955522,2.614494573204799,2.9300973937577472,2,7,True,False,ESW,True,0.29515368448337254,True,False,False
MA1070003,,GARDEN AND NURSERY,DALTON,42.48923107973131,-73.12802126581067,False,,,,,,,0.2106042776524315,Low,5.895299983541572,50.1256761616682,3.7210676917903673,2.998753241617081,3.4226562557244415,2,3,False,False,TNC,False,0.0,False,False,False
MA1074000,,KEATS SPRING(02G),DEERFIELD,42.54354202846089,-72.59079924974547,False,,,,,,,0.212765989442371,Low,7.7096493011611384,36.84859792637423,0.8178542574305313,3.7026844070068017,0.9573411306254063,2,2,True,False,GW,True,1.1385685631075528e-06,True,True,False
MA1074001,SOUTH DEERFIELD WATER SUPPLY DISTRICT,CONWAY RESERVOIR (02S),DEERFIELD,42.469574198592845,-72.66481782649558,True,False,,,10.5,False,False,,,9.062402229443107,30.827915200594493,3.1658742857032904,2.4573988998745078,1.399963043789752,3,1,True,False,SW,False,0.0,False,False,False
MA1074002,,WOOLMAN HILL,DEERFIELD,42.556864655497556,-72.58139930877739,False,,,,,,,0.203147145538616,Low,6.153501631919119,40.48438530845565,3.01793026249698,2.051925747679261,2.0135001255411837,2,4,False,False,TNC,False,0.0,False,False,False
MA1074005,,WELL #3,DEERFIELD,42.537327011628214,-72.59312305777256,False,,,,,,,0.2017109134782377,Low,8.33223354498829,38.43094607166214,4.2526055573993355,4.388121315864487,1.1915035530185594,2,2,True,False,GW,False,0.0,False,False,False
MA1074008,,THE WOK,DEERFIELD,42.56654114300798,-72.59274056251033,False,,,,,,,0.2006284213147731,Low,6.371464735002626,41.65264482470616,1.8118179428306969,2.2829641916205525,2.397185761579788,2,5,False,False,TNC,False,0.0,False,False,False
MA1087000,EASTHAMPTON WATER DEPT,MALONEY WELL (07G),EASTHAMPTON,42.2812658347392,-72.650079155931,True,False,,,10.5,False,False,,,4.227729011856203,10.26408406495766,1.3470274607024604,0.641905971932146,1.185805984573728,7,6,True,False,GW,True,0.216037596305497,True,False,False
MA1090000,,KARNER BROOK RESERVOIR,"EGREMONT
",42.1579204457253,-73.46072163826794,False,,,,,,,0.0219694240654676,Low,5.577678475253849,61.60351207799486,1.6138011723912464,19.482106993615457,9.934474743783259,2,0,False,False,SW,False,0.0,False,False,False
MA1090002,,PROSPECT LAKE PARK,EGREMONT,42.19614286482055,-73.4467013424426,False,,,,,,,0.0316881269079217,Low,3.8304075619147913,60.576535787100845,1.839192124280885,15.944012796257452,7.261298497784739,1,0,False,False,TNC,False,0.0,False,False,False
MA1090008,,GUILDER HILLS HOMEOWNERS ASSOCIATION,EGREMONT,42.14354937319958,-73.45305709720195,False,,,,,,,0.0190157957020598,Low,6.1124566690046045,60.99754098221381,0.10367955095560026,20.15197049528332,10.412153638568244,2,0,False,False,TNC,False,0.0,False,False,False
MA1090009,,ELM COURT RESTAURANT AND INN,EGREMONT,42.19843991115858,-73.4387970477999,False,,,,,,,0.0369931574397363,Low,3.338820923037476,59.94273277405566,2.171029848483004,15.26026757781098,6.577365692492143,2,0,False,False,TNC,False,0.0,False,False,False
MA1090012,,HILLTOWN HOT PIES LLC,EGREMONT,42.17090527691519,-73.45849934508713,False,,,,,,,0.0252806154564082,Low,4.801539778989347,61.43082075378178,1.426539282482808,18.39980891194839,9.061177961013001,2,0,False,False,TNC,False,0.0,False,False,False
MA1090014,,NORTH  EGREMONT COUNTRY STORE INC,EGREMONT,42.19820392752587,-73.43860636776039,False,,,,,,,0.0369709702183023,Low,3.312575170282433,59.92516655008407,2.1500677990034682,15.262079411973978,6.565506061823224,2,0,False,False,TNC,False,0.0,False,False,False
MA1090015,,SHES SMILING LLC,SOUTH EGREMONT,42.17299144340677,-73.46919863387917,False,,,,,,,0.0240910230902185,Low,5.593001160356513,62.31951543209368,2.0685852253424657,18.950745994413698,9.771650491754167,2,0,False,False,TNC,False,0.0,False,False,False
MA1090016,,GREEN RIVER LUMBER INC,EGREMONT,42.19221679504712,-73.41996392860524,False,,,,,,,0.0408802167595947,Low,1.646448254421549,58.34484267904156,2.552559590913663,14.438385286402333,5.212640453847113,2,0,False,False,NTNC,False,0.0,False,False,False
MA1090017,,SPRING,EGREMONT,42.14463474802403,-73.4473297182314,False,,,,,,,0.0444177311341626,Low,5.71067855671819,60.52077608547137,0.5072341639829959,19.742068749591763,9.983864185258449,2,0,True,False,GW,False,0.0,False,False,False
MA1090018,,EGREMONT TOWN HALL,EGREMONT,42.190761790785736,-73.42836017231144,False,,,,,,,0.037777053182572,Low,2.2025533672928597,59.02749492229221,1.9001212074166636,15.076521140538164,5.922457666566074,2,0,False,False,TNC,False,0.0,False,False,False
MA1091000,,WELL #1,ERVING,42.59048928022967,-72.49242792612495,False,,,,,,,0.370238742398772,Moderate,2.494708591507335,44.16226567340166,2.1900514683892958,2.4945967945491874,0.6099283725545439,3,3,True,False,GW,False,0.0,False,False,False
MA1091003,,DCR ERVING STATE FOREST,ERVING,42.59829553666224,-72.36548306192842,False,,,,,,,0.1909490198645029,Low,7.045852981030229,46.989649702643284,0.520361526592859,1.3834025215474872,2.014613480164471,2,1,False,False,TNC,False,0.0,False,False,False
MA1091004,,ERVING TOWN OFFICES,ERVING,42.600160021139445,-72.39857726041896,False,,,,,,,0.1445093984635309,Low,9.625656512802228,46.459939051903014,0.9467690998422243,1.3416203627491663,0.7514129772419015,3,1,False,False,TNC,False,0.0,False,False,False
MA1091005,,ERVING PAPER MILLS,ERVING,42.60046625716863,-72.38482161972536,False,,,,,,,0.2077421740532659,Low,8.453753681377158,46.6683391500868,0.18600473205543794,0.12248985728318591,1.3747616922460177,3,1,False,False,NTNC,False,0.0,False,False,False
MA1091006,,THE COPPER ANGEL,ERVING,42.597604131568815,-72.36591795033229,False,,,,,,,0.2164228013932903,Low,7.044228323550775,46.905724080434865,0.5611208141524626,1.3536738053297772,2.914477367571435,2,1,False,False,TNC,False,0.0,False,False,False
MA1091007,,ERVING STATION,ERVING,42.599398349790235,-72.40028677895758,False,,,,,,,0.1449600185063863,Low,9.728812257546174,46.344209118776924,1.0948166328914424,1.4755384839867085,0.8401410451779945,3,2,False,False,TNC,False,0.0,False,False,False
MA1091009,,FRENCH KING MOTOR INN,ERVING,42.59684196017274,-72.4925046544261,False,,,,,,,0.2362851538000502,Low,2.5586698587134165,44.86537067124238,2.7388873923501573,2.2720702540458397,1.3112516105235632,3,3,False,False,TNC,False,0.0,False,False,False
MA1091010,,WELL 1,ERVING,42.586858932958606,-72.48842132479035,False,,,,,,,0.3253751113520366,Moderate,2.8663309776843526,43.78719944424959,1.673111915847567,2.9742356866314985,0.2987689187483093,3,3,True,False,GW,False,0.0,False,False,False
MA1091011,,FREIGHT HOUSE ANTIQUES,ERVING,42.59929275426442,-72.39925234136106,False,,,,,,,0.1452342623811473,Low,9.644889800043309,46.35311116342247,1.0124940118029462,1.390281741177506,0.8464865913946289,3,1,False,False,TNC,False,0.0,False,False,False
MA1091012,,BAGELS N MORE,ERVING,42.600108009007734,-72.40149589299072,False,,,,,,,0.1401125783201623,Low,9.848754746080997,46.397287552260515,1.186206707615558,1.5795049344384702,0.7805502916833323,3,2,False,False,TNC,False,0.0,False,False,False
MA1091014,,CHARLES F ZILINSKI MEMORIAL FIELD,ERVING,42.600126320775225,-72.39094633503318,False,,,,,,,0.1719736331620852,Low,9.039395197729464,46.61096644372797,0.3250483914717832,0.721166799115457,1.0091676158309375,3,1,False,False,TNC,False,0.0,False,False,False
MA1091016,,FLIS MARKET,ERVING,42.60005888968691,-72.40104596464884,False,,,,,,,0.1412580344999393,Low,9.812160990955944,46.400703069500665,1.1496723510615992,1.5422503276471986,0.7775070146416946,3,2,False,False,TNC,False,0.0,False,False,False
MA1098004,,GABRIEL ABBOTT MEMORIAL SCHOOL,FLORIDA,42.693248865248435,-73.0373382178216,False,,,,,,,0.1311473896274951,Low,6.201948445927417,65.11417882122862,3.793276574831447,6.244376380036378,5.193249181785929,1,0,False,False,NTNC,False,0.0,False,False,False
MA1098005,,BLUE VISTA MOTOR LODGE,FLORIDA,42.6873814524255,-73.02150476272358,False,,,,,,,0.2000348555521382,Low,7.600347245376611,63.830503005090485,2.4485206632338428,4.29355825828903,6.582189454897866,1,1,False,False,TNC,False,0.0,False,False,False
MA1098007,,LILSTUGEN ICE CREAM SHOP,FLORIDA,42.69514059155595,-73.0363311392781,False,,,,,,,0.1321902239461629,Low,6.229819297836386,65.27243972482043,3.912051154054499,6.1894764550716115,5.175228526115477,1,0,False,False,TNC,False,0.0,False,False,False
MA1098009,,MANICE EDUCATION CENTER,FLORIDA,42.65393932248676,-73.0410822492831,False,,,,,,,0.1407132271110977,Low,8.265761456535685,61.28912459709623,2.996699976326,5.610846772846489,5.594651020162976,2,0,False,False,TNC,False,0.0,False,False,False
MA1106002,,WELL #2,BERNARDSTON,42.670778425571605,-72.49463602330742,False,,,,,,,0.4206173554106664,Moderate,8.630668107896966,52.69613474023786,1.1084477190658746,2.8781062558803634,5.10972298955361,5,1,True,False,GW,False,0.0,False,False,False
MA1106004,,GILL ELEMENTARY SCHOOL,GILL,42.64817701121639,-72.49489295283662,False,,,,,,,0.2135565498079693,Low,6.7096604799158195,50.54031640038741,2.443864847997364,4.662701231126696,5.91677871059479,3,2,False,False,NTNC,False,0.0,False,False,False
MA1106006,,BARTON COVE CAMPGROUND,GILL,42.604140361739475,-72.53209562693655,False,,,,,,,0.2806058413728673,Moderate,1.6078864190951787,45.546707212505986,2.9354684512365035,1.097544280171663,1.386103010522223,1,5,False,False,TNC,False,0.0,False,False,False
MA1106007,,ALANS BAR B QUE,GILL,42.60836382470424,-72.51040067704727,False,,,,,,,0.3492961090380224,Moderate,2.141481239991506,46.05627287299417,4.566436549819176,1.1866464709967655,2.961980958030602,2,5,False,False,TNC,False,0.0,False,False,False
MA1106008,,OAK RIDGE GOLF CLUB LLC,GILL,42.64293163984945,-72.52750460442107,False,,,,,,,0.1755937613365925,Low,5.737370217034813,49.858352847598034,2.852490322958394,4.29247517333279,3.8848579310412594,2,2,False,False,TNC,False,0.0,False,False,False
MA1106009,,F M KUZMESKUS INC,GILL,42.61646637747263,-72.54006288311989,False,,,,,,,0.229978613022425,Low,3.1242265495627923,46.9184316122954,3.8194798109406434,1.3935432429810757,0.8095165797963652,1,5,False,False,TNC,False,0.0,False,False,False
MA1106011,,THE GILL TAVERN,GILL,42.6407834875692,-72.49962607008834,False,,,,,,,0.2285398754149359,Low,5.805800477835428,49.697070387057366,3.3521810410134925,4.177599293687473,5.074080254001497,3,3,False,False,TNC,False,0.0,False,False,False
MA1108003,,GOSHEN TOWN OFFICE,GOSHEN,42.44145566346327,-72.79967496243188,False,,,,,,,0.0547958981855831,Low,12.214734318172626,32.26619853678825,1.7481359303837152,12.03516364666013,9.039516715443071,3,0,False,False,TNC,False,0.0,False,False,False
MA1108004,,SPRUCE CORNER RESTAURANT,GOSHEN,42.456433368400944,-72.83273582214049,False,,,,,,,0.0299227649544638,Low,10.93424971564509,34.55511771158998,4.574543842289409,15.161651680047054,8.540313717778508,2,0,False,False,TNC,False,0.0,False,False,False
MA1108007,,CAMP HOLY CROSS,GOSHEN,42.46087284169497,-72.80475928076501,False,,,,,,,0.0240249371581986,Low,13.02160164641265,34.4625070993085,2.7147602976615466,13.894653723545465,7.452669659681357,1,0,False,False,TNC,False,0.0,False,False,False
MA1108008,,4H CAMP HOWE INC,GOSHEN,42.45179294994599,-72.7927771533186,False,,,,,,,0.0348816063567161,Low,13.273439851003726,33.274390620390776,1.323948719067102,12.487716953408077,8.340992397282667,1,0,False,False,TNC,False,0.0,False,False,False
MA1108009,,WELL #1,GOSHEN,42.46050829234821,-72.83865600021062,False,,,,,,,0.0484735941873613,Low,10.899298526664793,35.12796094368354,5.1733860480510145,15.826283297090944,8.333804348198106,0,0,True,False,GW,False,0.0,False,False,False
MA1108010,,DCR DAR STATE FOREST,GOSHEN,42.46288879674162,-72.793526997934,False,,,,,,,0.0252635703826232,Low,13.122013322310345,33.96619680728125,2.1235678878791013,13.302300231044422,7.16236422266286,1,0,False,False,TNC,False,0.0,False,False,False
MA1108014,,HAMMOND ACRES WATER CORP,GOSHEN,42.407200777311736,-72.79636227689741,False,,,,,,,0.065744397419385,Low,11.23815183451438,28.49763195878051,0.315183296769476,9.53325395911695,6.755054812758498,3,0,False,False,TNC,False,0.0,False,False,False
MA1111000,,WELL #1,GRANBY,42.27745068953538,-72.50380781554074,False,,,,,,,0.2085070032275776,Low,6.877037314377562,9.585496652181549,6.175613599823594,6.920088411965706,4.576167829799622,0,0,True,False,GW,False,0.0,False,False,False
MA1111001,,WELL #4,GRANBY,42.271936381340055,-72.47383129264283,False,,,,,,,0.3578926911835923,Moderate,5.021655590879386,9.960122084125935,3.958811572766326,5.014857261615461,5.134442760053048,2,0,True,False,GW,False,0.0,False,False,False
MA1111002,,WELL #1,GRANBY,42.250682519338554,-72.53853331322163,False,,,,,,,0.2673004100440428,Moderate,5.691809501464313,6.296458691290489,2.756924896034801,3.661630317858095,0.539633035284754,3,3,True,False,GW,False,0.0,False,False,False
MA1111003,,WELL #1,GRANBY,42.28774094929566,-72.53590575876154,False,,,,,,,0.2135805056529495,Low,5.3822028131859945,10.340421971551255,5.545499439838775,7.019817053728668,4.2125407538815836,0,0,True,False,GW,False,0.0,False,False,False
MA1111006,,GRANBY JR SR HIGH AND EAST MEADOW SCHOOL,GRANBY,42.26813190641991,-72.49349464134058,False,,,,,,,0.1143281471393029,Low,6.588849006485201,8.873696123534794,5.62025695428918,6.599100914297273,4.71128551889934,0,0,False,False,NTNC,False,0.0,False,False,False
MA1111007,,GRANBY TOWN OFFICES,GRANBY,42.25801990784295,-72.51554752227696,False,,,,,,,0.1043254950059513,Low,7.174830460847483,7.259678924745348,4.32845058187315,5.382144619094058,2.594456767152874,1,0,False,False,TNC,False,0.0,False,False,False
MA1111009,,THE EARLEE MUG,GRANBY,42.26269578284467,-72.50268227821032,False,,,,,,,0.0938955441956835,Low,7.55346759383774,8.04321551479424,5.402911203772082,6.479269752864309,3.7726842582492304,0,0,False,False,TNC,False,0.0,False,False,False
MA1111010,,KRUISIN CAFE  HAPPY DAYS MINI GOLF,GRANBY,42.254159275381916,-72.52819295315626,False,,,,,,,0.1344695255964056,Low,6.311761234365104,6.687624196905297,3.416742234662497,4.415507588795967,1.4671186941710441,3,3,False,False,TNC,False,0.0,False,False,False
MA1111013,,STONY BROOK LODGE,GRANBY,42.24233847241539,-72.54922756255965,False,,,,,,,0.1887217096758696,Low,5.479868513243267,5.505442061747535,1.7635524489684893,2.4814587564370414,0.8952433942567923,3,6,False,False,TNC,False,0.0,False,False,False
MA1111014,,WEST STREET SCHOOL,GRANBY,42.25804542412768,-72.51898192273802,False,,,,,,,0.1055129033126713,Low,6.900422709392537,7.208637922873851,4.169562772678332,5.207245684935966,2.332717996117841,1,0,False,False,NTNC,False,0.0,False,False,False
MA1111015,,GRANBY MOTEL,GRANBY,42.24147388930403,-72.55354099305904,False,,,,,,,0.2038564286842326,Low,5.280918207623252,5.506203199878172,1.7514757221097965,2.314630962410442,1.1605062008058715,3,6,False,False,TNC,False,0.0,False,False,False
MA1111017,,INTER ALL CORPORATION,GRANBY,42.243162176412774,-72.55071877216416,False,,,,,,,0.1887224550321311,Low,5.326895097647744,5.623650975527706,1.8730381001768504,2.5403480027403296,0.8725427028278857,3,6,False,False,NTNC,False,0.0,False,False,False
MA1111020,,CINDYS DRIVE IN,GRANBY,42.26451336991262,-72.48007029110384,False,,,,,,,0.1626260179237149,Low,5.8428884374926024,8.995284688693026,4.792969366124208,5.930252183689492,5.5991040168102195,1,0,False,False,TNC,False,0.0,False,False,False
MA1111022,,ALDRICH HALL,GRANBY,42.2593042036692,-72.5155670532777,False,,,,,,,0.1035788574482701,Low,7.138262283216953,7.398916984559275,4.4433741155917765,5.491364118662628,2.6468559092751134,1,0,False,False,TNC,False,0.0,False,False,False
MA1111025,,WELL #2,GRANBY,42.250007615537456,-72.54518899922003,False,,,,,,,0.2682587099500407,Moderate,5.24987098669205,6.264547720367446,2.5917420277302115,3.3850736638027357,0.017056721651917062,3,3,True,False,GW,False,0.0,False,False,False
MA1111027,,HALON PLAZA,GRANBY,42.24695191555635,-72.54445467062338,False,,,,,,,0.1527384782489146,Low,5.48342049128091,5.934777679814192,2.2686235564921895,3.0906477495281206,0.3129336807337586,3,4,False,False,TNC,False,0.0,False,False,False
MA1111028,,AMERICAN LEGION POST #266,GRANBY,42.245774148370494,-72.54314306263342,False,,,,,,,0.1560470879188407,Low,5.646398919568216,5.790144348641643,2.149658287245598,3.0086840533156636,0.46559189771550363,3,4,False,False,TNC,False,0.0,False,False,False
MA1111029,,PIZZA PALACE,GRANBY,42.24361866805251,-72.54984478660712,False,,,,,,,0.1844442066524205,Low,5.349158778414583,5.655567207075995,1.9112978425891352,2.606078327243105,0.7913732488874672,3,6,False,False,TNC,False,0.0,False,False,False
MA1111031,,TANYA GETS YOU FIT,GRANBY,42.24541221249411,-72.54513152049667,False,,,,,,,0.1631607800998797,Low,5.535020717344038,5.774376519664259,2.0942818970161885,2.910858186438195,0.4815112170868345,3,5,False,False,TNC,False,0.0,False,False,False
MA1111032,,CHATEAU HARMONY,GRANBY,42.25493644595695,-72.52623762869163,False,,,,,,,0.130798953565177,Low,6.433095146131943,6.786874532319127,3.5672491860442967,4.5766806570913205,1.648263643125966,3,2,False,False,TNC,False,0.0,False,False,False
MA1111033,,CUMBERLAND FARMS #2403,GRANBY,42.246828453365744,-72.5430570640586,False,,,,,,,0.1490196678281849,Low,5.5870923643306885,5.905335011556516,2.266702516677518,3.119541042970711,0.3596534453390018,3,3,False,False,TNC,False,0.0,False,False,False
MA1111034,,CHESTNUT MART,GRANBY,42.243077559607876,-72.54840274300787,False,,,,,,,0.1833647663511859,Low,5.4791437822126605,5.570332645668565,1.8381020040394165,2.5792531470706943,0.7935323836828653,3,6,False,False,TNC,False,0.0,False,False,False
MA1111035,,UNION MART,GRANBY,42.26261804090211,-72.4978377990913,False,,,,,,,0.0972231416959364,Low,7.228071439812978,8.172083993469863,5.67246428208238,6.757836056666674,4.14204344538596,0,0,False,False,TNC,False,0.0,False,False,False
MA1111036,,DUFRESNE RECREATIONAL AREA,GRANBY,42.2587012114348,-72.50039346405869,False,,,,,,,0.0973150995970367,Low,7.526715739486173,7.690188711986969,5.218564711248003,6.308141720455131,3.8088591798593425,0,0,False,False,TNC,False,0.0,False,False,False
MA1111037,,ALPHABET SOUP CHILD CARE CENTER,GRANBY,42.253386802188864,-72.528928503866,False,,,,,,,0.1353327971667351,Low,6.286555990025744,6.597982810755022,3.312962910931224,4.310490271315834,1.3825722650857926,3,3,False,False,NTNC,False,0.0,False,False,False
MA1111038,,CHILDREN FIRST ENTERPRISES INC,GRANBY,42.24746658691788,-72.54861071323901,False,,,,,,,0.159547299867246,Low,5.168739087288684,6.050766458919707,2.325462235844155,3.0454428094265715,0.39412516931876435,3,4,False,False,NTNC,False,0.0,False,False,False
MA1111039,,WELL,GRANBY,42.249827096340375,-72.54118296829704,False,,,,,,,0.268814004437774,Moderate,5.545303645367449,6.218948452746361,2.6190857614957648,3.4864080296231394,0.3109725976309842,3,3,True,False,GW,False,0.0,False,False,False
MA1111040,,GRANBY COUNCIL OF AGING,GRANBY,42.24151604323963,-72.5510779831628,False,,,,,,,0.1971655256714542,Low,5.426022033510556,5.4542985492250065,1.699924899314405,2.3554343555529638,1.0446360518898026,3,6,False,False,TNC,False,0.0,False,False,False
MA1111041,,GRANBY PUBLIC SAFETY COMPLEX,GRANBY,42.26127837875126,-72.51430032515681,False,,,,,,,0.1020421658062488,Low,7.191998601653031,7.63516243492573,4.683025339020842,5.72791549954953,2.8349898188998393,1,0,False,False,TNC,False,0.0,False,False,False
MA1111042,,NEW GRANBY PUBLIC LIBRARY,GRANBY,42.26185537968653,-72.50977224594281,False,,,,,,,0.0999461140951396,Low,7.545973445490628,7.78495766064375,4.955542617066241,6.015318049483431,3.1992031626773008,1,0,False,False,TNC,False,0.0,False,False,False
MA1111043,,SUBWAY GRANBY,GRANBY,42.24525693124555,-72.54656589541403,False,,,,,,,0.1664883480100243,Low,5.44951071645386,5.7776098076001885,2.073776283294299,2.855602406318725,0.5160597805087325,3,5,False,False,TNC,False,0.0,False,False,False
MA1111044,,SOMETHING SPECIAL CATERING SERVICE INC,GRANBY,42.2546843943539,-72.52705595850304,False,,,,,,,0.1312308608731917,Low,6.379153024150665,6.753012764292753,3.511108811715853,4.515793091240436,1.5752130742098867,3,2,False,False,TNC,False,0.0,False,False,False
MA1111045,,DOLLAR GENERAL,GRANBY,42.253467387140255,-72.526163912565,False,,,,,,,0.13205456821502,Low,6.4956113373558555,6.62501219546572,3.4270604168395904,4.446085037120877,1.6043995666347501,3,2,False,False,TNC,False,0.0,False,False,False
MA1112000,,WELL #1 SPRING,GRANVILLE,42.07813892000403,-72.88819447788613,False,,,,,,,0.373666963566157,Moderate,1.157091654873102,16.813863249199784,2.1461029889733396,9.96263578745847,10.566857259818331,1,0,True,False,GW,False,0.0,False,False,False
MA1112002,,DCR GRANVILLE STATE FOREST,GRANVILLE,42.05184189725885,-72.97104568807801,False,,,,,,,0.1117834725247396,Low,6.30183725644277,24.206708651969844,8.798842740747881,17.12441100337668,17.239002786033904,0,0,False,False,TNC,False,0.0,False,False,False
MA1112003,,PROSPECT MOUNTAIN CAMPGROUND,GRANVILLE,42.07571429242892,-72.92385861076382,False,,,,,,,0.1652874953334575,Low,1.8891668708510978,19.468089959624926,4.992101662679867,13.061365216199944,12.664525206363713,1,0,False,False,TNC,False,0.0,False,False,False
MA1112005,,NOBLE AND COOLEY COMPANY,GRANVILLE,42.06301958985858,-72.86430367187641,False,,,,,,,0.1924092794792716,Low,3.1213906401920086,16.207703403982382,0.3085799759403139,8.250586306160512,8.632870838358613,2,0,False,False,TNC,False,0.0,False,False,False
MA1112006,,GRANVILLE VILLAGE SCHOOL,GRANVILLE,42.06642813183788,-72.8546535301117,False,,,,,,,0.2033186642068838,Low,3.244661884203294,15.356465214663254,1.1138223197455168,7.431516597769172,7.943053188036462,2,0,False,False,NTNC,False,0.0,False,False,False
MA1112008,,GRANVILLE COUNTRY STORE,GRANVILLE,42.05189875706607,-72.85910642828993,False,,,,,,,0.1799470790467844,Low,4.062777431688534,16.72835432532063,1.0726712885300085,7.882372675410299,8.044847689923875,2,0,False,False,TNC,False,0.0,False,False,False
MA1112009,,GRAN VAL FARM,GRANVILLE,42.06619713954314,-72.86179993791714,False,,,,,,,0.1969642141228018,Low,3.227299957126024,15.821353753343464,0.7126769662869855,8.023507025723243,8.508724652183432,2,0,False,False,TNC,False,0.0,False,False,False
MA1112010,,MAPLE CORNER FARM,GRANVILLE,42.12647919131611,-72.96053891321738,False,,,,,,,0.0709824673850454,Low,7.841640116937562,20.568569538340125,4.795743942275371,13.86206074110537,11.090838252207856,1,0,False,False,TNC,False,0.0,False,False,False
MA1113000,GREAT BARRINGTON FIRE DIST,EAST MT RESERVOIR,GREAT BARRINGTON,42.18790413077013,-73.3499068927609,True,False,,,10.5,False,False,,,1.5961620970393535,52.53966794259536,3.247863985645937,11.098867566403126,2.2470565208733633,2,0,True,False,ESW,True,0.2860668800840981,True,True,False
MA1113001,,MADDEN OPEN HEART CLUB,GREAT BARRINGTON,42.23315040356379,-73.32163238431828,False,,,,,,,0.0690454342207712,Low,8.656072481585259,50.77371789809117,2.109303409406568,5.5771488228317265,1.5421070233926388,1,0,False,False,TNC,False,0.0,False,False,False
MA1113003,,LONG POND (01S),GREAT BARRINGTON,42.22574648170834,-73.38728074747725,False,,,,,,,0.0483389064874164,Low,4.798238878886841,56.015260634432515,0.9318936258027516,10.037534346341156,3.093381318348634,1,0,False,False,SW,True,0.16711506620068456,True,False,False
MA1113006,,BUTTERNUT BASIN INC,GREAT BARRINGTON,42.184709901708516,-73.3205173591474,False,,,,,,,0.0494760608188526,Low,6.830347642806382,49.941555092410844,4.453575327500934,10.341574578924655,4.07063476763943,1,0,False,False,TNC,False,0.0,False,False,False
MA1113010,,BOGIES RESTAURANT,GREAT BARRINGTON,42.17192077988652,-73.36077119851167,False,,,,,,,0.0326948209900994,Low,3.761184367815751,53.360569793481204,1.3018315546644699,13.087582906821355,3.864828263750813,1,0,False,False,TNC,False,0.0,False,False,False
MA1113012,,UAHC EISNER CAMP INSTITUTE,GREAT BARRINGTON,42.17730022842435,-73.34940002166195,False,,,,,,,0.0353091771646857,Low,4.441134734751514,52.44040672305213,2.191861125321127,12.130296949150962,3.3426312955058695,1,0,False,False,TNC,False,0.0,False,False,False
MA1113013,,BERKSHIRE WALDORF SCHOOL,GREAT BARRINGTON,42.190652945527056,-73.40907933583397,False,,,,,,,0.0484469698969504,Low,0.5783328551772149,57.289582154360176,3.2716706723863793,13.880543434662945,4.42564010227162,3,0,False,False,NTNC,False,0.0,False,False,False
MA1113015,,BRIARCLIFF MOTEL,GREAT BARRINGTON,42.240570044332635,-73.33399963754741,False,,,,,,,0.067548751498832,Low,8.462807993960121,51.89361381558975,1.0224075431684072,5.568048121630948,0.5275402214593412,3,0,False,False,TNC,False,0.0,False,False,False
MA1113016,,MONUMENT MTN REGIONAL HS,GREAT BARRINGTON,42.250164003246184,-73.32897950662009,False,,,,,,,0.0795254397396409,Low,9.551629035503748,51.271107947418976,0.41535633511101216,4.374336641111601,0.6162856430769911,3,1,False,False,NTNC,False,0.0,False,False,False
MA1113017,,WELL #1 LIEBOWITZ,GREAT BARRINGTON,42.208863204436135,-73.38605656425713,False,,,,,,,0.0865863566145051,Low,2.827335733850309,55.70030047922619,1.032689718880639,11.04245044032606,2.170381156183257,1,0,True,False,GW,False,0.0,False,False,False
MA1113022,,"EAGLETON SCHOOL, DORMS",GREAT BARRINGTON,42.22158070905535,-73.38999939136806,False,,,,,,,0.0446980778331868,Low,4.292663038867838,56.179368663641384,0.4241047597019495,10.484207672408512,2.9817613317617746,1,0,False,False,NTNC,False,0.0,False,False,False
MA1113023,,EAGLETON SCHOOL MAIN CAMPUS,GREAT BARRINGTON,42.186427014234155,-73.29551983254433,False,,,,,,,0.0581116267461871,Low,8.663537194356024,48.01968800451382,4.375973661677828,9.961678934211442,5.571121177095396,1,0,False,False,NTNC,False,0.0,False,False,False
MA1113027,,THORNEWOOD INN,GREAT BARRINGTON,42.22316486378307,-73.34253704573361,False,,,,,,,0.0697123560134155,Low,6.620189368887081,52.31606516317303,3.0387833664211557,7.480874497445379,2.3245484548849173,2,0,False,False,TNC,False,0.0,False,False,False
MA1113028,,AMERICAN INSTITUTE FOR ECONOMIC RESEARCH,GREAT BARRINGTON,42.22668829009153,-73.3907558496741,False,,,,,,,0.0485793391151186,Low,4.829845087121598,56.313400999478255,0.9185601087178081,10.221148175859664,3.3764328618109847,1,0,False,False,NTNC,False,0.0,False,False,False
MA1113030,,FIDDLEHEAD GRILL,GREAT BARRINGTON,42.16174088634722,-73.36388926856431,False,,,,,,,0.0295234524705671,Low,4.095308870669849,53.60125651696167,0.16033151815227245,14.209648400801928,5.005593426532052,1,0,False,False,TNC,False,0.0,False,False,False
MA1113031,,EGREMONT COUNTRY CLUB,GREAT BARRINGTON,42.161969064415324,-73.40437574521077,False,,,,,,,0.036039589306153,Low,2.4711985615645307,56.94703759888841,3.396006332280936,15.981746207565132,6.178590021473617,3,0,False,False,TNC,False,0.0,False,False,False
MA1114000,GREENFIELD WATER DEPARTMENT,GREEN RIVER (03S),GREENFIELD,42.64696327833863,-72.62046989044136,True,False,,,10.5,False,False,,,7.163706428516368,50.13734304255612,3.4102347608729646,4.126669416929727,4.305550265837886,1,2,True,False,GW,True,0.350009335984451,True,True,False
MA1117002,HADLEY DPW WATER DIVISION,WELL #2  MT. WARNER,HADLEY,42.374839513360655,-72.5639169046323,True,False,,,10.5,False,False,,,2.231543594270775,15.795129410233372,2.7952637692397904,1.8845338753603225,1.780180782691445,2,14,True,False,GW,True,6.472777462184668e-06,True,True,False
MA1117006,,DCR SKINNER STATE PARK,HADLEY,42.300515388154345,-72.58752391251943,False,,,,,,,0.3830522940069054,Moderate,3.0640784351932697,12.621271721633324,2.7331904772359468,2.9693657460538145,6.643450809894991,2,5,False,False,TNC,False,0.0,False,False,False
MA1120001,,WELL #2,HAMPDEN,42.05585469261739,-72.43744660401356,False,,,,,,,0.3100672972254201,Moderate,7.520874212182954,17.30279216867411,1.430509355357589,5.451817868357713,5.207858441864531,4,0,True,False,GW,False,0.0,False,False,False
MA1120002,,WELL #1,HAMPDEN,42.054787637621594,-72.44280245823981,False,,,,,,,0.3452664356718287,Moderate,7.7168855805337735,17.209698748439376,1.433034183258792,5.034142926300997,4.799755720298697,6,0,True,False,GW,False,0.0,False,False,False
MA1120004,,LA CUCINA DE HAMPDEN,HAMPDEN,42.058903831211296,-72.44084796097025,False,,,,,,,0.1924895895543127,Low,7.23648382259519,16.872785761427114,1.0140311159504283,5.166434351426784,4.900289467434393,6,0,False,False,TNC,False,0.0,False,False,False
MA1120005,,LAUGHING BROOK EDUCATION CTR  SANCTUARY,HAMPDEN,42.0653075917821,-72.40393058479505,False,,,,,,,0.1366191237770579,Low,6.582963647620247,17.89166111766084,0.5294374693863119,8.24408669150035,7.944925158593597,2,0,False,False,TNC,False,0.0,False,False,False
MA1120006,,THORNTON BURGESS MIDDLE SCHOOL,HAMPDEN,42.06487329836019,-72.43783800766396,False,,,,,,,0.1865710865387465,Low,6.538355359373645,16.404366338451855,0.5830371131455083,5.260713692155007,4.96268412605509,5,0,False,False,NTNC,False,0.0,False,False,False
MA1120008,,GREATHORSE COUNTRY CLUB,HAMPDEN,42.06483340096033,-72.43024497784822,False,,,,,,,0.1879440314103019,Low,6.251093414870758,16.251137205146794,0.7047916072132883,5.63341781716491,5.315369729869227,5,0,False,False,NTNC,False,0.0,False,False,False
MA1120009,,LOUIES RESTAURANT,HAMPDEN,42.063400340299744,-72.41710666306994,False,,,,,,,0.1561108066016995,Low,6.61707124105152,17.43542700704684,1.6976564561744973,7.1420085077233155,6.84919886922074,3,0,False,False,TNC,False,0.0,False,False,False
MA1120011,,GREEN MEADOWS SCHOOL,HAMPDEN,42.066980150266645,-72.40811143642384,False,,,,,,,0.1422932066766171,Low,6.328790257261183,17.536209756199156,0.9724946476947075,7.9156710739410885,7.608876052808475,2,0,False,False,NTNC,False,0.0,False,False,False
MA1120013,,UNIVERSAL ADEPT SWIM INSTITUTE,HAMPDEN,42.06223486627923,-72.44553726131672,False,,,,,,,0.2262727714145636,Low,6.964956727048107,16.367572399728676,0.606223938051429,4.785353248298689,4.495581139189458,8,1,False,False,TNC,False,0.0,False,False,False
MA1120015,,WELL #2,HAMPDEN,42.06239913098381,-72.42592625755016,False,,,,,,,0.3162414341247004,Moderate,6.70909685911328,17.137238427834827,1.6158666325775353,6.3733920328252855,6.085688346857329,4,0,True,False,GW,False,0.0,False,False,False
MA1120017,,ROHA ENTERPRISES II  LTD,HAMPDEN,42.058804976466654,-72.44198837219876,False,,,,,,,0.1926940594032384,Low,7.266401937497416,16.839798074115247,1.0012044612756725,5.07227411363745,4.80716039172755,6,0,False,False,TNC,False,0.0,False,False,False
MA1120019,,THE BAGEL NOOK,HAMPDEN,42.05653595704209,-72.44007449836528,False,,,,,,,0.178391972769903,Low,7.482600614304484,17.13619611144444,1.2843414165537947,5.241820023174706,4.992411531646399,5,0,False,False,TNC,False,0.0,False,False,False
MA1120020,,HAMPDEN VILLAGE FOOD MART,HAMPDEN,42.05594991418709,-72.43901050045476,False,,,,,,,0.1664264848142256,Low,7.531225941387871,17.234150907161645,1.3731884503047873,5.334458085497369,5.088669881360062,4,0,False,False,TNC,False,0.0,False,False,False
MA1120021,,OCONNELL CONVENIENCE PLUS STORE #13,HAMPDEN,42.05583730857749,-72.44007781197296,False,,,,,,,0.1777954657783602,Low,7.558967557331851,17.20531924630749,1.3589058022457423,5.247417271992657,5.003106630423308,5,0,False,False,TNC,False,0.0,False,False,False
MA1120022,,2 ALLEN ST PROFESSIONAL BLDG,HAMPDEN,42.059356471683834,-72.44027603706523,False,,,,,,,0.1927485579895922,Low,7.177962339926185,16.8497177818368,0.9816928214831019,5.213092128930514,4.943612168279106,6,0,False,False,NTNC,False,0.0,False,False,False
MA1120023,,WELL #1,HAMPDEN,42.06532314863973,-72.40594900936192,False,,,,,,,0.2666898515931961,Moderate,6.525892848850397,17.776530437273106,0.7613236911662529,8.077639517010379,7.778066553695342,2,0,True,False,GW,False,0.0,False,False,False
MA1120024,,HAMPDEN SENIOR CENTER,HAMPDEN,42.06403055586228,-72.44437935132574,False,,,,,,,0.2139197702462746,Low,6.747558807921699,16.232722230386706,0.40000399512366097,4.896333299231257,4.5942575792133065,7,1,False,False,TNC,False,0.0,False,False,False
MA1120025,,HAMPDEN RECREATION PARK,HAMPDEN,42.06679551573294,-72.41890740587306,False,,,,,,,0.1724433941544972,Low,6.230214294579678,17.039051564855207,1.8502847256559172,7.02503444921531,6.716028401860857,4,0,False,False,TNC,False,0.0,False,False,False
MA1120026,,GHS REALTY INC,HAMPDEN,42.06326926901712,-72.41724146027282,False,,,,,,,0.1560802599896982,Low,6.630685875855019,17.44138988609898,1.7102485621451562,7.130062164835994,6.837860055762317,3,0,False,False,TNC,False,0.0,False,False,False
MA1120027,,VFW POST #9397,HAMPDEN,42.05739761906807,-72.4308401881816,False,,,,,,,0.1553267243250373,Low,7.286471179765723,17.411569633804085,1.5998769540084028,5.999672544191648,5.740488201319127,3,0,False,False,TNC,False,0.0,False,False,False
MA1120028,,CFI DBA DAILY MART,HAMPDEN,42.063179665611656,-72.41985168731485,False,,,,,,,0.158147346149654,Low,6.626969014135849,17.331326342346287,1.9261618735175152,6.913802973084518,6.621725748171419,3,0,False,False,TNC,False,0.0,False,False,False
MA1120029,,HAMPDEN TOWN HALL,HAMPDEN,42.06495412281344,-72.41400244107732,False,,,,,,,0.1451410114987622,Low,6.471578424851541,17.436557476890368,1.43245004230002,7.4099308181496735,7.110454374251104,2,0,False,False,TNC,False,0.0,False,False,False
MA1120030,,MT VIEW DRIVE IN,HAMPDEN,42.060001262888406,-72.44247843453888,False,,,,,,,0.2064053285887099,Low,7.145268379091139,16.70292400699742,0.8629600520293044,5.030679778791852,4.757014397574033,7,0,False,False,TNC,False,0.0,False,False,False
MA1120031,,VILLAGE COUNTRY KITCHEN,HAMPDEN,42.06323985913375,-72.4183122674183,False,,,,,,,0.1569434478319899,Low,6.627494157182782,17.39531533567948,1.7987291826679257,7.041389579998846,6.749202274087508,3,0,False,False,TNC,False,0.0,False,False,False
MA1120033,,REDIKER SOFTWARE,HAMPDEN,42.058944277837554,-72.4392617470728,False,,,,,,,0.1802494499508208,Low,7.20735244263427,16.929008285308697,1.0559010472527395,5.297627539525284,5.030787334735867,5,0,False,False,NTNC,False,0.0,False,False,False
MA1120034,,BETHLEHEM BAPTIST CHURCH,HAMPDEN,42.062838429064875,-72.45162794874551,False,,,,,,,0.2334197944164464,Low,7.049488541692482,16.08828668422439,0.7981590538346399,4.287015320495398,3.9914811260637846,8,2,False,False,TNC,False,0.0,False,False,False
MA1120035,,NEW ENGLAND EQUITIES LLC,HAMPDEN,42.062799427224675,-72.42033798152102,False,,,,,,,0.1581224386779073,Low,6.667401327500184,17.34499369256024,1.9707908779046925,6.87141855238398,6.581171460382117,3,0,False,False,NTNC,False,0.0,False,False,False
MA1121001,,WELL 2,HANCOCK,42.44933633743751,-73.37058973249675,False,,,,,,,0.3699007808963172,Moderate,6.830626633251493,62.95900944223155,9.310945294179282,4.009818617757075,5.281632988739593,0,2,True,False,GW,False,0.0,False,False,False
MA1121002,,HUTTOPIA BERKSHIRE LLC,HANCOCK,42.57633944255427,-73.32621138004038,False,,,,,,,0.1553082268247874,Low,16.440903016132843,68.24153367128527,5.302907441433804,8.707466249323971,15.06816475467394,0,0,False,False,TNC,False,0.0,False,False,False
MA1121004,,WELL #1,HANCOCK,42.55401610713373,-73.28971861815178,False,,,,,,,0.4172869123441871,Moderate,12.704037536723762,64.19432540321283,3.7653413349545084,5.188290126406295,11.723099958692957,1,0,True,False,GW,False,0.0,False,False,False
MA1121005,,BERKSHIRE VALLEY INN,HANCOCK,42.604862294607024,-73.28813935403525,False,,,,,,,0.1093824017907908,Low,13.981492202016423,68.49348376849287,0.9167354828656372,11.006415390820573,14.02304081942184,2,0,False,False,TNC,False,0.0,False,False,False
MA1121008,,BLUEBIRD AND CO,HANCOCK,42.55805036489142,-73.29344603115608,False,,,,,,,0.2239196736413229,Low,13.643179155079626,65.15406722099222,4.697849486180821,6.038727515350326,12.564813772547566,1,0,False,False,TNC,False,0.0,False,False,False
MA1121009,,HANCOCK ELEMENTARY SCHOOL,HANCOCK,42.57631688555638,-73.29895019067975,False,,,,,,,0.1918898369342962,Low,15.604216450656313,66.87540883104906,4.205214353084617,8.106186460420167,14.637577795846017,2,0,False,False,NTNC,False,0.0,False,False,False
MA1121010,,VACATION VILLAGE IN THE BERKSHIRES,HANCOCK,42.56346526890929,-73.28839161640182,False,,,,,,,0.216822611430603,Low,13.934131323331918,65.2626682879342,4.781452423121107,6.494232605472122,13.028632083818872,1,0,False,False,NTNC,False,0.0,False,False,False
MA1121011,,WELL #2,HANCOCK,42.579397920273706,-73.29357099067731,False,,,,,,,0.3428470448578598,Moderate,15.678995591905506,66.79423916691286,3.7626864771769655,8.307933014847501,14.842141546053382,2,0,True,False,GW,False,0.0,False,False,False
MA1121013,,LIBERTY PLAZA,HANCOCK,42.4289194740351,-73.34878196180476,False,,,,,,,0.2519587906262388,Moderate,4.604614141232622,60.29910987223259,7.877196511621089,1.249708206635552,2.4147691160254854,0,2,False,False,TNC,False,0.0,False,False,False
MA1121014,,HILLCREST ITU,HANCOCK,42.53878607653754,-73.33191719462685,False,,,,,,,0.204535089981378,Low,12.846415087654298,66.12177030898818,5.975901252144771,6.278268370435525,12.028698588608806,0,0,False,False,TNC,False,0.0,False,False,False
MA1121015,,IOKA VALLEY FARM,HANCOCK,42.558186219476525,-73.30508557528918,False,,,,,,,0.2005369495663709,Low,14.203103873113443,65.86842431322803,5.286306497968912,6.434773689222413,12.895164826881176,0,0,False,False,TNC,False,0.0,False,False,False
MA1124000,,RUGGLES HILL WELL,HARDWICK,42.35049078092461,-72.19604496483541,False,,,,,,,0.1360768883698891,Low,5.472910621899198,32.84113919906851,3.595912116558491,10.84943152576343,4.377694557414546,4,0,True,False,GW,False,0.0,False,False,False
MA1124001,,GP WELL #2,HARDWICK,42.30205524428091,-72.19057572227628,False,,,,,,,0.2171918051980257,Low,2.991971085956181,30.765867693990888,1.2638378097740974,6.319765289381522,1.6247997692750025,3,0,True,False,GW,True,0.9605995861941149,True,False,False
MA1124002,,GP WELL # 3,HARDWICK,42.355156199431775,-72.14092178276722,False,,,,,,,0.0870486236185839,Low,0.89232863000662,37.02550850667536,5.066285811945258,10.640684065467148,0.38523080369478613,0,0,True,False,GW,False,0.0,False,False,False
MA1124003,,WELL #4,HARDWICK,42.366202004313436,-72.20003799710058,False,,,,,,,0.0940278354187487,Low,5.863640453137244,33.50704807775261,2.473376158913071,12.242830574588881,4.959148320187644,2,0,True,False,GW,False,0.0,False,False,False
MA1124007,,ALLIANCE FOR THE HOMELESS,HARDWICK,42.30858692806195,-72.232591759484,False,,,,,,,0.1487792253710828,Low,3.2974544115825215,27.927430466155617,2.9104810179354175,5.44347943291729,2.036560695378793,4,0,False,False,TNC,False,0.0,False,False,False
MA1124008,,HARDWICK ELEMENTARY SCHOOL,HARDWICK,42.31739482560182,-72.18512404530176,False,,,,,,,0.0797266337754681,Low,4.630596257887225,31.8716070502667,0.5075124547003615,7.951806778861051,2.0857636756606306,4,0,False,False,NTNC,False,0.0,False,False,False
MA1124009,,HARDWICK CROSSING COUNTRY CLUB,HARDWICK,42.30880096402537,-72.19107321938121,False,,,,,,,0.0960856903465978,Low,3.56212052616142,31.026752575134097,0.666859444599376,6.888403478047385,1.3885196485109295,4,0,False,False,TNC,False,0.0,False,False,False
MA1124011,,OLD FURNACE GENERAL STORE,HARDWICK,42.34388251476549,-72.1600079315033,False,,,,,,,0.0530618214925816,Low,2.829671907275235,35.04604198128332,3.1487287080141324,10.400297167085073,1.6716164411179097,3,0,False,False,TNC,False,0.0,False,False,False
MA1124012,,HARDWICK VINEYARD AND WINERY,HARDWICK,42.32739948649706,-72.24862139726983,False,,,,,,,0.1019917307871593,Low,5.762395999699241,27.807528207483173,1.2558424239194916,6.635335464072496,3.9166598473797407,1,0,False,False,TNC,False,0.0,False,False,False
MA1127000,HATFIELD WATER DEPT,OMASTA WELL (02G),HATFIELD,42.4136696579574,-72.62670455045318,True,True,,,10.5,False,False,,,5.878690203837258,22.077779959813288,2.6341917401916097,1.103638641180457,2.8863656993677287,4,10,True,False,GW,False,0.0,False,False,False
MA1129003,,DCR DUBUQUE STATE FOREST,HAWLEY,42.55278862870479,-72.9444715392247,False,,,,,,,0.0382035442613001,Low,10.828490923955126,47.76404972471136,3.9787821504644647,14.94004325159928,9.909367634372558,2,0,False,False,TNC,False,0.0,False,False,False
MA1130002,,JACOBS ROAD MUNICIPAL CENTER,HEATH,42.702572033877395,-72.83054356638704,False,,,,,,,0.025861627511754,Low,22.93071651892264,61.25129178671131,6.923137889561706,10.821564676335237,9.169726846581684,0,0,False,False,TNC,False,0.0,False,False,False
MA1130003,,MOHAWK ESTATES,HEATH,42.675385561280166,-72.7950611295385,False,,,,,,,0.0473057758815182,Low,24.202480576752546,57.609135325968715,4.175054915716936,6.933797611233625,8.655564501313892,1,0,False,False,TNC,False,0.0,False,False,False
MA1130004,,HEATH TOWN HALL AND SENIOR CENTER,HEATH,42.673342617442344,-72.82220546080484,False,,,,,,,0.0234457508424658,Low,23.92375576074227,57.937790731585984,3.6104133281955355,9.020987252473027,6.861978249430239,1,0,False,False,TNC,False,0.0,False,False,False
MA1130005,,WHITMORE SPRING,HEATH,42.65898408588342,-72.82784202286429,False,,,,,,,0.0172190129161431,Low,23.78460301805922,56.43624188848103,2.190253569438232,9.27604294139959,5.437609736499716,1,0,False,False,TNC,False,0.0,False,False,False
MA1132000,,BELMONT RESERVOIR,HINSDALE,42.43168330142366,-73.14777474202879,False,,,,,,,0.150352604855164,Low,5.202193429022778,46.876196931077345,1.6598984465312634,4.682820436670797,3.499095019763471,1,3,False,False,SW,True,0.4503247375794543,True,False,False
MA1132001,,DEEP WELL #2,HINSDALE,42.45875575990038,-73.0877990608291,False,,,,,,,0.1895793814622454,Low,5.684422016638522,45.3810453254107,5.68168315213681,5.945699396915338,2.3259699298242857,0,0,True,False,GW,False,0.0,False,False,False
MA1132002,,WELL #1,HINSDALE,42.44344391810794,-73.08684051390311,False,,,,,,,0.1470300582298099,Low,7.13925085823001,44.04785428008162,4.628671887876245,6.680690374184862,1.8643075827106697,1,0,True,False,GW,False,0.0,False,False,False
MA1132006,,CAMP TACONIC,HINSDALE,42.45374082221122,-73.09246004884595,False,,,,,,,0.08823554228139,Low,6.355738362433082,45.174365729316804,4.765393321126291,5.52479659586051,1.4074348176945204,1,0,False,False,TNC,False,0.0,False,False,False
MA1132008,,WELL #1 SHORE DRIVE,HINSDALE,42.45680118444773,-73.08882785640539,False,,,,,,,0.1814192508906344,Low,5.918063770666406,45.29292509030941,5.464380962648409,5.918306999435684,2.1233884545608133,0,0,True,False,GW,False,0.0,False,False,False
MA1132009,,WELL #1,HINSDALE,42.39872597652293,-73.1252003716516,False,,,,,,,0.2256458901353328,Low,3.207662474597953,43.09343017077836,2.5521583338039955,8.658262253979222,5.318427430560622,2,0,True,False,GW,False,0.0,False,False,False
MA1132011,,BERKSHIRE LAKE CAMP,HINSDALE,42.444198509002725,-73.07804102927884,False,,,,,,,0.0675428456107368,Low,6.983468023150944,43.664796578262234,5.2915230880218775,7.2806741921365425,2.5802459295611215,0,0,False,False,TNC,False,0.0,False,False,False
MA1132012,,WELL #1,HINSDALE,42.4443170430782,-73.0866969941669,False,,,,,,,0.1480928623421927,Low,7.157610333873937,44.16623126484945,4.6919652046627505,6.643482551827027,1.8683236893064006,1,0,True,False,GW,False,0.0,False,False,False
MA1132013,,FERNWOOD FOREST CAMPGROUND INC,HINSDALE,42.4314194924453,-73.13735252121907,False,,,,,,,0.1121041013074586,Low,5.970446834675684,45.8195521018627,1.057655754413294,4.92876693587019,2.532154966616584,1,1,False,False,TNC,False,0.0,False,False,False
MA1132014,,HINSDALE TRADING COMPANY,HINSDALE,42.44755779240005,-73.12951400649503,False,,,,,,,0.1349232351477295,Low,6.050502345187068,46.92908739072098,3.0004505337804197,3.6598975094329234,1.6770647079154857,1,3,False,False,TNC,False,0.0,False,False,False
MA1135001,,PJS TAVERN,HOLLAND,42.05499852141051,-72.16052144798157,False,,,,,,,0.1712385693639804,Low,10.74394929992081,34.52339045919037,1.3509681640935791,7.217580078493592,8.98436168282414,5,0,False,False,TNC,False,0.0,False,False,False
MA1135003,,HOLLAND ELEMENTARY SCHOOL,HOLLAND,42.064997788151295,-72.16007864474462,False,,,,,,,0.1854032016087221,Low,10.05494421414561,34.07184804290401,0.30085700151130174,6.223286374295693,8.122918767897218,5,0,False,False,NTNC,False,0.0,False,False,False
MA1135007,,LAKE SIOG PARK,HOLLAND,42.07617177398694,-72.165067053995,False,,,,,,,0.2054873380029346,Low,8.998051857440522,33.18657835851321,0.6881043415748467,5.310152019173712,7.5944963993059655,4,0,False,False,TNC,False,0.0,False,False,False
MA1135008,,CAUSEWAY TAVERN,HOLLAND,42.048988267963395,-72.15382376580453,False,,,,,,,0.1588855516693297,Low,11.15684257823789,35.32044233914621,1.1283796008257954,7.61085961126929,9.19700808127618,5,0,False,False,TNC,False,0.0,False,False,False
MA1135011,,HOLLANDS  MAINE ATTRACTION,HOLLAND,42.055268962680294,-72.16028939541654,False,,,,,,,0.1716145699167163,Low,10.737830647055356,34.52706564975501,1.3729955481971345,7.182136963104581,8.948914532505269,5,0,False,False,TNC,False,0.0,False,False,False
MA1135012,,HOLLAND MARKET,HOLLAND,42.05658795390792,-72.16063467186902,False,,,,,,,0.1737999619023442,Low,10.61833427102733,34.436008621447094,1.225616308739696,7.0641042646944125,8.853373288901997,5,0,False,False,TNC,False,0.0,False,False,False
MA1135013,,HOLLAND SENIOR CENTER,HOLLAND,42.0700297537973,-72.16466109751664,False,,,,,,,0.2013540962125563,Low,9.415188895359739,33.4936403094433,0.1420555538790421,5.888908766045313,8.00554084772818,5,0,False,False,TNC,False,0.0,False,False,False
MA1135014,,BALDERELLI INC,HOLLAND,42.06585779590947,-72.1641935950268,False,,,,,,,0.1917407019183559,Low,9.728124759542053,33.72288322539191,0.3292557959125639,6.3021408759102,8.293844479906383,5,0,False,False,TNC,False,0.0,False,False,False
MA1137000,HOLYOKE WATER WORKS,MCLEAN RESERVOIR (03S),HOLYOKE,42.17737974279301,-72.66793058234799,True,False,,,10.5,False,False,,,4.499403207930394,4.477736802978433,2.095869985424275,1.695713479053844,3.077149249257915,3,21,False,False,ESW,True,0.478651003900453,True,True,True
MA1137003,,DCR MT TOM STATE RESERVATION,HOLYOKE,42.26656618793627,-72.63519339755459,False,,,,,,,0.2879607263569951,Moderate,3.0594316843103213,11.606223333575846,1.1695585936119246,2.6480287050640015,2.9618346998384464,4,5,False,False,TNC,False,0.0,False,False,False
MA1143000,,WELL #2,HUNTINGTON,42.2394156102019,-72.90597076144374,False,,,,,,,0.2464057431371673,Low,13.446490747683569,18.152472526061914,2.299916464358275,2.372819688075965,2.244554573928893,4,1,True,False,GW,False,0.0,False,False,False
MA1143002,,THE RAPIDS BAR AND GRILL,HUNTINGTON,42.27719082812028,-72.86460390022556,False,,,,,,,0.1101692120937413,Low,13.679851276741571,18.10581583844457,1.7379128343030916,4.809612171761085,4.578112088648428,4,1,False,False,TNC,False,0.0,False,False,False
MA1143003,,GATEWAY REGIONAL SCHOOL,HUNTINGTON,42.25329540818515,-72.86872682253241,False,,,,,,,0.1114056831487164,Low,14.667255303978479,16.523903213633425,0.9443590934618193,2.162601025371365,1.9558605105357245,4,1,False,False,NTNC,False,0.0,False,False,False
MA1143004,,COUNTY LINE TAVERN,HUNTINGTON,42.239074620556295,-72.90945434387406,False,,,,,,,0.1280671473123277,Low,13.250073520132116,18.401677844847192,2.5987397408213107,2.664604863172185,2.5432038333247102,4,1,False,False,TNC,False,0.0,False,False,False
MA1143006,,THE RETREAT AT NORWICH LAKE,HUNTINGTON,42.29982739639177,-72.82837383478123,False,,,,,,,0.0822863882347104,Low,13.111493373195122,18.330195059943602,2.701493741246366,8.269953543235234,8.08978580665112,1,0,False,False,TNC,False,0.0,False,False,False
MA1143007,,DCR C M GARDNER STATE FOREST,HUNTINGTON,42.27228162249526,-72.86519619772378,False,,,,,,,0.1098742494668,Low,14.162776611297955,17.744732099263036,2.280565175264985,4.267867229310874,4.039401809917927,4,1,False,False,TNC,False,0.0,False,False,False
MA1143008,,YMCA CAMP NORWICH,HUNTINGTON,42.311923442109475,-72.83203347460721,False,,,,,,,0.0873915347468431,Low,11.906116254529806,19.64448526948064,3.1405727541135953,9.337255350614853,9.136883307892866,1,0,False,False,TNC,False,0.0,False,False,False
MA1143010,,NEBBS WELL,HUNTINGTON,42.28401637960518,-72.84558121035947,False,,,,,,,0.089074563943101,Low,13.721538331180987,17.67016823999243,1.480855778219276,6.0544178555445205,5.862522994190513,2,0,False,False,TNC,False,0.0,False,False,False
MA1143011,,KNIGHTVILLE DAM WATER SYSTEM,HUNTINGTON,42.343230405044615,-72.84838148405997,False,,,,,,,0.1277554653885377,Low,8.561754143356639,18.9141044902718,0.20826234284180473,6.070138118008783,5.835100743463791,2,0,False,False,TNC,False,0.0,False,False,False
MA1143013,,NORWICH LAKE FARM  LOWER SYSTEM,HUNTINGTON,42.30000292108,-72.83913702587007,False,,,,,,,0.0853406371946545,Low,12.542813823696182,18.814564003004936,1.884982519573793,7.889427572755204,7.689363519112532,1,0,False,False,TNC,False,0.0,False,False,False
MA1143014,,NORWICH LAKE FARM  UPPER SYSTEM,HUNTINGTON,42.309048727255586,-72.84047425050878,False,,,,,,,0.0891645793563895,Low,11.685856848088227,19.722877273345738,2.4298186381274975,8.779208639187017,8.568221992480746,1,0,False,False,TNC,False,0.0,False,False,False
MA1148000,,GP WELL #2 TOWN BROOK,LANESBOROUGH,42.50920750573339,-73.23513315457605,False,,,,,,,0.4801948650948167,Moderate,6.558418640965529,57.956509732063765,2.577729438563503,2.7895954947003037,6.6591909296054865,1,4,True,False,GW,False,0.0,False,False,False
MA1148007,,CAMP MOHAWK IN THE BERKSHIRES,LANESBOROUGH,42.533211960198535,-73.20055699989706,False,,,,,,,0.27322753383992,Moderate,8.644733951789272,57.771805090414915,4.6909388626117146,3.476061948946956,7.622844543098868,1,5,False,False,TNC,False,0.0,False,False,False
MA1148008,,WELL #7 (02G),LANESBOROUGH,42.540841804876266,-73.24300646919025,False,,,,,,,0.4492316791723904,Moderate,10.063605553790461,60.83335617165681,2.6043585040993826,4.339333907603291,10.096074248780742,1,1,True,False,GW,False,0.0,False,False,False
MA1148009,,ARIZONA PIZZA COMPANY,LANESBOROUGH,42.49298644758595,-73.20163743036143,False,,,,,,,0.4593621859280982,Moderate,4.175612675050456,54.70875093519858,2.365655382028126,0.41483815872938595,4.105933258018873,4,14,False,False,TNC,False,0.0,False,False,False
MA1148010,,THE BROOK PUB  GRILL,LANESBOROUGH,42.54138946132189,-73.23164368650866,False,,,,,,,0.2381579520399895,Low,9.851729723159409,60.210687484345996,3.303929460387124,4.913337507210632,9.716516205657621,1,1,False,False,TNC,False,0.0,False,False,False
MA1148014,,VS DOG HOUSE,LANESBOROUGH,42.49215179977669,-73.20246515674296,False,,,,,,,0.4704654517022334,Moderate,4.0825654379845195,54.695960162715004,2.3884421848306014,0.3478379795896804,4.106957599498781,4,15,False,False,TNC,False,0.0,False,False,False
MA1148016,,MT GREYLOCK CAMPSITE PARK LLC,LANESBOROUGH,42.551810986755896,-73.22997501537412,False,,,,,,,0.2434398559702573,Low,10.890239055866052,60.93718234327892,4.051830905546047,5.409013851572959,10.597073965043123,2,0,False,False,TNC,False,0.0,False,False,False
MA1148017,,PITTSFIELD MOLD  TOOL,LANESBOROUGH,42.508869366055954,-73.18936157019961,False,,,,,,,0.3159305598737472,Moderate,6.034069686399777,55.20011403957512,3.013281422837052,2.121110435420944,4.792448339282371,2,11,False,False,TNC,False,0.0,False,False,False
MA1148018,,PONDEROSA CAMPGROUND,LANESBOROUGH,42.506894156108714,-73.2807324102719,False,,,,,,,0.3244429839595674,Moderate,8.620122067816672,60.62308660107214,2.278324005135761,0.9709471766791176,6.863164218555087,1,1,False,False,TNC,False,0.0,False,False,False
MA1148019,,VILLAGE AT GREYLOCK,LANESBOROUGH,42.538756910075946,-73.22925449212119,False,,,,,,,0.2363314901526481,Low,9.520871679679871,59.865325900810404,3.2874762350551983,4.818809912556801,9.364688861277738,1,1,False,False,TNC,False,0.0,False,False,False
MA1148020,,DONNYBROOK COUNTRY CLUB,LANESBOROUGH,42.577370235949,-73.2542759188377,False,,,,,,,0.1656752370149793,Low,14.206007819439153,64.3654245976928,2.3988222324883157,7.930485085232394,12.417038666347251,3,0,False,False,TNC,False,0.0,False,False,False
MA1148022,,RAMBLEWILD LLC,LANESBOROUGH,42.56733236056888,-73.26316501641838,False,,,,,,,0.2398390366041562,Low,13.402113706699115,64.07878229975742,3.5845568970134263,6.740295409117961,13.088849094118359,3,0,False,False,TNC,False,0.0,False,False,False
MA1148023,,PATRIOTS RESORTS WELCOME CENTER,LANESBOROUGH,42.53832499967226,-73.22950800103604,False,,,,,,,0.2378621015835112,Low,9.479114770462708,59.84631118311707,3.243765066528004,4.769420245113715,9.338609464513958,1,1,False,False,TNC,False,0.0,False,False,False
MA1150000,LEE WATER DEPT,VANETTI RESERVOIR (02S),LEE,42.323429963235505,-73.22804554020243,True,False,,,10.5,False,False,,,4.527736978362719,44.26746202252034,1.4609951144332567,1.7256469261890401,2.9951109020396824,7,2,False,False,SW,True,0.09697054078685605,True,False,False
MA1150002,,COLD SPRING,LEE,42.284828125635286,-73.2389852964555,False,,,,,,,0.1609703500837484,Low,12.540761521217913,45.47945371169997,1.9144959887681618,1.3176719939537467,2.2403919551227833,4,2,False,False,TNC,False,0.0,False,False,False
MA1150003,,SPRING (01G),LEE,42.3199722222747,-73.29861111742238,False,,,,,,,0.2017329289705941,Low,11.875441386211778,51.4041925715191,3.002862338392518,4.943652985478619,3.082488419867991,4,2,True,False,GW,False,0.0,False,False,False
MA1150005,,BEAVER AUCTIONS & APPRAISALS,LEE,42.2982789418187,-73.20060729638115,False,,,,,,,0.1461469756604383,Low,9.586131058950137,42.99407816507585,1.5872006878396716,4.149365588159247,4.217355218289009,3,1,False,False,TNC,False,0.0,False,False,False
MA1150012,,MAPLE GLADE CAMPGROUNDS,LEE,42.338912752813606,-73.23471066615532,False,,,,,,,0.2771072232522263,Moderate,8.225568572309957,47.35011193860325,0.35223898662155967,0.7539734083932352,3.366111916779098,5,1,False,False,TNC,False,0.0,False,False,False
MA1150013,,NEW BELDEN TAVERN,LEE,42.29611564824941,-73.16004842264044,False,,,,,,,0.1436416247753592,Low,8.832983515319897,39.79990086566174,4.127188949384838,7.461553151828835,7.568414984498126,3,0,False,False,TNC,False,0.0,False,False,False
MA1152000,LENOX DPW WATER DIVISION,LOWER ROOT RESERVOIR (01S),LENOX,42.3672941925242,-73.32830809627706,True,False,,,10.5,False,False,,,6.858718670767476,55.56429508437832,3.4009780197851156,6.106146418643053,4.673464743230116,4,0,False,False,SW,True,0.15963065430480836,True,False,False
MA1152010,,PLEASANT VALLEY WILDLIFE SANCTUARY,LENOX,42.38439384537461,-73.29998016701882,False,,,,,,,0.168594272379219,Low,4.74631020752466,54.40508139234479,2.4839048125284755,3.796212430791495,3.009799450602689,1,2,False,False,TNC,False,0.0,False,False,False
MA1154000,,LEVERETT VILLAGE CO OP,LEVERETT,42.494323093637576,-72.46919037931066,False,,,,,,,0.0589650361984858,Low,11.647867303541767,33.77132232031973,2.4305771063980903,11.403933571028382,9.260496080553636,1,0,False,False,TNC,False,0.0,False,False,False
MA1154001,,LEVERETT ELEMENTARY SCHOOL,LEVERETT,42.463375317867644,-72.49774830685975,False,,,,,,,0.0757336637425448,Low,8.942370109444582,30.058103423970135,3.268253884600837,8.923243040857136,6.179299470328937,1,0,False,False,NTNC,False,0.0,False,False,False
MA1154003,,MT TOBY MEETINGHOUSE,LEVERETT,42.45615233708595,-72.52606994746864,False,,,,,,,0.083716496170445,Low,7.275774836691613,29.114885066802213,3.9551068334867283,7.606208720580874,3.716491894452587,2,0,False,False,TNC,False,0.0,False,False,False
MA1154004,,HAMPSHIRE FRANKLIN CHILDRENS DAY CARE,LEVERETT,42.43764363137433,-72.52970252020387,False,,,,,,,0.1226108297688153,Low,5.230003474119477,27.05401442803788,3.4904604446044374,5.745624410099511,3.3972781403339387,1,0,False,False,NTNC,False,0.0,False,False,False
MA1156001,,PEARL RHODES ELEM SCHOOL,LEYDEN,42.691402238952776,-72.6276474461085,False,,,,,,,0.1166093757028024,Low,14.048100488348197,55.77581163560791,6.709669138520916,8.170270130537544,10.841485644852405,0,0,False,False,NTNC,False,0.0,False,False,False
MA1159001,,PIONEER VALLEY YACHT CLUB,LONGMEADOW,42.06375066610225,-72.59232166798671,False,,,,,,,0.5260696176797823,High,3.1004050443560836,14.579735659813824,0.8176031720133619,2.6614974347671643,2.673381102732999,13,22,False,False,TNC,False,0.0,False,False,False
MA1159002,,FIELD CLUB OF LONGMEADOW,LONGMEADOW,42.040710192611854,-72.53499607187885,False,,,,,,,0.3795563585217776,Moderate,6.880782676107271,17.037519437071328,3.438161115272153,0.524186570190348,2.7577934490242324,7,7,False,False,TNC,False,0.0,False,False,False
MA1161002,,VILLA ROSE RESTAURANT,LUDLOW,42.20529993354782,-72.41018040168458,False,,,,,,,0.2223447221822895,Low,3.636057905794982,10.293238781112677,5.9951416415707675,4.577607812631113,5.094736612425836,0,2,False,False,TNC,False,0.0,False,False,False
MA1161004,,WESTOVER GOLF COURSE,LUDLOW,42.21733796036388,-72.52261804367798,False,,,,,,,0.3945453141140443,Moderate,2.780525083427027,2.7441167832425433,1.7181985238044784,2.3557410673924233,4.044130667655988,5,10,False,False,TNC,False,0.0,False,False,False
MA1161005,,CHURCH OF JESUS CHRIST OF LDS,LUDLOW,42.198097884142555,-72.4955949752085,False,,,,,,,0.4087708562079153,Moderate,3.2697325865508304,3.194737584431808,2.2979838107505115,1.1515306890588555,3.3899616656622444,4,11,False,False,TNC,False,0.0,False,False,False
MA1161006,,LUPA ZOO,LUDLOW,42.19780536961877,-72.48941802120007,False,,,,,,,0.3669904962818311,Moderate,3.321786935746611,3.696888163248045,2.5919398836405,1.3259531448443245,3.136437386742076,3,10,False,False,TNC,False,0.0,False,False,False
MA1183002,,AZUREGREEN,WALES,42.35111108001676,-73.01028011245477,False,,,,,,,0.0745245150611343,Low,4.270889950832915,32.45795436598378,0.21416850757118874,16.911889203336315,13.26027211259914,3,0,False,False,TNC,False,0.0,False,False,False
MA1190000,,PHELPS BROOK RESERVOIR,MONROE,42.72458093548554,-72.94287207164736,False,,,,,,,0.0485533654840448,Low,13.839833424850754,65.68270954822364,0.6091676049881072,4.448362105388265,0.31526004252355877,2,1,False,False,SW,True,0.9999999999999923,True,False,False
MA1191000,MONSON WATER AND SEWER DEPT,BUNYAN ROAD REPLACEMENT WELL #1,MONSON,42.133711416571806,-72.31135822212418,True,False,,,10.5,False,False,,,4.578847920615263,19.574783438837418,1.615017084342484,0.16002476877398816,0.7311730936513251,3,8,True,False,GW,True,0.33368516859312003,True,False,False
MA1191001,,PARTRIDGE HOLLOW CAMPING,MONSON,42.089389683826866,-72.27590181920328,False,,,,,,,0.2286339584552369,Low,3.81019294238861,24.29219413875017,3.088299623987681,3.894022509828135,4.029904192345952,2,3,False,False,TNC,False,0.0,False,False,False
MA1191003,,SPRINGFIELD SPORTSMANS CLUB,MONSON,42.07900200945294,-72.35186268476924,False,,,,,,,0.2038696043665005,Low,2.663432761005514,19.746159193240697,3.725272975041209,5.199466716340048,4.454390088216292,2,0,False,False,TNC,False,0.0,False,False,False
MA1191004,,SUNSETVIEW FARM CAMPING AREA,MONSON,42.12112195581621,-72.29433575322865,False,,,,,,,0.3459523108107197,Moderate,2.5423847513746645,21.393416800203926,2.4746299331838757,1.141657907182743,2.2612000260814415,4,5,False,False,TNC,False,0.0,False,False,False
MA1191005,,QUEST ENTERPRISES,MONSON,42.152385563255876,-72.37384796142803,False,,,,,,,0.2821369578009523,Moderate,5.266748211319671,14.012146556983568,4.170160045977976,3.077624081789201,4.009523125562294,4,5,False,False,TNC,False,0.0,False,False,False
MA1191007,,WESTVIEW FARM,MONSON,42.09918240186078,-72.28462980056705,False,,,,,,,0.2644164262732353,Moderate,3.3287857262011267,23.14462998111281,3.073106079429047,2.6338417584456226,2.875000667076321,3,3,False,False,TNC,False,0.0,False,False,False
MA1191008,,MAGIC LANTERN,PALMER,42.15376412075031,-72.37200275725519,False,,,,,,,0.2778664599441846,Moderate,5.481525132757349,14.106603886970406,4.0414004763489935,2.9011223377583453,3.793608827181363,4,5,False,False,TNC,False,0.0,False,False,False
MA1191011,,ASYLUM FITNESS,MONSON,42.15642095200608,-72.36312858112544,False,,,,,,,0.2259901048279407,Low,6.2419831513238995,14.716769785972742,3.392206010730177,2.5930046016904,3.06679240283865,2,6,False,False,TNC,False,0.0,False,False,False
MA1191012,,SILVER BELL FARM LLC,MONSON,42.139208412583535,-72.3835309876442,False,,,,,,,0.2736968901225802,Moderate,3.783021054610239,13.840450840218839,3.890317725927155,4.693397639718302,5.5835021293861455,4,1,False,False,TNC,False,0.0,False,False,False
MA1191013,,ARDOR CROSSFIT AND FITNESS,MONSON,42.15285638608122,-72.36803965362758,False,,,,,,,0.249351745632863,Low,5.680354489689682,14.449206592079276,3.701952593494397,2.9722012035778156,3.6328849534253336,3,5,False,False,TNC,False,0.0,False,False,False
MA1191014,,ECHO HILL ORCHARDS AND WINERY,MONSON,42.108503456213306,-72.34787813509844,False,,,,,,,0.1962281048874009,Low,4.641840295273738,18.077049085776597,1.8864413815493617,3.2066539258199263,2.587401920686314,2,3,False,False,TNC,False,0.0,False,False,False
MA1192000,TURNERS FALLS WATER DEPT,HANNEGAN BROOK WELL,MONTAGUE,42.56094906590118,-72.50937690155844,True,False,,,10.5,False,False,,,3.011550105485434,38.32980784058063,3.317747201964849,3.9046544680734256,1.701894891438047,3,3,True,False,ESW,True,0.31267682608777364,True,False,False
MA1192003,,WELL #1,MONTAGUE,42.52759227037022,-72.53238482417841,False,,,,,,,0.3124908574986481,Moderate,7.131512520978784,37.043513721991516,2.4075816237361343,5.563445200085094,6.127318978564063,2,0,True,False,GW,False,0.0,False,False,False
MA1192006,,MONTAGUE RETREAT CENTER,MONTAGUE,42.51625499322333,-72.50287369309855,False,,,,,,,0.1020656812067427,Low,8.506132274875942,35.87512291172671,1.483449944388721,7.992056944563001,6.6032964873243145,2,0,False,False,TNC,False,0.0,False,False,False
MA1192007,,COMMON VARIETY,MONTAGUE,42.52517204171483,-72.52868524723452,False,,,,,,,0.1550528575367713,Low,7.372632658341251,36.77697021854551,2.119483536018284,5.948397351398062,6.221949861339793,2,0,False,False,TNC,False,0.0,False,False,False
MA1193000,,SANDISFIELD RD. RESERVOIR (01S),MONTEREY,42.170367415972734,-73.2025523796482,False,,,,,,,0.0767535620507736,Low,13.300883024975152,40.288070707131155,3.4540604071782215,13.582153799964054,9.547519279956237,1,0,True,False,ESW,False,0.0,False,False,False
MA1193003,,WELL #2,MONTEREY,42.16950374775527,-73.24012249282728,False,,,,,,,0.1248824078774486,Low,11.313580116549506,43.27997524401346,0.8185448711952275,12.404074615535288,10.725006800808126,1,0,True,False,GW,False,0.0,False,False,False
MA1193008,,HUME NEW ENGLAND 2,MONTEREY,42.166147731148435,-73.17997942811571,False,,,,,,,0.0191199152480248,Low,14.246043139807863,38.41104938786343,5.290078836801251,14.897552209332277,8.029562463558745,0,0,False,False,TNC,False,0.0,False,False,False
MA1193011,,CAMP KIMAMA HALFMOON,MONTEREY,42.1728784395332,-73.27573756331125,False,,,,,,,0.0508908365994741,Low,10.605093617691052,46.340843387493464,2.652388836252403,11.46735673407505,7.905008358257488,1,0,False,False,TNC,False,0.0,False,False,False
MA1193015,,DCR BEARTOWN STATE FOREST,MONTEREY,42.187019554598955,-73.26387459150574,False,,,,,,,0.0762887611359446,Low,9.58833316932409,44.44733894571303,2.0307352539438157,7.999162372881633,5.695457838217624,1,0,False,False,TNC,False,0.0,False,False,False
MA1193019,,KSA MASS LLC,GREAT BARRINGTON,42.17214808861745,-73.28997320205829,False,,,,,,,0.0494497479043261,Low,9.449536850039838,47.455664786676806,3.762555105789847,11.460091008160926,6.9377749815567995,1,0,False,False,TNC,False,0.0,False,False,False
MA1193020,,HUME NEW ENGLAND 1,MONTEREY,42.16900243402129,-73.17287073173159,False,,,,,,,0.0157715210176281,Low,14.935727400299422,37.832031781675305,5.929662708144109,15.103049780610029,7.362087845318663,0,0,False,False,TNC,False,0.0,False,False,False
MA1193022,,ROADSIDE CAFE,MONTEREY,42.183949081230004,-73.24233183383117,False,,,,,,,0.0643129085913999,Low,12.821127335506892,43.64311975682499,0.860656951061754,10.791054132664964,9.976942604007382,1,0,False,False,TNC,False,0.0,False,False,False
MA1193023,,LSGPO ASSOCIATION,MONTEREY,42.18633856366872,-73.21031170757217,False,,,,,,,0.0515413624309418,Low,14.353887558169992,41.02257178893248,2.9955853105376256,11.742862584091698,9.725034982371026,2,0,False,False,TNC,False,0.0,False,False,False
MA1194001,,MONTGOMERY MARKET PLACE,MONTGOMERY,42.2066831278288,-72.8018087828382,False,,,,,,,0.137786425421711,Low,7.196801360808156,8.948035353436751,3.9784708102168906,6.037896434459572,4.9282730348017,2,0,False,False,TNC,False,0.0,False,False,False
MA1194002,,MONTGOMERY TOWN BUILDINGS,MONTGOMERY,42.21362550521311,-72.8156039201449,False,,,,,,,0.1194694577096265,Low,8.59114075295346,10.349031615106624,3.21318188209474,5.6446797406719975,4.310296367554581,2,0,False,False,TNC,False,0.0,False,False,False
MA1195001,,YMCA CAMP HI ROCK,MOUNT WASHINGTON,42.06884513819412,-73.44662260741208,False,,,,,,,0.0097456607923109,Low,11.055914643490755,60.76420856417719,6.023871324555255,26.40701637847055,16.768364056449734,0,0,False,False,TNC,False,0.0,False,False,False
MA1195004,,DCR MT WASHINGTON STATE FOREST,MOUNT WASHINGTON,42.085544130143916,-73.46190458605027,False,,,,,,,0.009218967898901,Low,11.984660647672165,62.255913021313354,6.578096171182162,25.648017320270156,15.87977327616366,0,0,False,False,TNC,False,0.0,False,False,False
MA1200002,,CARRIAGE HOUSE MOTEL,NEW ASHFORD,42.607206848249476,-73.23479813801715,False,,,,,,,0.1387749494486855,Low,11.178312010205643,65.7425125917155,1.9424505404398342,8.452332963301119,9.849015971356248,4,0,False,False,TNC,False,0.0,False,False,False
MA1200005,,SPRINGS MOTEL,NEW ASHFORD,42.591494541486895,-73.24552286840624,False,,,,,,,0.144030938954991,Low,13.101113632322633,65.02068460443208,1.1510691255529,8.016045054985048,11.159873922280655,3,0,False,False,TNC,False,0.0,False,False,False
MA1200006,,BONDU LLC,NEW ASHFORD,42.60789699892165,-73.23489999892574,False,,,,,,,0.1378641691118298,Low,11.114757295975611,65.80604538280495,1.971708199487448,8.513491321514673,9.84254377572062,4,0,False,False,TNC,False,0.0,False,False,False
MA1200007,,NEW ASHFORD MOTOR INN,NEW ASHFORD,42.60322410675062,-73.2400807882145,False,,,,,,,0.1316767190856295,Low,11.774236705496756,65.69346783341227,1.367374084028524,8.456961819193092,10.36644888879298,3,0,False,False,TNC,False,0.0,False,False,False
MA1200008,,SNOWY OWL RESORT,NEW ASHFORD,42.594717283641415,-73.25862215602622,False,,,,,,,0.1351663260947862,Low,13.17826265849736,65.82264741204622,0.42701710370259705,8.967850171969339,12.077269163505676,3,0,False,False,TNC,False,0.0,False,False,False
MA1200010,,RONNIES CYCLE,NEW ASHFORD,42.606617985646054,-73.23458818525611,False,,,,,,,0.1396248074487033,Low,11.227940478453487,65.68172958785887,1.928692511491566,8.393324041900202,9.845123248700634,4,0,False,False,TNC,False,0.0,False,False,False
MA1203000,,SPRING (01G),NEW MARLBOROUGH,42.10966436163011,-73.2635137231352,False,,,,,,,0.1004831965281964,Low,4.932159459497789,45.63730336812791,5.385496422226745,18.55063925679432,13.404671470877087,0,0,True,False,GW,False,0.0,False,False,False
MA1203002,,DRILLED WELL (01G),NEW MARLBOROUGH,42.09939564364473,-73.23139189455259,False,,,,,,,0.0966809498367881,Low,6.664340072496175,43.16114484222059,2.9650771088071415,20.1108332014417,15.920072445538167,1,0,True,False,GW,False,0.0,False,False,False
MA1203003,,WELL  5 MAIN OFFICE,NEW MARLBOROUGH,42.111792682968776,-73.24840569731911,False,,,,,,,0.1065126570903033,Low,6.069444221429809,42.937197544917225,2.8274798117674287,18.303156865615072,14.003530091139096,1,0,True,False,GW,False,0.0,False,False,False
MA1203006,,HILLSIDE RESTAURANT,NEW MARLBOROUGH,42.16328401264568,-73.2579453294168,False,,,,,,,0.0535579611360512,Low,10.198768934722738,44.84787748198749,1.8502178035065449,12.714816884474688,9.708080145905601,1,0,False,False,TNC,False,0.0,False,False,False
MA1203007,,DCR SANDISFIELD STATE FOREST,NEW MARLBOROUGH,42.09600930043862,-73.17962994871345,False,,,,,,,0.0164008664232347,Low,10.71999475254655,39.000806592557495,2.1834390192915336,21.8224203792172,13.531611197525136,2,0,False,False,TNC,False,0.0,False,False,False
MA1203009,,CAMP WA WA SEGOWEA,NEW MARLBOROUGH,42.07593805513328,-73.23829328114972,False,,,,,,,0.0419964564763353,Low,5.712466430228991,44.145649051064126,4.932634647396858,22.49140567471963,17.6317992965233,1,0,False,False,TNC,False,0.0,False,False,False
MA1203011,,NEW MARLBOROUGH CENTRAL SCHOOL,NEW MARLBOROUGH,42.12032580632261,-73.26870090721519,False,,,,,,,0.0477867668994592,Low,5.577280470514892,45.937008667202974,5.929637603802276,17.33217170181515,12.202496517787106,0,0,False,False,NTNC,False,0.0,False,False,False
MA1203012,,CMC BERKSHIRE,NEW MARLBOROUGH,42.13148240485515,-73.23391670334757,False,,,,,,,0.053791494299006,Low,8.375556925265855,42.96832669227283,3.7780947151117332,16.601475793644035,13.350668295580011,1,0,False,False,TNC,False,0.0,False,False,False
MA1203014,,GEDNEY FARM,NEW MARLBOROUGH,42.123208914482234,-73.22464037496094,False,,,,,,,0.0446644996139511,Low,8.404408065476884,42.27967999725188,2.629999909363058,17.69483534907271,13.748565560971771,1,0,False,False,TNC,False,0.0,False,False,False
MA1203015,,OLD INN ON THE GREEN,NEW MARLBOROUGH,42.12294258452147,-73.23043326732956,False,,,,,,,0.0506732436514442,Low,8.001908369469815,42.75934749147995,3.0230240932857506,17.59226959570326,14.14550004077035,1,0,False,False,TNC,False,0.0,False,False,False
MA1203017,,THE BUGGY WHIP FACTORY LLC,NEW MARLBOROUGH,42.09892953598235,-73.23191295870214,False,,,,,,,0.045614308135152,Low,6.6063711276771935,43.21169650265396,3.025152898770452,20.151696908975165,15.977186376072707,1,0,False,False,TNC,False,0.0,False,False,False
MA1203018,,CANTINA 229,NEW MARLBOROUGH,42.12362444453573,-73.23511571350691,False,,,,,,,0.0514919610743473,Low,7.74627677526348,43.13788673954517,3.4009572136332604,17.421789799979315,13.840078453823711,1,0,False,False,TNC,False,0.0,False,False,False
MA1204001,,SWIFT RIVER ELEMENTARY SCHOOL,NEW SALEM,42.52132286826722,-72.35781717527718,False,,,,,,,0.2776358960473786,Moderate,7.853786303159987,39.134680122018864,1.6687113107951237,4.023631440831355,8.45338048682653,2,1,False,False,NTNC,False,0.0,False,False,False
MA1204002,,HAMILTON ORCHARDS,NEW SALEM,42.488436019464196,-72.34558088974052,False,,,,,,,0.2355382606886669,Low,10.208127120029438,36.18975580919652,2.4522377613742794,6.055939380934583,11.3668529107975,1,0,False,False,TNC,False,0.0,False,False,False
MA1204003,,NEW SALEM GENERAL STORE,NEW SALEM,42.50483801757986,-72.33238906038848,False,,,,,,,0.2867623398640305,Moderate,8.092820833005064,38.30141739647084,1.1256949714009592,3.950910265795774,9.312928127914148,1,1,False,False,TNC,False,0.0,False,False,False
MA1209000,NORTH ADAMS WATER DEPT,GREYLOCK WELL (01G),NORTH ADAMS,42.696760543537316,-73.15456039257685,True,True,5.9,,14.4,True,False,,,1.3016824873053376,66.90338666168286,1.4936685580597155,1.0783691452827389,2.769576817429931,7,4,True,False,SW,True,0.8067622020638425,True,False,False
MA1209001,,HISTORIC VALLEY CAMPGROUND,NORTH ADAMS,42.684748765800855,-73.09170298169263,False,,,,,,,0.2751980671471519,Moderate,3.0034472841740607,66.05074727703747,1.6863111776619402,3.0313419023722394,2.490588351047817,6,4,False,False,TNC,False,0.0,False,False,False
MA1209002,,WIGWAM WESTERN SUMMIT LLC,NORTH ADAMS,42.69676901826751,-73.0661487663467,False,,,,,,,0.1717967460756498,Low,3.830008572051885,66.46627853373708,3.8632230430278764,4.452533693201078,3.0062108772731,2,1,False,False,TNC,False,0.0,False,False,False
MA1214000,NORTHAMPTON WATER DEPT,WEST WHATELY RESERVOIR,NORTHAMPTON,42.43811408661239,-72.68362553521132,True,False,,,10.5,False,False,,,5.736836033734471,18.749512369874438,1.636530806943987,0.7714369529527006,1.3961775635169849,5,16,True,False,SW,True,0.22403949578116947,True,True,False
MA1214001,,WELL #1 (NORTH),NORTHAMPTON,42.361068371955184,-72.68875321675982,False,,,,,,,0.4671395314538785,Moderate,7.346478163701548,22.512414986931102,0.9254296573147285,0.7374858700704828,3.738885547326705,2,4,True,False,GW,False,0.0,False,False,False
MA1214005,,MINERAL HILLS WINERY/GODARD RED HEN FARM,FLORENCE,42.32978999413182,-72.7199228175611,False,,,,,,,0.1890677129236057,Low,8.946669131212838,19.107452700893177,3.517842441851225,3.7479295707292226,4.636931814534177,3,2,False,False,TNC,False,0.0,False,False,False
MA1217000,,GP WELL #1 MILL BROOK,NORTHFIELD,42.69213273896023,-72.44329518981304,False,,,,,,,0.1877524053704941,Low,12.950921981051602,55.82106297945448,1.5872419970140812,3.2484192967975845,1.3633047295998948,4,1,True,False,GW,False,0.0,False,False,False
MA1217001,,GRANDIN RESERVOIR (01S),NORTHFIELD,42.71952076197475,-72.42261502720937,False,,,,,,,0.0509036427882829,Low,16.43279239553767,59.07702866832149,4.408222391696249,5.619668765568914,2.910881588030644,2,0,False,False,SW,False,0.0,False,False,False
MA1217002,,PIONEER VALLEY REGIONAL SCHOOL,NORTHFIELD,42.683734038629346,-72.48794560942471,False,,,,,,,0.232610403648021,Low,10.647779052572691,54.51940746629933,1.832129536852523,1.3385136301929064,3.7595258709972854,5,1,False,False,NTNC,False,0.0,False,False,False
MA1217003,,NORTHFIELD MTN STATION  VISITOR CENTER,NORTHFIELD,42.609054628224825,-72.4687958653426,False,,,,,,,0.3299425897905649,Moderate,4.846234685377808,46.40293156475194,2.9134070500316027,0.21304561463526464,2.688706605305179,3,3,False,False,NTNC,False,0.0,False,False,False
MA1217005,,RIVERVIEW PICNIC AREA,NORTHFIELD,42.61278559847736,-72.47848619328134,False,,,,,,,0.3365950250350182,Moderate,4.343542718192535,46.73000791174265,3.8053408336553542,0.8366812653946342,3.248403688897796,3,3,False,False,TNC,False,0.0,False,False,False
MA1217006,,WELL #4,NORTHFIELD,42.65048677189511,-72.45174264167711,False,,,,,,,0.3585233345784819,Moderate,8.77847245858018,51.14374671472581,2.7421420687679268,4.208045958070488,5.826614765065781,3,2,True,False,GW,False,0.0,False,False,False
MA1217007,,THE BREWERY AT FOUR STAR FARMS,NORTHFIELD,42.63185544486958,-72.4787625900885,False,,,,,,,0.2802320926973706,Moderate,5.766295701911507,48.836507291055916,4.011261227484365,2.4659163055767253,4.901745461163516,2,3,False,False,TNC,False,0.0,False,False,False
MA1223000,ORANGE WATER DEPT,LAKE MATTAWA (01S),ORANGE,42.570129452935156,-72.32813267639942,True,True,,,13.3,False,False,,,2.2404803893915877,44.286262148094714,2.9547682323468543,2.2553086245517897,2.0382998053038848,3,3,True,False,GW,True,0.4995747796820593,True,False,False
MA1223001,,JOLLY BROOK INN,ORANGE,42.63544450943685,-72.25102990691082,False,,,,,,,0.1789233144809828,Low,6.604686649989416,53.389217778484685,2.3673970193724503,4.907254228029639,5.4809250163768555,2,1,False,False,TNC,False,0.0,False,False,False
MA1223005,,ORIENTAL HOUSE INC,ORANGE,42.59706034532048,-72.33307164019062,False,,,,,,,0.1807954306982067,Low,4.722124899956714,47.71639954971037,3.043846556030081,4.0469380506139965,2.7422286299795946,3,2,False,False,TNC,False,0.0,False,False,False
MA1223006,,DANIEL SHAYS PACKAGE STORE,ORANGE,42.549006469108235,-72.2981589302999,False,,,,,,,0.3314536527905556,Moderate,2.471070084359524,43.944296017073576,4.8739812649055185,1.814495094539639,4.116387065055629,1,3,False,False,TNC,False,0.0,False,False,False
MA1223010,,GALE BROOK SCHOOL,ORANGE,42.634072749818124,-72.259207687009,False,,,,,,,0.173211643779658,Low,6.855643826814575,53.84805277686328,2.8831984120178884,5.087441243417318,5.651611529764321,2,0,False,False,NTNC,False,0.0,False,False,False
MA1223011,,KDMK LLC,ORANGE,42.636146552882906,-72.24775693457347,False,,,,,,,0.1793826550713047,Low,6.536763788365983,53.1407287459296,2.198428821264748,4.876507147939601,5.451456984944079,2,1,False,False,TNC,False,0.0,False,False,False
MA1223012,,THE FARM SCHOOL,ORANGE,42.608344386734046,-72.25539115583092,False,,,,,,,0.2524898084791343,Moderate,4.6207626013051115,51.40960845569995,2.1825240046265453,2.5403319263966084,3.2547307154267626,3,4,False,False,TNC,False,0.0,False,False,False
MA1223013,,GREEN KARMA FARM,ORANGE,42.60935545269852,-72.27977326272382,False,,,,,,,0.2292675742558136,Low,4.420488981372853,50.64851322671919,2.2219232338057817,3.335807074748178,3.245396357215741,3,5,False,False,TNC,False,0.0,False,False,False
MA1223017,,CAMP SELAH,ORANGE,42.63423331406482,-72.24448776895535,False,,,,,,,0.1872573151000754,Low,6.222094783400252,52.836816290470146,1.8563448160812674,4.5856914955550785,5.16056954817531,2,2,False,False,TNC,False,0.0,False,False,False
MA1225003,,LAUREL RIDGE CAMPING AREA,OTIS,42.160888723983284,-73.02864447348743,False,,,,,,,0.0166173213479135,Low,14.50308264374494,25.89730662528341,4.6179793097991135,14.942260209611048,6.916785411412887,1,0,False,False,TNC,False,0.0,False,False,False
MA1225006,,KNOX TRAIL INN,OTIS,42.17345806425875,-73.03511047821995,False,,,,,,,0.0127628688340501,Low,15.856988514438077,26.483938848566538,4.7580057573108325,14.690506318521283,5.676930473019306,1,0,False,False,TNC,False,0.0,False,False,False
MA1225009,,CAMP OVERFLOW,OTIS,42.14824062765074,-73.05665031734226,False,,,,,,,0.0068418295236305,Low,15.43573362428487,28.149666496032975,1.7826816080158565,17.49751997720961,5.700503302047194,1,0,False,False,TNC,False,0.0,False,False,False
MA1225011,,FRATELLIS RESTAURANT AND PIZZERIA,OTIS,42.19267831239456,-73.09238754922224,False,,,,,,,0.0038120834890796,Low,14.59705039799097,31.39493613528245,2.090857636395594,17.162995650850487,0.805350793511284,2,0,False,False,TNC,False,0.0,False,False,False
MA1225012,,BERKSHIRE SPORTS ACADEMY,OTIS,42.1700922316927,-73.05809070779272,False,,,,,,,0.0064577781458734,Low,16.37107876201192,28.359321955635792,3.097375441465945,16.55388046612675,4.438460563488155,1,0,False,False,TNC,False,0.0,False,False,False
MA1225013,,OTIS RIDGE SKI AREA,OTIS,42.19674656484454,-73.10029602445351,False,,,,,,,0.0040198813439558,Low,14.415487154610448,32.10019606359018,1.412671452417299,16.373154326407228,0.6243222933014955,1,0,False,False,TNC,False,0.0,False,False,False
MA1225014,,MOUNTAIN VIEW CAMPGROUND INC,OTIS,42.1466998040518,-73.07370001150251,False,,,,,,,0.0048838776705863,Low,16.366118167716348,29.64741252410441,0.7225005940575201,18.931922251647336,6.134730415664241,1,0,False,False,TNC,False,0.0,False,False,False
MA1225016,,CAMP BONNIE BRAE,OTIS,42.19769970893053,-73.03546852666291,False,,,,,,,0.0164656710374754,Low,13.165493870089236,26.819993876526397,5.886176202289528,13.673412224690077,4.8380176164044855,0,0,False,False,TNC,False,0.0,False,False,False
MA1225017,,KLONDIKE CAMPGROUND,OTIS,42.21488554190345,-73.10060123802775,False,,,,,,,0.0082530196819398,Low,12.596676527373596,32.453475337170666,0.5548489719057165,14.45936476148308,1.7592517517467712,1,0,False,False,NTNC,False,0.0,False,False,False
MA1225019,,OTIS RIDGE SKI CAMP,OTIS,42.19179024801578,-73.10302279103767,False,,,,,,,0.0040595864790734,Low,15.010240782068621,32.255614294572226,1.913708755186436,16.572626517162657,1.1644634026225065,1,0,False,False,TNC,False,0.0,False,False,False
MA1225022,,DCR TOLLAND STATE FOREST,OTIS,42.14426798536112,-73.04916380119612,False,,,,,,,0.0113556130251808,Low,14.435258413443675,27.035403494061782,2.7607308073203267,16.576012207887334,6.926066491115039,1,0,False,False,TNC,False,0.0,False,False,False
MA1225028,,OTIS MUNICIPAL BUILDING,OTIS,42.19260802032888,-73.0932465038384,False,,,,,,,0.0038368626314539,Low,14.628726349304811,31.46441861091494,2.0629630780751578,17.11427513285716,0.8046490876819326,2,0,False,False,TNC,False,0.0,False,False,False
MA1225031,,GATE ISLAND WATER SUPPLY,OTIS,42.15704744886171,-73.05575564102934,False,,,,,,,0.0072649821940784,Low,15.964527834905637,28.13649516864106,2.3646066227378286,17.069050147710197,5.705660902069332,1,0,False,False,TNC,False,0.0,False,False,False
MA1225033,,HALLS STORE,OTIS,42.17357729621751,-73.03448578463838,False,,,,,,,0.0130279551743312,Low,15.830040151677172,26.43328045170078,4.8077921470459115,14.638673522213429,5.714420601104767,1,0,False,False,TNC,False,0.0,False,False,False
MA1225034,,OTIS POULTRY FARM INC,OTIS,42.23308189374624,-73.1103973090279,False,,,,,,,0.0189784144458935,Low,11.250644377364834,33.632964532260836,2.6972264292332078,13.339445330622395,3.906229843061508,2,0,False,False,TNC,False,0.0,False,False,False
MA1225036,,FARMINGTON RIVER DINER,OTIS,42.18994388155878,-73.09014157463001,False,,,,,,,0.0037205343073076,Low,14.821895392687647,31.175221003351414,2.446684906555387,17.501827926544753,1.1430775822570178,2,0,False,False,TNC,False,0.0,False,False,False
MA1225039,,BERKSHIRE HILLBILLIES,OTIS,42.174687310154525,-73.04661761759043,False,,,,,,,0.0092998147288176,Low,15.764674480818478,27.441550886737595,4.115570663926962,15.478296860531364,4.806763261413001,1,0,False,False,TNC,False,0.0,False,False,False
MA1225040,,FARMINGTON RIVER REG ELEM SCHOOL,OTIS,42.20578937444796,-73.09484856998365,False,,,,,,,0.0046599365677667,Low,13.315155874038147,31.80493244836609,0.9178958430388272,16.090685891286338,0.6656135820802556,1,0,False,False,NTNC,False,0.0,False,False,False
MA1225041,,KATIES COUNTRY STORE,OTIS,42.17321501349118,-73.03497881718073,False,,,,,,,0.0128311609731026,Low,15.830182356585398,26.471373501057155,4.751326202941401,14.693491362971004,5.7002120761724635,1,0,False,False,TNC,False,0.0,False,False,False
MA1225042,,WESTFIELD CAMPING CLUB,OTIS,42.1942755391522,-73.04027097656315,False,,,,,,,0.0134427055247362,Low,13.559907613666605,27.152748250998755,5.598075494115093,14.168925937380214,4.478434290654227,0,0,False,False,TNC,False,0.0,False,False,False
MA1225043,,LION HILL ROAD ASSOCIATION,OTIS,42.19599356760333,-73.05138191500473,False,,,,,,,0.01035446423553,Low,13.447348834564002,28.088595047263848,4.665372322114054,14.98476447036827,3.5437254292751725,1,0,False,False,TNC,False,0.0,False,False,False
MA1225044,,PAPAS HEALTHY FOOD AND FUEL,OTIS,42.17118342921526,-73.03175977507811,False,,,,,,,0.0143987114104749,Low,15.482632398548567,26.19258074943706,4.8512687552214935,14.567563300492653,6.044917483308938,1,0,False,False,TNC,False,0.0,False,False,False
MA1225045,,OTIS WOODLANDS CLUB INC,OTIS,42.18672652519902,-73.09449511887873,False,,,,,,,0.0038073678182386,Low,15.27799676322149,31.494907880682202,2.6196343505447865,17.471719100894095,1.4562850252237203,2,0,False,False,TNC,False,0.0,False,False,False
MA1225046,,MAPLEWOOD 1850 HOUSE,OTIS,42.199696822745416,-73.0923415247147,False,,,,,,,0.0036634303729761,Low,13.865406239614996,31.495167636681057,1.4729556454072008,16.669301250481706,0.1359337449259595,1,0,False,False,TNC,False,0.0,False,False,False
MA1225047,,OTIS RECREATION CENTER,OTIS,42.149739317143734,-73.09253190724945,False,,,,,,,0.0032374672762948,Low,18.107145828347644,31.19032523145833,0.875549570360693,20.117040467603193,5.565205203218929,2,0,False,False,TNC,False,0.0,False,False,False
MA1227000,PALMER WATER DISTRICT NO.1,GP WELL #2 (02G),PALMER,42.14724716166064,-72.31861112025987,True,False,,,10.5,False,False,,,5.959327047998634,18.422355064232043,0.3369022411438343,0.5730612972782659,2.770138742093549,4,8,True,False,GW,True,0.2661098863826806,True,False,False
MA1227002,,WELL #2,PALMER,42.211718677445404,-72.36521467911699,False,,,,,,,0.4051486593969068,Moderate,4.5504533319844445,14.067507616586411,3.230676136803319,1.2588175082762174,1.2501464174536157,2,2,True,False,GW,False,0.0,False,False,False
MA1227003,,WELL #3,PALMER,42.191257588491915,-72.34758001451452,False,,,,,,,0.4102143157483879,Moderate,4.646878154954367,15.070505207206317,2.3407471327174383,1.7263765440679721,1.7743503997055983,2,5,True,False,GW,True,0.041873377692438964,True,False,False
MA1227005,,MANGOS CAFE,PALMER,42.15916649047859,-72.3593499599733,False,,,,,,,0.2018483585419341,Low,6.674906398583253,14.933911443135674,3.2023598366843875,2.3528883698756218,2.631269683643166,1,6,False,False,TNC,False,0.0,False,False,False
MA1227007,,CJS RESTAURANT,PALMER,42.15431948528739,-72.37120818744137,False,,,,,,,0.2605204861614769,Moderate,5.571369480980481,14.149429152370608,3.9875027630742284,2.8310277205365413,3.7035161424799625,3,5,False,False,TNC,False,0.0,False,False,False
MA1227010,,CAMP RAMAH,PALMER,42.21458887521338,-72.30909992552658,False,,,,,,,0.27688069735126,Moderate,0.8564894234886744,18.70345668914622,0.5112178826156605,3.510232239367556,3.3254688235816707,3,4,False,False,TNC,False,0.0,False,False,False
MA1227012,,CROSS ROADS,PALMER,42.14319575952121,-72.28479521059343,False,,,,,,,0.3941789116647772,Moderate,3.464030205657971,21.34564690424222,1.231379292465134,1.7726343132120994,4.591345966288131,4,8,False,False,TNC,False,0.0,False,False,False
MA1227013,,THE BARN TAVERN,PALMER,42.15496700312265,-72.36905539093722,False,,,,,,,0.2544742080580108,Moderate,5.75522802300986,14.296412494010287,3.8271834648408056,2.742193194095691,3.5245092305008785,3,5,False,False,TNC,False,0.0,False,False,False
MA1227014,,STEAMING TENDER,PALMER,42.15566733524902,-72.32916261556662,False,,,,,,,0.2377537433485366,Low,7.191944214318766,17.445849771471707,0.9877223707637166,1.3978832137480564,2.4722380105046997,2,9,False,False,TNC,False,0.0,False,False,False
MA1227015,,WELL #1,PALMER,42.14641456654842,-72.29659617394687,False,,,,,,,0.6089120391582176,High,4.416105554277731,20.268797253717704,2.2136037719468766,0.7343835250129085,4.440356556957838,3,8,True,False,GW,False,0.0,False,False,False
MA1227016,,ROUTE 20 BATTING CAGES,PALMER,42.145182737732206,-72.29178998241832,False,,,,,,,0.3936069670721926,Moderate,4.029162333409456,20.729648025158387,1.848520148659954,1.1699228846665473,4.481220428735938,3,8,False,False,TNC,False,0.0,False,False,False
MA1227017,,BURGUNDY BROOK FARM,PALMER,42.19356070609163,-72.34964934415277,False,,,,,,,0.2535096954830341,Moderate,4.570321439240059,15.218468543983152,2.3187690348426044,1.5344021958267515,2.0795335403235136,2,5,False,False,TNC,False,0.0,False,False,False
MA1227018,,RONDEAUS DAIRY BAR,PALMER,42.21160000773033,-72.30247972658059,False,,,,,,,0.2673696003252901,Moderate,1.475954941131348,19.190584275996844,1.1129194390183266,3.972362559332036,3.8467948141090136,3,4,False,False,TNC,False,0.0,False,False,False
MA1227019,,RUSSOS SEAFOOD AND STEAK HOUSE,PALMER,42.210549076006224,-72.30811954026179,False,,,,,,,0.2716189094220402,Moderate,1.4420819126952809,18.735342276346103,0.9476686256504858,3.5161357700208264,3.4086102893718566,3,4,False,False,TNC,False,0.0,False,False,False
MA1227020,,PALMER MOTORSPORTS PARK,PALMER,42.22775936397113,-72.24785037013764,False,,,,,,,0.2607534562666034,Moderate,5.269719113732058,23.91420519681614,2.3532135706319686,2.5466918702034778,3.3137324074701513,4,3,False,False,TNC,False,0.0,False,False,False
MA1230001,,REBEL CAFE,PELHAM,42.39567628066772,-72.40443618040123,False,,,,,,,0.1039119581648862,Low,10.76684831537119,24.80520645427048,7.375713703818283,9.32240717924339,9.491564986607283,0,0,False,False,TNC,False,0.0,False,False,False
MA1233002,,CAMP DANBEE,PERU,42.449112937731655,-73.07241491330828,False,,,,,,,0.0719352291601007,Low,6.359747856752312,43.133420340579335,5.5211303790340365,7.42317924896599,2.800633231710102,0,0,False,False,TNC,False,0.0,False,False,False
MA1234001,,HARVARD FOREST,PETERSHAM,42.531853832138346,-72.18941970377807,False,,,,,,,0.155958597108595,Low,5.4318251863565745,47.039738012907016,4.1278227331481485,7.022012979284434,6.814552416318961,1,0,False,False,NTNC,False,0.0,False,False,False
MA1234003,,THE QUABBIN RETREAT,PETERSHAM,42.516563334785346,-72.18367603055886,False,,,,,,,0.1557534155764654,Low,4.323379527567863,45.99408834754086,2.734228608271854,8.920893523794836,8.836982324626096,1,0,False,False,NTNC,False,0.0,False,False,False
MA1234004,,PETERSHAM TOWN HALL,PETERSHAM,42.48820939836927,-72.18586355099123,False,,,,,,,0.157848861284367,Low,2.829643027225152,43.47130032647541,1.5375668903859865,11.590951337888368,11.692107327643638,1,0,False,False,TNC,False,0.0,False,False,False
MA1234005,,PETERSHAM CURLING CLUB,PETERSHAM,42.522223853381405,-72.1826951303061,False,,,,,,,0.1527036505797371,Low,4.8458623348118675,46.53482169120983,3.3190843775606322,8.454745459254433,8.290574303369011,1,0,False,False,TNC,False,0.0,False,False,False
MA1234006,,PETERSHAM CENTER SCHOOL,PETERSHAM,42.48528889684946,-72.19045204846874,False,,,,,,,0.1578410011981519,Low,2.479728605757419,42.978543387922514,1.478877286087303,11.71938318144466,11.67721772345979,1,0,False,False,NTNC,False,0.0,False,False,False
MA1234010,,PETERSHAM COUNTRY CLUB,PETERSHAM,42.5223550969774,-72.18143809001526,False,,,,,,,0.1513119081972413,Low,4.9234530489011155,46.610662869384036,3.3811861448374407,8.505427419905542,8.320309740012897,1,0,False,False,TNC,False,0.0,False,False,False
MA1234011,,PETERSHAM MONTESSORI SCHOOL,PETERSHAM,42.48288182541028,-72.1907651092542,False,,,,,,,0.1511321477419678,Low,2.5084939202363263,42.760978889024024,1.684053330745666,11.832722882002487,11.491219298098319,1,0,False,False,TNC,False,0.0,False,False,False
MA1234012,,PETERSHAM COUNTRY STORE,PETERSHAM,42.48879908943078,-72.1858406983374,False,,,,,,,0.1595831223575853,Low,2.8312339988500024,43.521699926317574,1.5043123681753074,11.532153784047038,11.702764357935443,1,0,False,False,TNC,False,0.0,False,False,False
MA1234013,,QUABBIN WOODS RESTAURANT,PETERSHAM,42.48192391970729,-72.18363657582026,False,,,,,,,0.125597319405896,Low,3.1027516898253156,43.07280032395654,2.1288020062511337,12.302852849401752,11.031623836305899,1,0,False,False,TNC,False,0.0,False,False,False
MA1236000,PITTSFIELD DPU WATER DEPT,ASHLEY INTAKE RESERVOIR (03S),PITTSFIELD,42.41220847974797,-73.19467924051989,True,False,,,10.5,False,False,,,2.0308566587699026,44.21752256884112,2.4942137774065483,3.5664442424811433,2.78826271689155,2,1,False,False,SW,True,0.2586521733481949,True,True,False
MA1236011,,DCR PITTSFIELD STATE FOREST,PITTSFIELD,42.48866030680037,-73.30206638720999,False,,,,,,,0.2713057051377306,Moderate,6.912643144791499,60.743888034960165,4.5256603004628,3.012584550035535,6.1740123406082965,2,1,False,False,TNC,False,0.0,False,False,False
MA1236013,,CAMP WINADU,PITTSFIELD,42.480280681679666,-73.28362328972568,False,,,,,,,0.2491459142163028,Low,5.8735356750925884,58.78552255449544,2.699692110042353,3.1844403097234197,4.2640641570007345,2,10,False,False,TNC,False,0.0,False,False,False
MA1236015,,BOUSQUET SPORT,PITTSFIELD,42.42156191342804,-73.27743832825051,False,,,,,,,0.344494430822831,Moderate,1.399150396629096,54.841465863290765,4.783679589880165,2.0032046771829353,3.054417882550062,1,12,False,False,TNC,False,0.0,False,False,False
MA1236016,,DCR BERKSHIRE REGIONAL HQ,PITTSFIELD,42.4199245323602,-73.26318253711408,False,,,,,,,0.3357142916656189,Moderate,2.5621296744044004,53.7530305349348,4.71661691447673,1.4637275094443638,2.7507067303600645,1,12,False,False,TNC,False,0.0,False,False,False
MA1237001,,PEPPERMINT PARK CAMPING RESORT,PLAINFIELD,42.513999712128545,-72.87249040100951,False,,,,,,,0.0055151381910917,Low,14.577445272304026,41.63205921231736,3.026993737511856,20.1709234018252,6.72605871699656,2,0,False,False,TNC,False,0.0,False,False,False
MA1237003,,EARTHDANCE,PLAINFIELD,42.496717304485,-72.94613116082888,False,,,,,,,0.0459475089766292,Low,9.394980406108719,42.18013638919218,1.3842390028869171,17.564602672085627,13.064330670632849,4,0,False,False,TNC,False,0.0,False,False,False
MA1237005,,PUB 116,PLAINFIELD,42.541331235169345,-72.97296988598455,False,,,,,,,0.0613987577063556,Low,8.164206125950448,47.59828313743769,4.73851520135463,15.691037747591293,12.339580486867288,2,0,False,False,TNC,False,0.0,False,False,False
MA1249000,,RICHMOND CONGREGATIONAL CHURCH,RICHMOND,42.39064398573655,-73.36701200305325,False,,,,,,,0.1548590187290266,Low,7.30388983297305,59.65795089922323,3.435547965978867,4.589080769029679,3.7973871269246855,3,1,False,False,TNC,False,0.0,False,False,False
MA1249004,,RICHMOND CONSOLIDATED SCHOOL,RICHMOND,42.38349147079817,-73.36495397418989,False,,,,,,,0.1393889864751858,Low,7.637093894587748,59.166771594897405,2.6717089865588006,5.175146917851605,4.218795520218984,3,0,False,False,NTNC,False,0.0,False,False,False
MA1249005,,CAMP MARION WHITE,RICHMOND,42.41509315875532,-73.31644499829552,False,,,,,,,0.2290896621702057,Low,2.3336414664009872,57.226486189758944,6.029465169828789,1.8356530981953059,1.233775906954275,0,4,False,False,TNC,False,0.0,False,False,False
MA1249006,,PEIRSON PLACE,RICHMOND,42.398796325090224,-73.36981202205598,False,,,,,,,0.1703237057086428,Low,7.053610252884122,60.25979984384082,4.326804033411426,4.044764669596383,3.523939732186666,3,1,False,False,TNC,False,0.0,False,False,False
MA1249008,,WELL #1,RICHMOND,42.3941192451116,-73.31599427126869,False,,,,,,,0.3239003775563199,Moderate,4.097737392230812,56.073751464509435,4.183865221651738,3.7053943716475213,2.306457170505039,1,4,True,False,GW,False,0.0,False,False,False
MA1249009,,SOMA CATERING,RICHMOND,42.37463900783314,-73.36738748706055,False,,,,,,,0.1169027591553312,Low,8.436506496675051,58.94350677643717,1.6683753806757071,6.141589617523626,4.328709040252567,4,0,False,False,TNC,False,0.0,False,False,False
MA1249010,,BRANCH FARM CONDO ASSN,RICHMOND,42.410776570749746,-73.32267139815553,False,,,,,,,0.2032823827253084,Low,3.02848645704448,57.437355799374565,5.923985820008246,1.816394574938414,0.6739464622088619,0,4,False,False,TNC,False,0.0,False,False,False
MA1249011,,BARTLETTS ORCHARD LLC,RICHMOND,42.40108505873285,-73.31169552881803,False,,,,,,,0.1944891584986754,Low,3.2484139410250594,56.12666867721484,4.519929229451954,3.2168141988901158,1.9669354870468023,1,4,False,False,TNC,False,0.0,False,False,False
MA1249012,,CAMP RUSSELL,RICHMOND,42.41130405872519,-73.32602853227536,False,,,,,,,0.1961375325418508,Low,3.21599428998902,57.5294652501406,5.9470070788349885,1.6268704555100726,0.39194260952749505,0,3,False,False,TNC,False,0.0,False,False,False
MA1249013,,HILLTOP ORCHARD AND FURNACE BROOK WINERY,RICHMOND,42.39588707559013,-73.38718222662385,False,,,,,,,0.1461263822661191,Low,8.48633460844219,61.40803782341997,4.220168920184991,5.34523951124905,4.969535754405519,3,0,False,False,TNC,False,0.0,False,False,False
MA1253002,,ROWE TOWN HALL,ROWE,42.694689457161054,-72.89847493952632,False,,,,,,,0.0757855662538438,Low,17.42136522298428,61.512644428561444,2.9967948338648354,5.244152093576035,4.807034469771545,4,0,False,False,TNC,False,0.0,False,False,False
MA1253003,,ROWE CAMP AND CONFERENCE CENTER,ROWE,42.688892411393134,-72.89741515263636,False,,,,,,,0.0742339369223455,Low,17.574931184731177,60.82852752571127,2.684122004127271,5.265379574066629,5.298344694806427,3,0,False,False,TNC,False,0.0,False,False,False
MA1253004,,ROWE COMMUNITY / AVERY FOUNTAIN,ROWE,42.690892325538194,-72.90397980816633,False,,,,,,,0.0860284339921509,Low,17.01454601721397,61.21722907485171,2.3793290204729307,4.742877533284066,4.760986493773115,4,1,False,False,TNC,False,0.0,False,False,False
MA1253007,,ROWE ELEMENTARY SCHOOL,ROWE,42.70480233790507,-72.88770727694715,False,,,,,,,0.060054940000711,Low,18.242487501377955,62.39471377296918,4.003467215641686,6.370774721283085,4.995019383032322,4,0,False,False,NTNC,False,0.0,False,False,False
MA1253009,,PELHAM LAKE PARK,ROWE,42.70145702753957,-72.8870747559753,False,,,,,,,0.0626331872451385,Low,18.30585066958052,62.02108649078573,4.194516854019088,6.3156404619398465,5.194423406319891,4,0,False,False,TNC,False,0.0,False,False,False
MA1255000,,BLOSSOM STREET ROCK WELL,ROYALSTON,42.63023377477829,-72.14909372221301,False,,,,,,,0.0922855227510338,Low,7.055907075341244,45.08351697839216,1.3190143998612074,7.458275309794695,0.17045345919218005,1,0,True,False,GW,False,0.0,False,False,False
MA1255001,,RAYMOND SCHOOL,ROYALSTON,42.67338398767764,-72.18580107283819,False,,,,,,,0.0671208733592746,Low,10.03339255790017,49.215966033022156,0.3182906967851604,8.302806120040366,5.790251021601296,1,0,False,False,NTNC,False,0.0,False,False,False
MA1255002,,CAMP CARAVAN,ROYALSTON,42.641860868760595,-72.1553803038057,False,,,,,,,0.0539590180328358,Low,7.726765958137014,45.878392207651274,1.9928718653476096,7.571820409664939,1.5035951384232618,2,0,False,False,TNC,False,0.0,False,False,False
MA1255003,,TULLY LAKE CAMPGROUND,ROYALSTON,42.64944447932893,-72.20990762834664,False,,,,,,,0.1487487579644954,Low,7.19131915092258,50.42255862494824,3.068771826008842,6.1866527742780075,5.594546430845639,3,0,False,False,TNC,False,0.0,False,False,False
MA1255004,,ROYALSTON COMMUNITY SCHOOL,ROYALSTON,42.67682478151462,-72.14315934177144,False,,,,,,,0.1447437234661152,Low,11.572632178783016,46.007930919743764,3.557448809211077,4.803727825747934,5.235813059099024,4,1,False,False,NTNC,False,0.0,False,False,False
MA1255005,,VILLAGE SCHOOL,ROYALSTON,42.64289930956866,-72.15287903318638,False,,,,,,,0.0555828418546094,Low,7.939173994450323,45.707009688814125,1.8725975189133228,7.341929144196636,1.5321099294814842,2,0,False,False,NTNC,False,0.0,False,False,False
MA1256000,,RUSSELL RESERVOIR,RUSSELL,42.196555974492874,-72.87410734159651,False,,,,,,,0.3152112928783772,Moderate,5.837999654280502,9.606330307890504,1.0653427992681654,3.006044402182301,0.3292686746149276,6,1,True,False,ESW,False,0.0,False,False,False
MA1256002,,H A MOSES SCOUT RESERVATION,RUSSELL,42.1602000225485,-72.87659997839853,False,,,,,,,0.0785536176593031,Low,6.412628066097179,12.98341457919415,3.530033103499274,8.307325851306178,3.6966614438067036,2,0,False,False,TNC,False,0.0,False,False,False
MA1256003,,BREAD BASKET,RUSSELL,42.16666210516289,-72.8606826087221,False,,,,,,,0.0722965088512526,Low,6.434506780963223,12.0542492014633,2.2415962618915493,7.717307691609898,2.6293116921921293,2,0,False,False,TNC,False,0.0,False,False,False
MA1256004,,AMC NOBLE VIEW OUTDOOR CENTER,RUSSELL,42.13613236506114,-72.86089193109856,False,,,,,,,0.0767699075216425,Low,4.356234866040191,12.272475460106945,5.536249213249319,9.172388577855557,4.176908338814562,0,0,False,False,TNC,False,0.0,False,False,False
MA1260001,,WELL #1,SANDISFIELD,42.093313403577866,-73.07846067858036,False,,,,,,,0.0149297514376795,Low,14.954493068047245,30.870301179725914,5.76648897620674,22.86918599334459,11.900568104337358,0,0,True,False,GW,False,0.0,False,False,False
MA1260002,,MS MURPHYS RESTAURANT  SPIRITS,SANDISFIELD,42.115013385059385,-73.15819550306587,False,,,,,,,0.0107232616321657,Low,12.955082916978057,36.921571928675235,1.767571604553912,20.750451482038027,10.813030786406475,2,0,False,False,TNC,False,0.0,False,False,False
MA1260003,,CONNIES SILVERBROOK CAFE LLC,SANDISFIELD,42.10146080005124,-73.0974313404937,False,,,,,,,0.0044728715004586,Low,16.658307346008343,32.20815987071955,3.9557112698241057,23.447409965185464,10.93003821902504,1,0,False,False,TNC,False,0.0,False,False,False
MA1260005,,SANDISFIELD PUBLIC SCHOOL,SANDISFIELD,42.10831062768354,-73.10832972488453,False,,,,,,,0.0039691316687077,Low,16.76843804243634,32.9553954144949,2.7934186943268013,23.643597218985196,10.234461323976976,2,0,False,False,NTNC,False,0.0,False,False,False
MA1260007,,NEW BOSTON INN,SANDISFIELD,42.09392678655334,-73.07744447741614,False,,,,,,,0.0068079542743616,Low,14.882300024461054,30.7726572362297,5.803774435754725,22.76131754083472,11.842236023079435,0,0,False,False,TNC,False,0.0,False,False,False
MA1260009,,M J TUCKERS LLC,SANDISFIELD,42.07896863560024,-73.06873584884828,False,,,,,,,0.0088670668858989,Low,13.986319945718693,30.510447526779426,7.342959568961397,23.44597970336358,13.585743253978222,0,0,False,False,TNC,False,0.0,False,False,False
MA1260010,,VILLA MIA RESTAURANT,SANDISFIELD,42.0864587523937,-73.07364222994339,False,,,,,,,0.0077043903903626,Low,14.458424981519384,30.672273358847004,6.517935702377556,23.1195349530983,12.704303520745583,0,0,False,False,TNC,False,0.0,False,False,False
MA1260011,,NEW BOSTON STORE,SANDISFIELD,42.094461228963404,-73.07464669379682,False,,,,,,,0.0072439234644786,Low,14.663775288368653,30.533749605647934,5.975958743278435,22.55300517373176,11.812325805178993,0,0,False,False,TNC,False,0.0,False,False,False
MA1263002,,SHADY PINES CAMPGROUND,SAVOY,42.55506526036801,-72.98703002138475,False,,,,,,,0.0673120927581938,Low,8.120007588782569,49.480609312929865,2.8811370791851507,14.347953704435463,12.003880515584658,1,0,False,False,TNC,False,0.0,False,False,False
MA1263003,,SAVOY ELEMENTARY SCHOOL,SAVOY,42.569782092781544,-72.99532320934979,False,,,,,,,0.0765992598805186,Low,8.88160854773722,51.24657378679942,1.118190036997149,12.741158289138417,11.514416524670404,1,0,False,False,NTNC,False,0.0,False,False,False
MA1263005,,DCR SAVOY STATE FOREST,SAVOY,42.645887538855135,-73.04697874957384,False,,,,,,,0.1953438905919347,Low,7.173922001126749,60.70368367744413,3.300058950033239,4.604622417355073,4.524542934742984,5,1,False,False,TNC,False,0.0,False,False,False
MA1267000,,HUBBARD BROOK WELL (05G),SHEFFIELD,42.107639035117884,-73.34478037423828,False,,,,,,,0.0746386251850997,Low,2.518398203697025,52.05748505987253,3.0927675581397556,19.30181163398478,11.075150220174622,1,0,True,False,GW,True,0.48805541517889345,True,False,False
MA1267001,,WELL #2,SHEFFIELD,42.11390558481513,-73.41575365094128,False,,,,,,,0.0396910642581124,Low,7.876457931283292,58.11221396574,4.196405154312175,20.93511738126859,11.293174600158006,2,0,True,False,GW,False,0.0,False,False,False
MA1267002,,RACE BROOK LODGE,SHEFFIELD,42.08450216171166,-73.41265179415309,False,,,,,,,0.0138684967615074,Low,8.746067388498723,58.23612701261328,3.1995431808232975,23.686539716372522,14.256271673904386,1,0,False,False,TNC,False,0.0,False,False,False
MA1267005,,THE LANTERN,SHEFFIELD,42.04868718697228,-73.30101014888713,False,,,,,,,0.0316978327348707,Low,3.4167471687121793,49.93913577679871,7.746030012012211,25.260212281312306,18.21557244683402,0,0,False,False,TNC,False,0.0,False,False,False
MA1267006,,SHEAS PINE TREE INN,SHEFFIELD,42.142913777086676,-73.36332701121235,False,,,,,,,0.0259676830894127,Low,5.646686833585536,53.58646298276147,1.9374438384673038,16.08436451842571,7.091631562474044,1,0,False,False,TNC,False,0.0,False,False,False
MA1267008,,OPTION INSTITUTE AND FELLOWSHIP,SHEFFIELD,42.05012053184166,-73.42832924616299,False,,,,,,,0.0104723824680333,Low,10.23351731552064,59.89966105415676,6.012290716445246,27.366426694044115,17.980032168548313,0,0,False,False,NTNC,False,0.0,False,False,False
MA1267010,,CUSTOM EXTRUSION INC,SHEFFIELD,42.109725078073275,-73.31985650593596,False,,,,,,,0.0388697392081056,Low,3.5589540076142585,50.26551604946471,4.9449100445986165,18.65888594961653,11.237463482340457,1,0,False,False,NTNC,False,0.0,False,False,False
MA1268000,,FOX BROOK RESERVOIR,SHELBURNE,42.6395871363803,-72.70353697980892,False,,,,,,,0.3085296813755047,Moderate,15.765659792030085,51.416026107065555,1.1536070277032475,1.5202744610047447,4.180388595560515,5,1,True,False,GW,True,0.6298997461047873,True,False,False
MA1268001,,SHELBURNE SPRINGS,SHELBURNE,42.594513066498216,-72.68122105114897,False,,,,,,,0.1002562675566562,Low,12.98720787012016,46.101336534312985,3.59524601220641,5.550757694620288,4.526202525086938,4,0,False,False,TNC,False,0.0,False,False,False
MA1268002,,GOULDS SUGAR HOUSE,SHELBURNE,42.58548675763832,-72.70930155725736,False,,,,,,,0.0393383269719569,Low,15.322756675541976,45.81057722110062,1.1141078489410923,7.559488718134158,3.128365478620669,3,0,False,False,TNC,False,0.0,False,False,False
MA1268003,,CLARKS CORVAIR PARTS,SHELBURNE,42.59125241811813,-72.71919594692,False,,,,,,,0.033512491908165,Low,16.12009300429941,46.67850229691644,0.765074355410131,7.169232365391841,2.115476151893957,3,0,False,False,NTNC,False,0.0,False,False,False
MA1268005,,TRAIL DUCK POND RESTAURANT INC.,SHELBURNE,42.6106415743922,-72.6710510530484,False,,,,,,,0.0901005410317503,Low,12.352889677468816,47.62635728878849,3.0074228922662063,5.750412494970848,5.260006027086912,1,0,False,False,TNC,False,0.0,False,False,False
MA1268007,,SPRINGBROOK FAMILY CAMPING,SHELBURNE,42.61112277425263,-72.70073622728609,False,,,,,,,0.0843813075534623,Low,14.766078602827431,48.315368718964145,3.251126221850862,5.085353328763579,2.852113169826936,6,0,False,False,TNC,False,0.0,False,False,False
MA1268010,,VIPASSANA MEDITATION CENTER,SHELBURNE,42.634682349794716,-72.67228569605084,False,,,,,,,0.1520543077126829,Low,12.960227151756557,50.12955288628309,0.7713173101421877,4.19634247589658,6.023210625711864,4,1,False,False,TNC,False,0.0,False,False,False
MA1268011,,WELL #1,SHELBURNE,42.5915138662293,-72.67584505816731,False,,,,,,,0.2312116601854119,Low,12.561900366725212,45.61089822226736,3.9173177311579526,5.010678481171199,5.118725265675911,3,0,True,False,GW,False,0.0,False,False,False
MA1268013,,DEUCE BAR & GRILL,SHELBURNE,42.59203216821364,-72.72415456851587,False,,,,,,,0.031057147497419,Low,16.527126486244704,46.89513587407806,0.5754771523807061,7.11506479489132,1.8191403318719657,3,0,False,False,TNC,False,0.0,False,False,False
MA1268014,,SHELBURNE FALLS COFFEE ROASTERS,SHELBURNE,42.61053632984015,-72.67022038624765,False,,,,,,,0.0926219274130886,Low,12.283735776854028,47.5988325952584,3.038354172836236,5.691233950107835,5.326864725663461,1,0,False,False,TNC,False,0.0,False,False,False
MA1268015,,BITTERSWEET HERB FARM,SHELBURNE,42.58372538858192,-72.7024976884876,False,,,,,,,0.0510101050451832,Low,14.775017690104107,45.450762423744685,1.6656769063295322,6.981845774566079,3.6592085190348014,3,0,False,False,TNC,False,0.0,False,False,False
MA1268016,,ARROWHEAD SHOPS,SHELBURNE,42.60372733482283,-72.67215986663594,False,,,,,,,0.1202988608576943,Low,12.33448123733886,46.902765214656064,3.731605256518588,5.356968840761372,5.15604510595601,4,0,False,False,TNC,False,0.0,False,False,False
MA1268017,,HAGERS FARM MARKET,SHELBURNE,42.614571331934116,-72.66705886638255,False,,,,,,,0.0953644204729217,Low,12.11516009248338,47.97431739676251,2.7153046785883785,5.8124276814230145,5.640121312434039,1,0,False,False,TNC,False,0.0,False,False,False
MA1268018,,APEX ORCHARD FARM STORE,SHELBURNE,42.624191330735684,-72.65759886930144,False,,,,,,,0.0974144279382958,Low,11.645742893420838,48.84686003719179,2.3860662295361155,5.8518529523516785,5.645627170458484,1,0,False,False,TNC,False,0.0,False,False,False
MA1272001,,DCR C A HOLMES RECREATION AREA,SHUTESBURY,42.50684743277867,-72.43781819393513,False,,,,,,,0.0664496819191788,Low,11.70168413781151,35.62952020497608,3.971891298790567,10.724166707132948,8.9607339332546,1,0,False,False,TNC,False,0.0,False,False,False
MA1272002,,SHUTESBURY ELEMENTARY SCHOOL,SHUTESBURY,42.44755784848984,-72.43064356615658,False,,,,,,,0.099895912300548,Low,11.626225730748219,29.411561815650863,4.8775141743836175,10.456970946100627,11.067962334279805,1,0,False,False,NTNC,False,0.0,False,False,False
MA1272003,,CAMP ANDERSON FOUNDATION,SHUTESBURY,42.50922197316923,-72.42661474134806,False,,,,,,,0.0831643120981335,Low,12.072013883011401,36.10155112004614,4.8556858002816075,9.767544992560529,9.266805676866658,1,0,False,False,TNC,False,0.0,False,False,False
MA1272004,,SIRIUS COMMUNITY CENTER,SHUTESBURY,42.41912043312792,-72.42602425204144,False,,,,,,,0.1022740615097662,Low,10.720190856225457,26.529626898479652,5.351241828064998,8.85567595082572,9.11390298307457,0,0,False,False,TNC,False,0.0,False,False,False
MA1272005,,SHUTESBURY ATHLETIC CLUB,SHUTESBURY,42.47089750123068,-72.41306708172131,False,,,,,,,0.0979927752990268,Low,14.279311454690562,32.31816701988998,7.1954415487268415,11.010116559054879,13.134022876943714,0,0,False,False,TNC,False,0.0,False,False,False
MA1275001,SOUTH HADLEY FIRE DISTRICT #2 WATER DEPT,DRY BROOK WELL #1 (04G),SOUTH HADLEY,42.28208524602493,-72.5993271750568,True,False,,,10.5,False,False,,,0.838998323838402,11.15159102471064,0.4752048887402137,2.131126645266062,4.89254813030501,4,4,True,False,GW,True,0.08959702859576225,False,True,False
MA1276000,SOUTHAMPTON WATER DEPT,GLENDALE WELL #2,SOUTHAMPTON,42.24694885554741,-72.70874144378418,True,False,,,10.5,False,False,,,8.002324316793008,9.916859097511951,0.7222932127772743,1.2086364893925299,3.602968767846487,5,2,True,False,GW,False,0.0,False,False,False
MA1279000,SOUTHWICK WATER DEPT,GREAT BROOK WELL #1,SOUTHWICK,42.06229369898853,-72.7390518074049,True,False,,,10.5,False,False,,,0.7428756847495981,10.771019865455125,1.6811262487269583,0.6413660133160399,2.515963424395084,2,5,True,False,GW,False,0.0,False,False,False
MA1279002,,SODOM MOUNTAIN CAMPGROUND,SOUTHWICK,42.06665109733732,-72.82429887837797,False,,,,,,,0.2788687880925677,Moderate,1.2424659170183847,13.460712326840426,1.4355422683847856,4.920424612784595,5.568967138164981,3,1,False,False,TNC,False,0.0,False,False,False
MA1279003,,THE RANCH GOLF CLUB,SOUTHWICK,42.084434437955906,-72.78003034900514,False,,,,,,,0.3625239725897983,Moderate,2.835906805958801,9.749560156759616,2.581247251764133,2.142994665147731,4.359208916854916,3,6,False,False,NTNC,False,0.0,False,False,False
MA1281000,SPRINGFIELD WATER AND SEWER COMMISSION,LITTLEVILLE RESERVOIR (03S),SPRINGFIELD,42.265350230166234,-72.87940975438833,True,False,,,10.5,False,False,,,1.819830793075248,8.517717962350948,2.264699728655047,3.3756704476253816,3.112533278840924,4,1,False,False,SW,True,0.872270500559935,True,True,True
MA1283003,,LAKE AVERIC (ECHO LAKE),STOCKBRIDGE,42.315606079600364,-73.34082631580422,False,,,,,,,0.0583074801710568,Low,12.966567542113886,54.52504437060203,1.4082255980648477,6.3187178302603275,2.3597642900532083,4,0,False,False,SW,True,0.29615032653244805,True,False,False
MA1283010,,CAMP MAH KEE NAC,STOCKBRIDGE,42.3387997517771,-73.30939997835372,False,,,,,,,0.0981728691977477,Low,9.86882226637193,52.989877484143946,3.1743962754940487,5.5610856748347475,3.3579586373763757,3,0,False,False,TNC,False,0.0,False,False,False
MA1283011,,BERKSHIRE THEATRE FESTIVAL,STOCKBRIDGE,42.30293811783879,-73.29859116703683,False,,,,,,,0.1189167221556634,Low,13.766180114682463,50.776685629233334,2.769510835618442,3.1834687999474243,2.0636206971670066,6,2,False,False,TNC,False,0.0,False,False,False
MA1283012,,WHEATLEIGH INN,STOCKBRIDGE,42.341763910513855,-73.30314341787518,False,,,,,,,0.0999669635574872,Low,9.483177112049054,52.6384119520726,2.6968069878111005,5.085688004645557,2.754716414226585,3,0,False,False,TNC,False,0.0,False,False,False
MA1283013,,BERKSHIRE COUNTRY DAY SCHOOL,STOCKBRIDGE,42.345183479469036,-73.32691773371116,False,,,,,,,0.1077385412499187,Low,9.29786478993612,54.594210753920905,3.5897098397255576,7.079922370868273,3.6477745495588114,7,0,False,False,NTNC,False,0.0,False,False,False
MA1283015,,WELL #1,STOCKBRIDGE,42.338159442122546,-73.30093166696663,False,,,,,,,0.2191741987481389,Low,9.845212421518422,52.27455934131534,2.4212698561130583,4.807692107510064,2.714640616063816,4,1,True,False,GW,False,0.0,False,False,False
MA1283016,,MAH KEE NAC WATER COMPANY,STOCKBRIDGE,42.32757401173473,-73.31153163498652,False,,,,,,,0.0842994943797752,Low,11.128046785514599,52.69776895482642,3.029024140601414,5.7787157153710815,3.3026977526664116,3,0,False,False,TNC,False,0.0,False,False,False
MA1283017,,DRUMMOND #5,STOCKBRIDGE,42.29465441605386,-73.29478345965627,False,,,,,,,0.2569265440381503,Moderate,14.678967403316097,50.126292922315464,2.8889087916476845,2.087387513200257,2.372606543461719,5,2,True,False,GW,True,0.9999907454568212,True,False,False
MA1283019,,WELL #1,STOCKBRIDGE,42.295160919984674,-73.31933420609595,False,,,,,,,0.157320462035673,Low,14.135536259554199,52.139288878808586,1.4905842744360236,3.4854781207125103,0.5145651523928054,5,1,True,False,GW,True,1.0,True,False,False
MA1283022,,THE STOCKBRIDGE SPORTSMAN CLUB INC,STOCKBRIDGE,42.31068567925397,-73.35293604682913,False,,,,,,,0.0541853077779307,Low,13.813126689008392,55.30413372359607,1.8420326475721538,6.731185228911284,2.787891411306636,4,0,False,False,TNC,False,0.0,False,False,False
MA1289000,,HUBBARD WELL,SUNDERLAND,42.43547653650007,-72.5448937392765,False,,,,,,,0.2375447331471868,Low,4.7023949808448045,26.826396923829577,2.9778365151890553,4.858242831828435,1.4118188062625088,2,1,True,False,GW,True,0.9999999999999989,True,True,False
MA1289001,,WELL #1,SUNDERLAND,42.45499080936055,-72.56264324319535,False,,,,,,,0.1821010749369173,Low,6.82730672352084,29.00533358352854,3.3878191156973063,5.241560622458313,1.0607107720661872,2,0,True,False,GW,True,1.0,True,True,False
MA1289002,,WELL #1,SUNDERLAND,42.50089272613024,-72.54198456650799,False,,,,,,,0.2549061156076777,Moderate,10.06425587939893,34.084001309461684,1.0106421965081436,5.57614531862869,5.700563721460308,3,0,True,False,GW,True,1.0,True,True,False
MA1297002,,TWIN BROOK CAMPING AREA,TOLLAND,42.04880859578978,-73.0172715995507,False,,,,,,,0.0528847274473625,Low,9.77292870388316,27.593669617755076,12.2572441955551,20.54927634372986,17.93347877539212,0,0,False,False,TNC,False,0.0,False,False,False
MA1297006,,CAMP KINDERLAND,TOLLAND,42.041426618838926,-73.02201406100839,False,,,,,,,0.0464623893189186,Low,10.664281776948533,28.473844873572816,12.902536211342998,21.417959758697894,18.57344808435155,0,0,False,False,TNC,False,0.0,False,False,False
MA1297007,,FRIENDS OF DANCE NEW ENGLAND,TOLLAND,42.11970157005121,-73.04044339792053,False,,,,,,,0.0146149593575827,Low,12.7623445634014,27.209891726280446,4.481214906299278,18.57084074481258,9.822369505330405,1,0,False,False,TNC,False,0.0,False,False,False
MA1297008,,WILDWOOD PROPERTY OWNERS,TOLLAND,42.060986040735585,-73.00925465173428,False,,,,,,,0.0623477541002329,Low,7.935840082080949,25.41744888954799,10.740313575377526,19.05924596524707,16.382556430293068,0,0,False,False,TNC,False,0.0,False,False,False
MA1302001,,SUNSET FARM,TYRINGHAM,42.25494819437029,-73.21566846830403,False,,,,,,,0.1217188748412257,Low,14.477626021288957,42.67095751036187,3.4261669461271187,5.117041194987181,6.074585818342715,4,0,False,False,TNC,False,0.0,False,False,False
MA1306001,,WELL #3,WALES,42.03205631665253,-72.23592733355483,False,,,,,,,0.2958184864971173,Moderate,8.29183809763417,30.487475970399853,4.648455712784556,9.535670128111018,10.85136075845906,2,0,True,False,GW,False,0.0,False,False,False
MA1306002,,WALES IRISH PUB,WALES,42.078135394818275,-72.2009197544569,False,,,,,,,0.4122119920740639,Moderate,6.553502312456803,30.392197225651433,1.243816203696113,4.038845345270848,10.005061245059375,5,1,False,False,TNC,False,0.0,False,False,False
MA1306003,,OAK HAVEN FAMILY CAMPGROUND,WALES,42.06725073057118,-72.2166316586043,False,,,,,,,0.3011057966839577,Moderate,6.750164863439577,29.775556011114244,0.8204030125630243,5.352870573761224,9.500243053310644,4,0,False,False,TNC,False,0.0,False,False,False
MA1306004,,WALES ELEMENTARY SCHOOL,WALES,42.071593488818294,-72.22188026659288,False,,,,,,,0.31360521038098,Moderate,6.119451569673143,29.16507089118262,1.1470572323454307,4.9958333682943605,8.88708444617131,4,1,False,False,NTNC,False,0.0,False,False,False
MA1306005,,LAKE GEORGE TAVERN,WALES,42.06433469475855,-72.22238900225874,False,,,,,,,0.2607307867757349,Moderate,6.826602270817197,29.51440431601929,1.3509521338917672,5.780404559872406,9.259361199284173,3,0,False,False,TNC,False,0.0,False,False,False
MA1306006,,WELL #1,WALES,42.06426317357119,-72.23237690651355,False,,,,,,,0.3908760234152941,Moderate,6.486036789314608,28.73705229294934,1.808754260950129,6.04651023913739,8.515731102214186,2,0,True,False,GW,False,0.0,False,False,False
MA1306007,,WALES MARKET,WALES,42.07321184194064,-72.21777117735608,False,,,,,,,0.3509564411034674,Moderate,6.129983549705441,29.383106012999807,1.0917197801870417,4.728966596200527,9.10761303224897,5,1,False,False,TNC,False,0.0,False,False,False
MA1306008,,WALES SENIOR CENTER,WALES,42.074964488507085,-72.21506394538544,False,,,,,,,0.36772794384557,Moderate,6.086690142683364,29.49419074056312,1.0510076422557482,4.487808043951377,9.226927022139897,5,1,False,False,TNC,False,0.0,False,False,False
MA1306009,,TUPPER HILL  NORCROSS WILDLIFE SANCTUARY,WALES,42.058844424072134,-72.26323603249398,False,,,,,,,0.194431284954502,Low,4.956884315958131,26.954288294083078,2.4510088661864073,7.211666065886194,7.136751898663793,4,0,False,False,TNC,False,0.0,False,False,False
MA1309000,WARE WATER DEPT,DISMAL SWAMP WELL (03G),WARE,42.279398237129755,-72.21629452288968,True,True,4.9,7.1000000000000005,18.5,True,False,,,0.3144024614685771,24.77643009489803,1.3676662722162098,0.8274249216624543,0.533810525920789,4,4,True,False,GW,True,0.37603515633409074,True,True,False
MA1309001,,WELL #2,WARE,42.27782079577292,-72.31191953176723,False,,,,,,,0.5151495168879782,High,1.738695933409711,20.54723693541767,1.0295976209603914,3.1561716444717693,5.848567319415004,1,1,True,False,GW,False,0.0,False,False,False
MA1309009,,HAMPSHIRE EAST PROPERTIES LLC,WARE,42.23427068628364,-72.26189601109937,False,,,,,,,0.3091639201235922,Moderate,4.264431073668903,22.898127678074523,1.7438481652206834,2.26628994966541,2.8844119209485544,6,4,False,False,NTNC,False,0.0,False,False,False
MA1311000,,COMINS POND TUBULAR WELL FIELD,WARREN,42.20542290353819,-72.19323506066372,False,,,,,,,0.381326116259194,Moderate,4.5612929829234385,28.086830385631696,2.490603783152481,1.1025111810855162,1.27320696007278,1,1,True,False,GW,True,0.7565150332228887,True,False,False
MA1311001,,GP WELL #2,WARREN,42.19950304667802,-72.19900228634931,False,,,,,,,0.3377400624071183,Moderate,4.79942204205845,27.66638313209294,2.0432242665566394,1.8621308788724618,1.2844654071288508,1,1,True,False,GW,False,0.0,False,False,False
MA1311007,,SCOTTISH MEADOW GOLF CLUB,WARREN,42.17007440193816,-72.19814143371629,False,,,,,,,0.1734673868610434,Low,4.946611751913151,27.86548168867929,2.774917248332147,5.017853697885277,4.427887694498549,2,0,False,False,TNC,False,0.0,False,False,False
MA1312001,,WELL # 1,WARWICK,42.698145536840315,-72.31716464521972,False,,,,,,,0.1055862317798711,Low,14.415755433515821,58.759583667284865,1.9173003198252847,12.252627339376525,10.934011173638314,1,0,True,False,GW,False,0.0,False,False,False
MA1312010,,WAGON WHEEL CAMPING AREA,WARWICK,42.62608936108251,-72.35534499377205,False,,,,,,,0.1654320416270616,Low,8.259887591185683,50.06809034643029,2.8130816888158976,3.6228327179855584,4.064295787059103,2,1,False,False,TNC,False,0.0,False,False,False
MA1312012,,WARWICK COMMUNITY SCHOOL,WARWICK,42.6860363845166,-72.3365627534428,False,,,,,,,0.0605133023392386,Low,13.466511010753928,57.004902577554134,0.688611182682203,10.382991293172966,9.524191725414484,1,0,False,False,NTNC,False,0.0,False,False,False
MA1312013,,BARN OWL,WARWICK,42.68253425154966,-72.33899462734657,False,,,,,,,0.0670901230310117,Low,13.156292864905332,56.575173859663735,1.0477614898170173,9.948305167113986,9.416588980312522,1,0,False,False,TNC,False,0.0,False,False,False
MA1313004,,HOUSE OF WASHINGTON,WASHINGTON,42.366115511743146,-73.11007688495754,False,,,,,,,0.1129266656715553,Low,3.247584220753077,39.95396229607364,2.049324752610329,11.417445690694958,8.787040795045009,2,0,False,False,TNC,False,0.0,False,False,False
MA1313005,,SUMMIT HILL CAMPGROUND,WASHINGTON,42.38257204053892,-73.08879086040662,False,,,,,,,0.074595917807583,Low,4.913702478450918,39.473500760388774,4.364572590062779,11.545252685256019,7.162168862533553,1,0,False,False,TNC,False,0.0,False,False,False
MA1313006,,BUCKSTEEP MANOR,WASHINGTON,42.358194164825534,-73.13011108260775,False,,,,,,,0.1893181916156493,Low,2.1752065740682758,40.82810240452415,0.43321900763937965,9.484643847668396,9.711671457072208,2,0,False,False,TNC,False,0.0,False,False,False
MA1319001,,DCR WENDELL STATE FOREST,WENDELL,42.55006390768101,-72.45305960559635,False,,,,,,,0.1106081770700407,Low,7.339529348255116,40.09618865083224,2.9003053446948828,6.88434921305636,4.465558734614486,3,0,False,False,TNC,False,0.0,False,False,False
MA1319004,,KEMSLEY ACADEMY INC,WENDELL,42.56046560459755,-72.39923605266662,False,,,,,,,0.1549706244351222,Low,9.147611746078043,41.98698881447095,2.4251880133371264,4.488088953227671,5.159466037848524,2,1,False,False,TNC,False,0.0,False,False,False
MA1319006,,WENDELL COUNTRY STORE,WENDELL,42.541611153302206,-72.40049229378407,False,,,,,,,0.1223237294338591,Low,9.718939264328975,40.13418186358517,1.6167474432164943,6.5348519368062785,7.106123310630426,1,0,False,False,TNC,False,0.0,False,False,False
MA1319007,,WENDELL TOWN BUILDINGS,WENDELL,42.54263103483492,-72.3983134925404,False,,,,,,,0.1267843876321424,Low,9.512926030020207,40.292504120229154,1.4326196128917599,6.3854306993913745,7.087563810475621,1,0,False,False,TNC,False,0.0,False,False,False
MA1325000,WEST SPRINGFIELD DPW WATER DIVISION,GP WELL 2 (02G),WEST SPRINGFIELD,42.08179602806798,-72.72752506834911,True,False,,,10.5,False,False,,,1.6378528612457788,8.425684895024675,1.6423141082295662,1.610955509922055,4.301844095694955,2,14,True,False,GW,True,0.5457698714465015,True,True,False
MA1326000,,SARTORI QUARRY RESERVOIR,WEST STOCKBRIDGE,42.341194419139356,-73.36518490818857,False,,,,,,,0.0653636194516608,Low,11.115057063520437,57.368886511268606,0.898224192836893,9.36885302123733,0.7013119278993188,5,0,True,False,GW,False,0.0,False,False,False
MA1326001,,WELL 2,WEST STOCKBRIDGE,42.34144206755181,-73.37238311059666,False,,,,,,,0.0544663921323553,Low,11.521131455905794,57.93415815887809,0.7675533247143852,9.71888923291817,0.6848657316516897,4,0,True,False,GW,False,0.0,False,False,False
MA1326005,,PLEASANT VALLEY MOTEL,WEST STOCKBRIDGE,42.32540207578932,-73.3617946939169,False,,,,,,,0.0364747682443407,Low,12.611507231343243,56.51177590664035,1.2913186717529115,8.326547190568832,1.302729395797559,5,0,False,False,TNC,False,0.0,False,False,False
MA1326006,,CAMP KINGSMONT,WEST STOCKBRIDGE,42.31141121091121,-73.41525279899417,False,,,,,,,0.0295147228994288,Low,13.246530466975608,59.56492642682719,4.434268114079828,10.654005162974356,4.645499952807204,1,0,False,False,TNC,False,0.0,False,False,False
MA1329000,WESTFIELD WATER DEPT,WELL #6,WESTFIELD,42.130768438585726,-72.8243983293133,True,True,,,10.5,False,False,,,0.6741846821528175,0.6500880037191284,0.7367986386473768,0.36656633746695716,1.6442858912994804,4,22,True,False,GW,True,0.1898356896590795,True,True,False
MA1329004,,WHITE OAK SCHOOL,WESTFIELD,42.18182493347706,-72.73532477302204,False,,,,,,,0.5385043465724272,High,1.0905026428429105,3.139846240798189,3.017284595242912,1.098984938444258,5.347114282316429,4,10,False,False,NTNC,False,0.0,False,False,False
MA1329006,,KOSINSKI FARM,WESTFIELD,42.189186547362866,-72.76176848183749,False,,,,,,,0.4109988895739647,Moderate,3.391883007421721,5.185945592018292,3.475023614360398,2.750611296090971,6.077023174684524,3,9,False,False,TNC,False,0.0,False,False,False
MA1329007,,R E G ENTERPRISES INC,WESTFIELD,42.18521350787727,-72.74347742742593,False,,,,,,,0.5057063816376683,High,1.8577099402470083,3.8329748304273097,3.095650550961765,1.6245284404733424,5.7406139730528905,4,9,False,False,TNC,False,0.0,False,False,False
MA1331003,,HAMPSHIRE REGIONAL HIGH SCHOOL,WESTHAMPTON,42.29832980480814,-72.76944851805781,False,,,,,,,0.1179316958744168,Low,13.442833170174465,16.23661685035575,2.5041696756232428,7.714240849922199,9.038847388136,3,0,False,False,NTNC,False,0.0,False,False,False
MA1331004,,NORTHAMPTON / SPRINGFIELD KOA HOLIDAY,WESTHAMPTON,42.28562825152304,-72.78240400801171,False,,,,,,,0.1323811979451319,Low,13.010544375498132,15.1683636867104,2.607991000964729,7.115235691181728,9.302321101429625,2,0,False,False,TNC,False,0.0,False,False,False
MA1331007,,WESTHAMPTON ELEMENTARY SCHOOL,WESTHAMPTON,42.32050337769796,-72.76747503376224,False,,,,,,,0.0968421103106865,Low,12.892518111591208,18.57811656037348,0.5833532194672177,7.738158314347448,8.2554512987892,2,0,False,False,NTNC,False,0.0,False,False,False
MA1331009,,OUTLOOK FARM,WESTHAMPTON,42.287222397589126,-72.76128085611712,False,,,,,,,0.152806600249045,Low,12.726475318798899,14.868197558501919,1.3239945040791348,6.312060502472323,7.938678176398827,5,0,False,False,TNC,False,0.0,False,False,False
MA1331010,,HANGING MOUNTAIN FARM,WESTHAMPTON,42.324618241091265,-72.7556607331871,False,,,,,,,0.1119522111188101,Low,11.896978509392564,18.826237378859357,0.659499124517741,6.719178279087893,7.4159962793805985,2,0,False,False,TNC,False,0.0,False,False,False
MA1337010,WHATELY WATER DEPARTMENT,WELL #1,WHATELY,42.41943770569594,-72.62651005421712,True,False,,,10.5,False,False,,,6.813132122232704,26.16827542958313,2.2711184100748993,5.694792978305848,4.508455423979189,3,0,True,False,GW,False,0.0,False,False,False
MA1337012,,SMITH BECHTEL ENVIRONMENTAL CLASSROOM,WHATELY,42.44876827950199,-72.67840830711592,False,,,,,,,0.0880074124385225,Low,12.11529231974385,30.693216609529685,2.2916239868973327,7.293764703237789,6.930076063707994,1,0,False,False,TNC,False,0.0,False,False,False
MA1339004,,FRANKIE BS INC,WILBRAHAM,42.15233398746688,-72.41173368991291,False,,,,,,,0.2762202594714887,Moderate,3.4265399597919792,11.108737748044813,1.2560347130906322,2.957794830914386,3.5191397922889993,3,6,False,True,TNC,False,0.0,False,False,False
MA1340000,,GP WELL #1,WILLIAMSBURG,42.38028106278021,-72.7269035823832,False,,,,,,,0.1909015156155512,Low,11.14254663625829,24.73055605501997,2.9404334039965327,3.0836841676826223,0.8589981589357437,2,1,True,False,GW,False,0.0,False,False,False
MA1340001,,SNOW FARM,WILLIAMSBURG,42.40567188232908,-72.76126271702819,False,,,,,,,0.0557888330770682,Low,14.009778065436196,27.792152913513007,2.6662576090849917,7.02801557539448,4.081989619977733,2,0,False,False,TNC,False,0.0,False,False,False
MA1341000,WILLIAMSTOWN WATER DEPT,STETSON RD WELL #2 (02G),WILLIAMSTOWN,42.719254822297124,-73.19310332437418,True,False,,,10.5,False,False,,,1.0999803705477373,68.84145116177908,0.17246870265329176,1.178890707934543,0.884251815950396,7,3,True,False,ESW,True,0.14224272572134913,True,True,False
MA1341003,,WELL #4,WILLIAMSTOWN,42.67623142741647,-73.2392807759364,False,,,,,,,0.3369943443080466,Moderate,5.057745169509983,71.74147938891993,2.8230235777654524,4.5668527623475335,4.96260758500447,1,1,True,False,GW,False,0.0,False,False,False
MA1341004,,SPRING #1,WILLIAMSTOWN,42.64413007336463,-73.24249401592016,False,,,,,,,0.2506029682529784,Moderate,8.221371092444143,69.25771664283009,0.8235393633424006,8.007570457526931,8.39373703098505,2,0,True,False,GW,False,0.0,False,False,False
MA1341005,,MARGARET LINDLEY PARK,WILLIAMSTOWN,42.68608939477892,-73.23202969925738,False,,,,,,,0.2515434180949762,Moderate,4.0132068065807385,72.47062783835328,4.050839331095295,3.6013126478175423,3.99520167621547,4,1,False,False,TNC,False,0.0,False,False,False
MA1341006,,INST FOR INTL COOPERATION AND DEVLPMT,WILLIAMSTOWN,42.64774341388085,-73.28172304128394,False,,,,,,,0.116506898565817,Low,9.741495302445076,71.666480461419,3.7973288023630247,9.495212658990901,9.888582275987153,2,0,False,False,TNC,False,0.0,False,False,False
MA1341007,,BERKSHIRE HILLS MOTEL,WILLIAMSTOWN,42.68774737677223,-73.23001715872678,False,,,,,,,0.306067607325358,Moderate,3.7810490416890166,72.52265198219553,4.248837269958742,3.354116103816843,3.747972121974401,7,1,False,False,TNC,False,0.0,False,False,False
MA1341009,,WAUBEEKA GOLF LINKS LLC,WILLIAMSTOWN,42.658134186405675,-73.24166869368953,False,,,,,,,0.1380682824515671,Low,7.191825508333636,70.47057830416354,1.0637046641506842,6.596158099274607,6.9886630870552455,1,0,False,False,TNC,False,0.0,False,False,False
MA1341010,MT GREYLOCK REGIONAL SCHOOL,MT GREYLOCK REGIONAL SCHOOL,WILLIAMSTOWN,42.67100881201163,-73.24121092509644,True,False,,,10.5,False,False,,,5.679875518468827,71.57841766236979,2.411632512378462,5.214208567061856,5.60996054972532,1,0,False,False,NTNC,False,0.0,False,False,False
MA1341011,,1896 HOUSE PONDSIDE,WILLIAMSTOWN,42.69576592362611,-73.22662352944309,False,,,,,,,0.326729649243656,Moderate,2.8505557260095626,73.08481595343747,3.59265639360055,2.544469572307919,2.9284599091551082,7,1,False,False,TNC,False,0.0,False,False,False
MA1341012,,1896 HOUSE BROOKSIDE,WILLIAMSTOWN,42.69333824530769,-73.22651222338406,False,,,,,,,0.3389732548474066,Moderate,3.0985368915616163,72.85965845527338,3.7415383360932655,2.7120201336717487,3.1020621398076385,8,1,False,False,TNC,False,0.0,False,False,False
MA1341016,,MEZZE INC,WILLIAMSTOWN,42.6972691396345,-73.2267645409306,False,,,,,,,0.3297198445851907,Moderate,2.701496620735233,73.22779412446272,3.512761501336535,2.454745910402981,2.8332385090140377,7,1,False,False,TNC,False,0.0,False,False,False
MA1341023,,THE TACONIC RESTAURANT,WILLIAMSTOWN,42.68730431065187,-73.23085633607496,False,,,,,,,0.2873238424288286,Moderate,3.8520034169126,72.52317660176921,4.193102277550332,3.437030919629382,3.830697699528259,6,1,False,False,TNC,False,0.0,False,False,False
MA1341024,,1896 HOUSE RESTAURANT,WILLIAMSTOWN,42.693066778725544,-73.22694193982139,False,,,,,,,0.338018352690513,Moderate,3.139109615398539,72.85552265157749,3.7878186917098775,2.7583534436865134,3.1483461009743228,8,1,False,False,TNC,False,0.0,False,False,False
MA1341026,,SAND SPRINGS SPRINGWATER CO INC (B),WILLIAMSTOWN,42.735494400416044,-73.20017458972116,False,,,,,,,0.2833056976030647,Moderate,1.9497496150478002,75.55718200394563,0.9411049587767006,2.8524551169982644,2.5329865882836895,6,1,False,False,TNC,False,0.0,False,False,False
MA1341028,,WILLIAMS COLLEGE CENTER FOR ENV STUDIES,WILLIAMSTOWN,42.71432536209265,-73.20186902557435,False,,,,,,,0.3418652693236174,Moderate,1.1059366288395536,73.64977372306313,0.9655559189699888,0.49677607489286224,0.28116704806930154,7,1,False,False,TNC,False,0.0,False,False,False
MA1345004,,WINDSOR BOARD OF HEALTH,WINDSOR,42.51023973308244,-73.05628554867044,False,,,,,,,0.1818878816463772,Low,0.590775930580697,48.18967659483821,5.823604718944983,9.273251428472838,8.439029053143857,0,0,False,False,TNC,False,0.0,False,False,False
MA1345005,,DCR WINDSOR STATE FOREST,WINDSOR,42.52289215835499,-73.00441738768906,False,,,,,,,0.1095570314531778,Low,4.939943963380568,47.03372912766048,4.126527931682494,13.449149995962397,12.202592629632692,1,0,False,False,TNC,False,0.0,False,False,False
MA1345007,,FRIENDLY FREDS,WINDSOR,42.511586261606936,-73.0842631574946,False,,,,,,,0.1996505783039979,Low,2.117703932825611,49.68765999823912,5.11552594606531,7.368694628576382,7.655570003573074,0,0,False,False,TNC,False,0.0,False,False,False
MA1345008,,SANGAR GENERAL STORE,WINDSOR,42.51176314728216,-73.05728133288035,False,,,,,,,0.1833245560657557,Low,0.7152009238568625,48.374815728659094,5.973710126938318,9.276701128292915,8.542927142992728,0,0,False,False,TNC,False,0.0,False,False,False
MA1349000,,SPRING #2 (06G),WORTHINGTON,42.41925141698741,-72.950738230223,False,,,,,,,0.1252956992521619,Low,3.485182963894833,34.791940090615135,2.556789818876623,17.91315519763232,13.25999264762979,1,0,True,False,GW,False,0.0,False,False,False
MA1349001,,LITTLE RIVER CAFE,WORTHINGTON,42.37415709329127,-72.9171982155429,False,,,,,,,0.1441567257376012,Low,2.0997126758295095,29.240068600775366,6.574701859045583,15.798621289459968,15.525253052140219,0,0,False,False,TNC,False,0.0,False,False,False
MA1349002,,LISTONS BAR  RESTAURANT,WORTHINGTON,42.427443599265516,-72.95339313580477,False,,,,,,,0.0563364410429943,Low,4.542654142992223,35.813037638403806,2.4861010524097833,17.53583070340203,12.985154163140994,1,0,False,False,TNC,False,0.0,False,False,False
MA1349003,,HIDDEN HILLS ESCAPE FAMILY CAMPGROUND,WORTHINGTON,42.398839074761185,-72.90522030565435,False,,,,,,,0.0981214752515722,Low,2.326624686702166,31.019826005806767,4.115004098964586,17.705009728830355,15.354394264500302,1,0,False,False,TNC,False,0.0,False,False,False
MA1349006,,WORTHINGTON GOLF LINKS,WORTHINGTON,42.40754195622206,-72.94436855155199,False,,,,,,,0.0633509221449065,Low,2.232405374775736,33.563083663827335,3.2919064432646756,18.985400439299248,14.209185008262295,1,0,False,False,TNC,False,0.0,False,False,False
MA1349007,,BUFFINGTON HILL PARTNERSHIP,WORTHINGTON,42.4153032746922,-72.95014968288037,False,,,,,,,0.0603062938005271,Low,3.2170464251153166,34.54349799184701,2.9135208292483123,18.224278658421003,13.517132263225923,1,0,False,False,TNC,False,0.0,False,False,False
MA2002000,ACTON WATER SUPPLY DISTRICT,KENNEDY GP WELL #3,ACTON,42.527544816219546,-71.40423159745694,True,True,13.4,4.9,25.6,True,True,,,2.308850396140552,10.233973439796682,1.4866972983302833,0.2442044574500941,1.4886163517560913,6,14,True,False,GW,True,0.15085021270427532,False,True,False
MA2002002,,PLANET GYMNASTICS/ALL SEASONS TENNIS,ACTON,42.51316140697914,-71.4154432941745,False,,,,,,,0.3218934794453108,Moderate,5.355270502672648,11.590808676520123,4.6304968380003695,2.7010044838879343,5.651695200065089,1,8,False,False,TNC,False,0.0,False,False,False
MA2002010,,ROCK WELL #1 (6 INCH),ACTON,42.48866923232689,-71.41574394668422,False,,,,,,,0.5633729741109317,High,5.205537464743215,10.69601182616773,2.123646520694175,0.16249003699978207,3.1663590598924602,2,10,True,False,GW,False,0.0,False,False,False
MA2002017,,ACTON INDOOR TENNIS / NASHOBA SPORTMANS,ACTON,42.52251621972668,-71.40686019464053,False,,,,,,,0.2512832069130944,Moderate,4.938025882777555,11.484669524878438,4.907633200242477,3.9217413452769656,5.101546846424963,1,6,False,False,TNC,False,0.0,False,False,False
MA2002018,,SOMERVILLE LUMBER COMPANY,ACTON,42.53010933769228,-71.40300756811227,False,,,,,,,0.2298957363389551,Low,4.343505794477536,11.703194776729319,4.384778070534713,4.343102742229774,4.834746719967081,1,5,False,False,NTNC,False,0.0,False,False,False
MA2011001,,CAMP WELLVILLE INC,ASHBURNHAM,42.66045959010273,-71.90618076784952,False,,,,,,,0.0597688011266013,Low,10.985977234271243,27.42334362654567,4.459094612523911,8.088233849335163,4.457105139869048,1,0,False,False,TNC,False,0.0,False,False,False
MA2011002,,CAMP SPLIT ROCK,ASHBURNHAM,42.654624108113495,-71.90446611277096,False,,,,,,,0.0625107913199829,Low,10.379322022844654,26.99447052421306,3.9092113659934156,7.605571184138003,3.9070853626464004,1,0,False,False,TNC,False,0.0,False,False,False
MA2011004,ASH/WIN JOINT WATER AUTHORITY,UPPER NAUKEAG LAKE,ASHBURNHAM,42.66164409615397,-71.93526453729531,True,False,,,10.5,False,False,,,11.861950159260122,29.598218822983267,2.858616786525241,7.350229114103723,4.4339667330813235,2,0,False,False,SW,False,0.0,False,False,False
MA2011005,,CAMP WINNEKEAG,ASHBURNHAM,42.66711709591019,-71.89447168791352,False,,,,,,,0.0533689503818045,Low,11.09947227655102,26.95697119622161,5.514272306498472,9.216237730784934,5.512101998925268,0,0,False,False,TNC,False,0.0,False,False,False
MA2011008,,CAMP COLLIER,ASHBURNHAM,42.61852289075856,-71.96429446633562,False,,,,,,,0.206015666773099,Low,7.728207630008639,30.065368453809143,3.3241144277425527,2.515420511759872,3.3264680492829877,3,1,False,False,TNC,False,0.0,False,False,False
MA2011009,,"ASHBURNHAM COUNTRY STORE, INC.",ASHBURNHAM,42.687032829823146,-71.87915570871314,False,,,,,,,0.0443967068550207,Low,12.61050267350219,27.137390669700192,7.259223514626555,11.757567587006005,8.052808150691543,0,0,False,False,TNC,False,0.0,False,False,False
MA2012002,,ASHBY ELEMENTARY SCHOOL,ASHBY,42.679975100787914,-71.82323271197937,False,,,,,,,0.140327857385804,Low,11.136985604508254,23.075515055371405,2.8993115860277086,8.473554372637972,10.444346933617533,2,0,False,False,NTNC,False,0.0,False,False,False
MA2012003,,COUNTRY CREAMERY,ASHBY,42.66387967670166,-71.79789732551099,False,,,,,,,0.2002056814706669,Low,9.675736431415746,20.335392755294656,2.810548070781311,6.389120655490308,9.153391613492948,3,0,False,False,TNC,False,0.0,False,False,False
MA2012004,,EVERGREEN FAMILY RESTAURANT,ASHBY,42.66437928334824,-71.79416662548826,False,,,,,,,0.2071002431768104,Low,9.813255605781222,20.14535641847275,2.655444986960567,6.078750066075249,9.114117909543971,3,0,False,False,TNC,False,0.0,False,False,False
MA2012005,,CROSSROADS FOR KIDS/CAMP LAPHAM,ASHBY,42.660631685891595,-71.83084171236699,False,,,,,,,0.1404940847669988,Low,8.980900364185821,22.209375337104724,4.649817763322273,8.237299395153357,8.740010461862557,2,0,False,False,TNC,False,0.0,False,False,False
MA2012006,,PINES CAMPGROUND,ASHBY,42.69599198710275,-71.78551126238843,False,,,,,,,0.2415771760623853,Low,13.384404217623247,22.202067038491506,0.7709917059346111,6.0009299582275295,12.392300690619216,3,0,False,False,TNC,False,0.0,False,False,False
MA2012007,,THE CHILDRENS GARDEN NURSERY SCHOOL,ASHBY,42.698883312218975,-71.78913517136009,False,,,,,,,0.2340930501767333,Low,13.620538521061993,22.63886455707323,0.9736842446231423,6.414291492302839,12.757354128480658,3,0,False,False,NTNC,False,0.0,False,False,False
MA2012008,,SPRING HILL WELLNESS,ASHBY,42.668579402115036,-71.84994397384708,False,,,,,,,0.0753516176686915,Low,10.014896918990459,23.995094933359823,5.416220520947254,9.840585640316506,7.9441447968081675,0,0,False,False,NTNC,False,0.0,False,False,False
MA2012009,,THE GARDENERS COTTAGE,ASHBY,42.66115071068258,-71.79688215475883,False,,,,,,,0.1858078401542307,Low,9.406224575465568,20.07237421168651,3.065058333773664,6.352063411996989,8.8395187711128,2,0,False,False,TNC,False,0.0,False,False,False
MA2012010,,ASHBY DINER,ASHBY,42.682702000884795,-71.83563686342711,False,,,,,,,0.105958183689806,Low,11.445047878575368,24.041472319210087,3.7772164588701833,9.52031457716785,9.861092065658557,2,0,False,False,TNC,False,0.0,False,False,False
MA2012012,,ASHBY LEGION/GRANGE/CHURCH,ASHBY,42.67813929327611,-71.81890188216235,False,,,,,,,0.1548973736959133,Low,10.953538696929797,22.674752704532384,2.6726003398431604,8.098841794996742,10.608016839625222,2,0,False,False,TNC,False,0.0,False,False,False
MA2012013,,ASHBY MARKET,ASHBY,42.677335933785216,-71.82072457945522,False,,,,,,,0.1490907204129585,Low,10.854505656941608,22.72735927042009,2.846608845320545,8.239553219989697,10.434585006296233,2,0,False,False,TNC,False,0.0,False,False,False
MA2012014,,873 MAIN STREET,ASHBY,42.67963333335816,-71.81998056077077,False,,,,,,,0.1507835016957246,Low,11.113021542043963,22.851335012051464,2.672551527700322,8.20439278627815,10.634175949350723,2,0,False,False,TNC,False,0.0,False,False,False
MA2012015,,CAMP MIDDLESEX,ASHBY,42.66595555496929,-71.8213638892042,False,,,,,,,0.1537267072538483,Low,9.532627904838108,21.798309616917752,3.6239472142562374,8.142356174160433,9.707099033404779,2,0,False,False,TNC,False,0.0,False,False,False
MA2012016,,LOW LOW CONVENIENCE,ASHBY,42.64476169322702,-71.79023161632166,False,,,,,,,0.2117519375186659,Low,7.876261385203339,18.490605073571462,4.742406136819718,4.859392741153198,6.940412030877098,1,3,False,False,TNC,False,0.0,False,False,False
MA2017000,"AUBURN WATER DISTRICT, MA",GP WELL 1,AUBURN,42.19614437097918,-71.84250647254481,True,True,5.7,4.7,16.2,True,False,,,5.031962952215521,40.38321429424811,1.280468932027147,0.19958853716512115,0.7922946848801096,4,42,True,False,GW,True,0.04505573622893207,True,True,False
MA2017004,,CENTURY SPORTSMANS CLUB,AUBURN,42.186653733472276,-71.88584096845665,False,,,,,,,0.1955371666789457,Low,8.996704697036865,45.420979939822914,2.1564817956462874,1.4601423480536329,1.3304968065727274,2,14,False,False,TNC,False,0.0,False,False,False
MA2017012,,"MONTESSORI CENTER, INC.",AUBURN,42.20459108903756,-71.84639903520952,False,,,,,,,0.312219938771499,Moderate,6.508042158547308,42.12084747950083,1.993893612952014,0.6816328510986379,0.7725343462493179,3,26,False,False,NTNC,False,0.0,False,False,False
MA2019000,AYER DPW  WATER DIVISION,GROVE POND WELL 2,AYER,42.55147943362373,-71.58155061966184,True,True,,,10.5,False,False,,,2.8426962884505045,2.7054558771046935,0.5717838619885837,0.521595950716326,1.7424970338113719,4,19,True,False,GW,True,0.42113501380732504,True,True,False
MA2019001,DEVENS  MASSDEVELOPMENT,SHABOKIN REPLACEMENT WELL,AYER,42.52017675881394,-71.61289907052611,True,True,,,10.5,False,False,,,1.695441555470658,1.5166058186729792,0.5562014703089387,0.37239216713860585,1.530868539085474,4,19,True,False,GW,True,0.9794550665892686,False,True,False
MA2021000,BARRE WATER DEPARTMENT,GP WELL #1,BARRE,42.39382532150759,-72.10228727034882,True,False,,,10.5,False,False,,,1.4641812572430197,41.15698995332797,0.9194435338470072,9.623510164525007,0.34505699152442687,2,0,True,False,GW,False,0.0,False,False,False
MA2021001,,WELL 2,BARRE,42.44154350847142,-72.16486362495708,False,,,,,,,0.0949927128092664,Low,5.612082292971612,40.81770181878048,6.710658977159381,13.366340999805809,6.612723386968197,0,0,True,False,GW,False,0.0,False,False,False
MA2021005,,BARRE FALLS DAM / US ARMY ENV. LAB,BARRE,42.4290502802513,-72.02505495612424,False,,,,,,,0.192819959151251,Low,5.944452602344689,36.126146355179934,4.861148752797676,5.595396926059715,6.640365039999783,1,0,False,False,NTNC,False,0.0,False,False,False
MA2021007,,CARTER  STEVENS FARM/STONE COW BREWERY,BARRE,42.42669035805848,-72.1236003958035,False,,,,,,,0.0545410116230593,Low,2.4383871053428057,42.56406613038488,4.227377153390286,10.953150375029637,3.156329388446927,1,0,False,False,TNC,False,0.0,False,False,False
MA2025000,BELLINGHAM DPW  WATER  SEWER DIV.,GP WELL #4 (WRENTHAM RD),BELLINGHAM,42.029646458976465,-71.47816775848885,True,True,4.3,5.0,15.8,True,False,,,1.7846675547282238,23.22965969531953,1.1452243214884361,0.8926920196361661,0.2601038264297165,4,31,True,False,GW,True,0.16921019040462304,True,True,False
MA2028001,,HERITAGE PROFESSIONAL BLDG.,BERLIN,42.396230177556745,-71.60297741016359,False,,,,,,,0.3194499632366627,Moderate,4.504022979459144,16.213034129312746,1.3984473790428118,1.3383720958443086,3.377860375699119,2,9,False,False,NTNC,False,0.0,False,False,False
MA2028002,,WEST STREET TAVERN,BERLIN,42.3921512883949,-71.66138712083207,False,,,,,,,0.3736713105070854,Moderate,3.1730769159903454,17.114206927682886,3.068040159657373,1.2088973860843029,3.2743134162315917,4,5,False,False,TNC,False,0.0,False,False,False
MA2028003,,SHIRO RESTAURANT,BERLIN,42.39624312610474,-71.60465298676263,False,,,,,,,0.3205780311655075,Moderate,4.408442153797202,16.205176245586866,1.5101929611483196,1.4756237593153387,3.51368594828784,2,9,False,False,TNC,False,0.0,False,False,False
MA2028004,,FIRST PARISH CHURCH OF BERLIN,BERLIN,42.38165071167808,-71.63519317274545,False,,,,,,,0.4748585977563573,Moderate,1.650709359849743,17.878292327768172,1.185050717415215,1.4457042833710196,5.409006760987361,3,10,False,False,TNC,False,0.0,False,False,False
MA2028005,,BERLIN MUNICIPAL CENTER,BERLIN,42.380577230692815,-71.63999216579266,False,,,,,,,0.4756569934399099,Moderate,1.4488807272900508,18.06767051492487,1.0767964585152936,1.443369515482131,5.338875032717766,3,10,False,False,TNC,False,0.0,False,False,False
MA2028006,,BERLIN COUNTRY CLUB,BERLIN,42.40773706360865,-71.63048501218668,False,,,,,,,0.3047300586338173,Moderate,4.553522952970514,14.98305509264644,3.9883886226967564,2.1496812046766762,3.1608237385264926,4,5,False,False,TNC,False,0.0,False,False,False
MA2028007,,WELL 6,BERLIN,42.37305954314834,-71.63647019772591,False,,,,,,,0.6318250705692756,High,0.7267590609429909,18.864838450480775,0.20762303506928734,2.32639225769747,5.029919687122679,3,11,True,False,GW,False,0.0,False,False,False
MA2028009,,BERLIN MEMORIAL SCHOOL,BERLIN,42.378930998604936,-71.63636825547734,False,,,,,,,0.4665948973193671,Moderate,1.3335742438936868,18.215303721076076,0.8736716088627876,1.7388945926708441,5.466018576133471,3,10,False,False,NTNC,False,0.0,False,False,False
MA2028010,,SPAULDING PROPERTY (RESTAURANT),BERLIN,42.38602497844639,-71.63670981489862,False,,,,,,,0.4730071452183603,Moderate,2.088012534935922,17.435028023673283,1.659098417845897,1.0993627145449003,5.076536995860296,3,10,False,False,TNC,False,0.0,False,False,False
MA2028011,,BERLIN GENERAL STORE,BERLIN,42.381203261934196,-71.63639335416946,False,,,,,,,0.4750088886411229,Moderate,1.5735078256165056,17.96455290270272,1.1252128155959809,1.52274268133375,5.479619540294868,3,10,False,False,TNC,False,0.0,False,False,False
MA2028012,,WELL #1,BERLIN,42.36439191473619,-71.60916867957724,False,,,,,,,0.6661833896360958,High,2.703259334009268,19.731094408755304,2.4320160419547774,0.501160511068745,2.746462885867317,3,23,True,False,GW,False,0.0,False,False,False
MA2028013,,BERLIN FARMS,BERLIN,42.38859068502887,-71.61712918201243,False,,,,,,,0.3645086266699038,Moderate,3.0877161228910754,17.044029488195406,2.2653716840135067,2.476101905003698,4.487161961001826,2,14,False,False,TNC,False,0.0,False,False,False
MA2028015,,WELL 2,BERLIN,42.35514916889258,-71.62833320829881,False,,,,,,,0.6963080878511986,High,1.7326572034673606,20.77336380453855,1.8872305137318388,0.43173671436032707,3.4748162298634,3,20,True,False,GW,False,0.0,False,False,False
MA2028016,,RIVERBRIDGE NORTH COMPLEX,BERLIN,42.3635429059613,-71.62000658128582,False,,,,,,,0.4442737180159137,Moderate,1.8337350286098848,19.812102436685432,1.6377350664031087,0.909116535459224,3.323640531884584,2,19,False,False,NTNC,False,0.0,False,False,False
MA2028017,,WELL 1,BERLIN,42.375741403962316,-71.62526733147061,False,,,,,,,0.6148121640367855,High,1.5895377687902932,18.49545264488388,1.0802920956457243,2.197525740820314,4.5567348630755955,2,16,True,False,GW,False,0.0,False,False,False
MA2028018,,WELL 2,BERLIN,42.37298334378796,-71.63616321900342,False,,,,,,,0.6296305535257785,High,0.738791309784739,18.870692160898923,0.21182094637287927,2.343538301981564,5.000480181300049,3,11,True,False,GW,False,0.0,False,False,False
MA2028019,,BERLIN PUBLIC LIBRARY,BERLIN,42.38327929354023,-71.635535154823,False,,,,,,,0.4737545717592696,Moderate,1.8146684367702808,17.727774687942095,1.3610377132244325,1.3835976006112167,5.360129067892081,3,10,False,False,TNC,False,0.0,False,False,False
MA2028020,,WELL 3,BERLIN,42.35350140842039,-71.62472126590946,False,,,,,,,0.6674851403143877,High,2.0963460763617854,20.947019312243548,2.2042320984144075,0.3967262859223198,3.112474910921461,2,21,True,False,GW,False,0.0,False,False,False
MA2028021,,BERLIN ORCHARDS,BERLIN,42.388063723593284,-71.61992404220332,False,,,,,,,0.3834440827137998,Moderate,2.8958301102658273,17.108659154137552,2.3653987214837033,2.2623175417120422,4.719189059876887,2,13,False,False,TNC,False,0.0,False,False,False
MA2028022,,WELL 2,BERLIN,42.38752133983196,-71.63750921773921,False,,,,,,,0.668846537958148,High,2.240122805656338,17.262064249218444,1.824753256599922,0.9336238978114016,4.903064485329513,3,10,True,False,GW,False,0.0,False,False,False
MA2032000,BLACKSTONE WATER DEPARTMENT,WELL 6  AND 6A SATELLITE (ELM ST),BLACKSTONE,42.031973810152664,-71.50420444508707,True,True,5.7,,14.2,True,False,,,7.36423558739447,33.48406267887829,0.7802841611129839,0.41582824942061425,1.6253229211066644,4,3,True,False,GW,True,0.06424781096333872,True,False,False
MA2034001,,PARAGON COMMUNICATIONS,BOLTON,42.445003748565426,-71.55370331802223,False,,,,,,,0.2537014704862727,Moderate,1.85178977248441,11.61750798158211,3.0813076747443167,4.45249212186751,4.584939952150322,2,2,False,False,NTNC,False,0.0,False,False,False
MA2034002,,BOLTON SPRING FARM,BOLTON,42.440428672084636,-71.56330661521379,False,,,,,,,0.1858135767785165,Low,2.068841086799392,11.999400268713977,3.844669728452394,5.423341067471108,3.66385651709042,2,0,False,False,TNC,False,0.0,False,False,False
MA2034003,,BOLTON ORCHARDS,BOLTON,42.45299690456767,-71.64273497694666,False,,,,,,,0.1127404349023188,Low,4.974031828894197,10.184170363678918,0.6417760086868418,4.5400957018291175,0.7947363961004321,2,2,False,False,TNC,False,0.0,False,False,False
MA2034004,,THE INTERNATIONAL,BOLTON,42.432970309064096,-71.64636307272274,False,,,,,,,0.1912571717950568,Low,3.5931438629697947,11.621718839727423,0.8553728275487715,3.042661268861685,1.5070971814551501,2,5,False,False,NTNC,False,0.0,False,False,False
MA2034005,,OAK AND ORCHARD TAP AND TABLE,BOLTON,42.417481780456576,-71.65301425669227,False,,,,,,,0.2280140224401305,Low,3.4728994920509333,14.217412657069545,2.0864411425041007,2.8144939835538563,2.3103185317126123,2,5,False,False,TNC,False,0.0,False,False,False
MA2034006,,BOLTON CORNERS,BOLTON,42.43189644170452,-71.5957465898328,False,,,,,,,0.1339295503638248,Low,4.4484964307803505,12.312309195100609,4.110777235977991,4.182977040617174,0.8319249172270654,2,1,False,False,NTNC,False,0.0,False,False,False
MA2034007,,CLASSIC PIZZA III,BOLTON,42.44910551508911,-71.6352950458596,False,,,,,,,0.0968993901888099,Low,5.285520311536049,10.480253246850832,0.5202193395611585,4.78645269937817,0.2722061900747022,2,2,False,False,TNC,False,0.0,False,False,False
MA2034010,,NASHOBA REGIONAL HIGH SCHOOL,BOLTON,42.44995783460004,-71.63265290155846,False,,,,,,,0.0862558404442611,Low,5.522302928567515,10.350934667140379,0.7572467799921316,5.021471694394527,0.14344707272910803,2,0,False,False,NTNC,False,0.0,False,False,False
MA2034011,,CAMP RESOLUTE/E.PAUL ROBSHAM SCOUT RES,BOLTON,42.422563601321315,-71.58923840242794,False,,,,,,,0.2022170551751619,Low,3.767342667126117,13.271498023950159,3.7106695870854116,2.9912870116356114,1.4964373056216218,2,5,False,False,TNC,False,0.0,False,False,False
MA2034012,,626 MAIN STREET,BOLTON,42.43110588079481,-71.601984607538,False,,,,,,,0.1180348374864762,Low,4.954855333603432,12.337114900831374,3.6905849424892443,4.218861642138132,0.34083371955008945,2,1,False,False,NTNC,False,0.0,False,False,False
MA2034014,,CAMP VIRGINIA,BOLTON,42.42587684752092,-71.58106992279944,False,,,,,,,0.2042645866928601,Low,3.2872925368187076,13.163410394694301,4.062597978712963,3.481956631234493,2.0123372256670415,2,4,False,False,TNC,False,0.0,False,False,False
MA2034016,,COLONIAL CANDIES,BOLTON,42.43383719899582,-71.59204148688056,False,,,,,,,0.1313298651283655,Low,4.1550012086837596,12.137674804468844,4.309920534421259,4.3548632767642275,1.1982481027444811,1,1,False,False,TNC,False,0.0,False,False,False
MA2034017,,MURPHYS INSURANCE/ 737 MAIN ST,BOLTON,42.435212344598185,-71.61160745163316,False,,,,,,,0.1026622600715085,Low,5.772010648611249,11.862552811809392,2.7790371514683114,4.928115728768614,0.8622167426795642,2,1,False,False,TNC,False,0.0,False,False,False
MA2034018,,ATLANTIC MICROWAVE CORPORATION,BOLTON,42.441342302294196,-71.55612425446361,False,,,,,,,0.2148813513588372,Low,1.659334866699463,12.119342270456052,3.7243236701087152,5.178666076340933,4.255107876446019,2,0,False,False,NTNC,False,0.0,False,False,False
MA2034019,,BOLTON OFFICE PARK,BOLTON,42.42843987162396,-71.60153961396595,False,,,,,,,0.1251616496416387,Low,4.931524060156059,12.601302642584523,3.7852659771225126,3.9254916999865443,0.21631108682223535,2,2,False,False,NTNC,False,0.0,False,False,False
MA2034020,,"BOLTON COUNTRY CUPBOARD, INC.",BOLTON,42.42924203684125,-71.58907849124729,False,,,,,,,0.174752217452463,Low,3.9028583935854164,12.678643754371235,4.5306711527097345,3.827752195443569,1.3210317840304324,3,2,False,False,TNC,False,0.0,False,False,False
MA2034021,,TRINITY CHURCH ANNEX,BOLTON,42.43293373576851,-71.61025993663647,False,,,,,,,0.1055310591888273,Low,5.645846552307694,12.117199445510641,3.003414405555386,4.651817959411152,0.5987402735545737,2,1,False,False,NTNC,False,0.0,False,False,False
MA2034022,,BROOMFIELD LABORATORIES,BOLTON,42.457011851921294,-71.64263656971546,False,,,,,,,0.106686036672973,Low,5.243306878747765,9.749771576352362,1.0813210197737368,4.844575322215599,1.0020097116384112,2,1,False,False,NTNC,False,0.0,False,False,False
MA2034023,,NASHOBA VALLEY WINERY,BOLTON,42.430701053718025,-71.61657146750616,False,,,,,,,0.1078272466378985,Low,6.160826323246303,12.36659494813672,2.739678201593359,4.677035880312954,0.9578582361942561,2,2,False,False,TNC,False,0.0,False,False,False
MA2034024,,FLORENCE SAWYER SCHOOL,BOLTON,42.4300441970058,-71.61068255827892,False,,,,,,,0.1169443571448849,Low,5.677030384186285,12.43753071692184,3.1583955190287796,4.377263838083788,0.4684617493414509,3,1,False,False,NTNC,False,0.0,False,False,False
MA2034025,,NASHOBA PARK,BOLTON,42.449942578265365,-71.63597289563731,False,,,,,,,0.0965653168876813,Low,5.2781131012357,10.398690873983021,0.5149039786135579,4.788290026058812,0.24800138402555655,2,2,False,False,NTNC,False,0.0,False,False,False
MA2034026,,"GREAT BROOK FARM, INC.",BOLTON,42.43229914846645,-71.57691997054467,False,,,,,,,0.2031504294204426,Low,2.9020950397643626,12.541432589301925,4.263535668466661,4.242081541335216,2.3482800388854512,3,3,False,False,TNC,False,0.0,False,False,False
MA2034027,,WELL #1,BOLTON,42.430427971636085,-71.60288072094673,False,,,,,,,0.2425015342269136,Low,5.03449608885439,12.370547773719979,3.573772082142965,4.169762680639302,0.21860193116874505,3,1,True,False,GW,False,0.0,False,False,False
MA2034028,,WELL #3,BOLTON,42.42376599721857,-71.63672885966785,False,,,,,,,0.35522179318031,Moderate,4.6372813932274095,13.243324344643556,2.4746848952603857,3.5605797206969503,2.642875656911656,2,5,True,False,GW,False,0.0,False,False,False
MA2034029,,BOLTON LIBRARY AND SAFETY FACILITY,BOLTON,42.433827566022494,-71.61211797102602,False,,,,,,,0.1035574944134029,Low,5.803291461392615,12.016038589856914,2.8211370347151528,4.806558218127393,0.7778858151397519,2,1,False,False,TNC,False,0.0,False,False,False
MA2034030,,WELL 1,BOLTON,42.44439125750404,-71.62080169308716,False,,,,,,,0.1793481123095371,Low,6.20104429175023,10.831953890595988,1.705895468817923,5.635595939130346,1.2739475322355256,2,0,True,False,GW,False,0.0,False,False,False
MA2034031,,WELL #1,BOLTON,42.410060044614845,-71.59101111064615,False,,,,,,,0.4415212147907408,Moderate,4.6617903412493655,14.762588549959387,2.402488583824539,1.7271764791128104,2.4105576248236265,2,6,True,False,GW,False,0.0,False,False,False
MA2034032,,FIRST PARISH OF BOLTON,BOLTON,42.43449232100901,-71.60610056778657,False,,,,,,,0.1082931233447312,Low,5.314003160740971,11.955442954748165,3.2175891224287554,4.683166569896835,0.603122011943958,2,1,False,False,TNC,False,0.0,False,False,False
MA2037001,,ROCK WELL #1,BOXBOROUGH,42.481158520448666,-71.55215374792581,False,,,,,,,0.5636972822725373,High,0.3979715884731111,8.407124400517072,0.8614407638845993,1.2298238916146782,3.1151012511963665,2,3,True,False,GW,True,1.0,False,True,False
MA2037002,,DUNSTER HOUSE WELL,BOXBOROUGH,42.492527297737205,-71.54685485874596,False,,,,,,,0.6197578111749592,High,0.2378051269732981,7.623404471814033,2.0388532306016787,0.17809495780649173,2.9080596957524603,2,3,True,False,GW,True,0.9995708573614643,False,True,False
MA2037006,,BEDROCK WELL # 1,BOXBOROUGH,42.48138975797605,-71.51351361909678,False,,,,,,,0.6553865398223884,High,2.38639669148491,10.59128103524279,3.7473055197502974,1.3712104467980435,5.9381419825253206,2,5,True,False,GW,True,1.0,False,True,False
MA2037007,,ROCK WELL 3 SPENCER,BOXBOROUGH,42.49333113539982,-71.54178462540439,False,,,,,,,0.6342480968050735,High,0.1277997038198307,7.9670314239682005,2.3833224740554586,0.29313531260786346,3.31421397164198,2,3,True,False,GW,True,0.9999999999999996,False,True,False
MA2037008,,BOXBOROUGH REGENCY,BOXBOROUGH,42.48144887019806,-71.54462096137455,False,,,,,,,0.4030292131105795,Moderate,0.12472467022447807,8.73600397437016,1.2199679641402326,0.9484981186736676,3.552490166266221,2,3,False,False,NTNC,False,0.0,False,False,False
MA2037009,,ROCK WELL  1,BOXBOROUGH,42.4825203187136,-71.5164533850331,False,,,,,,,0.644605597858049,High,2.4775338127623425,10.325050682735984,3.538652614990407,1.1128145219720085,5.669106508120645,2,3,True,False,GW,True,1.0,False,True,False
MA2037010,,BOXBOROUGH MUNICIPAL BUILDINGS,BOXBOROUGH,42.48631507898543,-71.50323629353213,False,,,,,,,0.4085175790404093,Moderate,2.5167058847221124,10.937353639684014,4.20059055166552,2.2101983138002295,5.793085781395487,2,5,False,False,NTNC,False,0.0,False,False,False
MA2037012,,NASHOBA VALLEY OLYMPIA INC.,BOXBOROUGH,42.47760612932799,-71.49220277003798,False,,,,,,,0.3000864159782309,Moderate,2.6326811303747233,12.23612043683699,2.908044139967523,2.989389192827765,4.528144328160623,1,6,False,False,TNC,False,0.0,False,False,False
MA2037013,,ROCK WELL # 2,BOXBOROUGH,42.481107294898905,-71.49234760200805,False,,,,,,,0.5067868291569051,High,2.2996659982874386,12.002856576472183,3.2627254308846494,3.0448716753560436,4.727600596343441,1,6,True,False,GW,True,0.9999999999999998,False,True,False
MA2037014,,WELL # 2,BOXBOROUGH,42.48096638875396,-71.49644769425781,False,,,,,,,0.5296649502126991,High,2.5061578685851176,11.735082803935544,3.4031936573580395,2.7666478331102247,5.01159606164364,1,6,True,False,GW,True,1.0,False,True,False
MA2037017,,1414 MASS AVE BOXBOROUGH,BOXBOROUGH,42.4850492390419,-71.53875992324339,False,,,,,,,0.396465616519506,Moderate,0.7567187088758877,8.714286861003167,1.8960573445833029,0.6988848582593613,3.7658697568526516,1,3,False,False,NTNC,False,0.0,False,False,False
MA2037018,,159 SWANSON RD    SETRA SYSTEMS INC,BOXBOROUGH,42.49110394494413,-71.54344178762977,False,,,,,,,0.4397061103025045,Moderate,0.22413817863418078,8.026526644110596,2.1775902625664387,0.09150822661014317,3.2701777283692937,2,3,False,False,NTNC,False,0.0,False,False,False
MA2037019,,BOXBOROUGH EXECUTIVE OFFICE CENTER,BOXBOROUGH,42.488213246330616,-71.5510863105873,False,,,,,,,0.3770369912580954,Moderate,0.8370305704339569,7.847532759226379,1.5975835766260578,0.6165789880056948,2.781996942757496,2,3,False,False,NTNC,False,0.0,False,False,False
MA2037020,,1300 MASS AVE,BOXBOROUGH,42.48400142104834,-71.53555294609313,False,,,,,,,0.4194342911311971,Moderate,0.996870088407056,9.056196262279846,2.0999408800536594,0.46661250556649403,4.1397454717877835,1,3,False,False,NTNC,False,0.0,False,False,False
MA2037021,,60 AND 70 CODMAN HILL RD,BOXBOROUGH,42.48544519393609,-71.54861884846139,False,,,,,,,0.3928168808007814,Moderate,0.4830808566696633,8.213291109739538,1.418479497492742,0.6719794302823883,3.0993876763013537,2,3,False,False,NTNC,False,0.0,False,False,False
MA2037022,,85 SWANSON RD LLC,BOXBOROUGH,42.48921871935383,-71.54552629738001,False,,,,,,,0.4234137815031506,Moderate,0.4881523385914855,8.069655196213102,1.908357949366168,0.18183931057271813,3.166334632861556,2,3,False,False,NTNC,False,0.0,False,False,False
MA2037023,,330 CODMAN HILL ROAD,BOXBOROUGH,42.478993167263944,-71.55405204490052,False,,,,,,,0.341017978300905,Moderate,0.6060565815787659,8.511971247563313,0.575082778432707,1.5164937026344176,3.1539037861220436,2,2,False,False,NTNC,False,0.0,False,False,False
MA2037024,,155 SWANSON RD   SYNQOR,BOXBOROUGH,42.49147167566561,-71.5458122863977,False,,,,,,,0.4298644147003609,Moderate,0.12446279921877557,7.841758302309409,2.110830007649297,0.158450566182472,3.0712996463794795,2,3,False,False,NTNC,False,0.0,False,False,False
MA2037025,,COSGROVE REALTY,BOXBOROUGH,42.512948133377,-71.53554828980364,False,,,,,,,0.4047154873898742,Moderate,2.272407359664879,7.135054524723309,4.625652575924671,1.418635287341393,4.1389213705358685,3,4,False,False,NTNC,False,0.0,False,False,False
MA2037026,,BOXBORO GREEN PLAZA,BOXBOROUGH,42.485652872563,-71.53297827805383,False,,,,,,,0.4286145850900413,Moderate,1.2319784536659713,9.078636336496537,2.3981131140866565,0.3322095748381601,4.270866048358076,1,3,False,False,TNC,False,0.0,False,False,False
MA2037027,,61 STOW RD. BLDG./THE MARKETPLACE,BOXBOROUGH,42.48159384043007,-71.51483916420321,False,,,,,,,0.4578436480988544,Moderate,2.3905210388079463,10.492894569623411,3.6450465332018127,1.2599028521858096,5.827646662300181,2,5,False,False,NTNC,False,0.0,False,False,False
MA2037028,,UNITED CHURCH OF CHRIST/DAYCARE,BOXBOROUGH,42.482930309095735,-71.51436208031646,False,,,,,,,0.4536680802354471,Moderate,2.5431409273091377,10.428966500207087,3.716507575263175,1.2797331114453012,5.818961192923934,2,5,False,False,NTNC,False,0.0,False,False,False
MA2037030,,MASS. AVE. GULF,BOXBOROUGH,42.48461599999557,-71.54162369637947,False,,,,,,,0.4132584025538921,Moderate,0.6020413359178123,8.66243127285708,1.7442062544664667,0.6985203101122001,3.655686512525525,2,3,False,False,TNC,False,0.0,False,False,False
MA2037031,,BOXBOROUGH COMMONS (629 MASS AVE),BOXBOROUGH,42.48199307190744,-71.51109040496102,False,,,,,,,0.4536436873567376,Moderate,2.4967850884734735,10.703865082931712,3.9558542374304086,1.557612000894891,6.106776216574721,2,5,False,False,TNC,False,0.0,False,False,False
MA2037033,,NATIONAL TECHNICAL SYSTEMS,BOXBOROUGH,42.483832450178255,-71.53025616056206,False,,,,,,,0.4519075757087251,Moderate,1.4325382956464852,9.380160779026621,2.507010660471667,0.032413104961327044,4.550818388794606,1,3,False,False,NTNC,False,0.0,False,False,False
MA2037034,,CAMPANELLI DEVELOPMENT,BOXBOROUGH,42.50439667486154,-71.53444424130826,False,,,,,,,0.3750661516265586,Moderate,1.439071567307124,7.688340269181206,3.8213778119424093,1.7353131626684222,3.960057632752349,2,4,False,False,NTNC,False,0.0,False,False,False
MA2037035,,BRIGHT HORIZONS DAYCARE,BOXBOROUGH,42.48675019840664,-71.54855491965158,False,,,,,,,0.3943884247496969,Moderate,0.6243694423558551,8.106347972975644,1.5437315346513802,0.5508162041780096,3.039102495931901,2,3,False,False,NTNC,False,0.0,False,False,False
MA2037036,,WELL 1,BOXBOROUGH,42.4891907547549,-71.53605162904688,False,,,,,,,0.6061273799469892,High,0.7744763250338649,8.613635169304915,2.421707387995028,0.6958684993712239,3.9108786720639883,1,3,True,False,GW,True,0.9999999999999996,False,True,False
MA2037037,,THE TAYLOR SCHOOL,BOXBOROUGH,42.48652762505766,-71.53608349153723,False,,,,,,,0.4082437911843724,Moderate,0.9874440083337045,8.827402809297421,2.2359144429617315,0.5968741047045047,3.997782845599039,1,3,False,False,NTNC,False,0.0,False,False,False
MA2037038,,WELL 1,BOXBOROUGH,42.48017369389157,-71.5191217652218,False,,,,,,,0.6509073364508966,High,2.207798980722697,10.287826553782217,3.2387674177471384,0.9280263490041027,5.510434548462336,2,3,True,False,GW,True,0.9999999999999997,False,True,False
MA2039000,BOYLSTON WATER DISTRICT,"GP WELL 5, SE CORNER RTS 70  140",BOYLSTON,42.32997059703005,-71.74430748319416,True,True,6.0,,14.5,True,False,,,6.241345478042675,22.593537966111874,2.1532035658472317,2.063024064948832,3.698863262217156,2,9,True,False,GW,True,3.3832090769281494e-06,False,True,False
MA2039008,,ME REALTY LLC (OTHER PLACE PUB),BOYLSTON,42.3345349243005,-71.74022520777156,False,,,,,,,0.2512234077222569,Moderate,6.810783189408184,25.3109794700076,2.7923002416269913,2.543161582252676,4.6447037004177085,1,7,False,False,TNC,False,0.0,False,False,False
MA2045000,,"08"" GDW  02G  QUABOAG ST.",BROOKFIELD,42.2068099443375,-72.05888154806293,False,,,,,,,0.5463711947591393,High,7.23310364127276,39.205361164614494,1.770589835296376,2.733542234508755,6.785985266897177,5,3,True,False,GW,True,0.2692893705517869,True,False,False
MA2045001,,ROCK WELL 3,BROOKFIELD,42.19993783644442,-72.09648230723856,False,,,,,,,0.5763709257322042,High,3.9417700049396323,35.98684765707437,1.3657156301008422,2.8884117312108346,7.589912410813783,2,2,True,False,GW,True,1.0,True,False,False
MA2045004,,ROCK WELL  1,BROOKFIELD,42.19108809689735,-72.09015475941229,False,,,,,,,0.5202471497257677,High,4.319199219864327,36.60517543686276,2.075433161864887,4.047442746693154,7.7701183197418615,2,2,True,False,GW,True,1.0,True,False,False
MA2045005,,ROCK WELL  1,BROOKFIELD,42.18812956251287,-72.13788602434394,False,,,,,,,0.5456116420764209,High,0.434452193008123,32.71723370690798,5.058909235447376,3.6022760522119817,6.230337286353136,0,2,True,False,GW,False,0.0,False,False,False
MA2054005,,ROCK WELL  1,CHARLTON,42.16332383432393,-71.93073446579484,False,,,,,,,0.3603530938811705,Moderate,7.4972054708625135,49.542871083987954,1.4514119743819256,2.2050251584133957,3.5681688797109596,1,4,True,False,GW,False,0.0,False,False,False
MA2054007,,YANKEE DINER,CHARLTON,42.14455758316602,-71.99183094543795,False,,,,,,,0.2473867997158496,Low,5.068834499418519,45.12667868547608,2.779067810456738,0.9439629646931937,0.9967357060930057,2,9,False,False,TNC,False,0.0,False,False,False
MA2054010,,CHARLTON CHINESE TAKEOUT,CHARLTON,42.142220454315364,-72.00996624430843,False,,,,,,,0.3495334374071053,Moderate,5.1568145723395205,43.674053389016976,3.630108782454229,0.29966412459495906,2.435829625338258,3,10,False,False,TNC,False,0.0,False,False,False
MA2054011,,DEE DEES PLACE,CHARLTON,42.140114430301104,-71.99750480708012,False,,,,,,,0.3104642053552411,Moderate,4.824148015860343,44.72642233782287,2.686530969238923,0.65425286488896,1.6748969967592386,3,11,False,False,TNC,False,0.0,False,False,False
MA2054017,,DRESSER HILL FARM ICE CREAM BAR,CHARLTON,42.09215761209942,-71.96982080496738,False,,,,,,,0.3977023346954935,Moderate,1.1136086765655269,47.982913338460186,3.1187511699253583,4.119925482837692,5.670747350079747,5,9,False,False,TNC,False,0.0,False,False,False
MA2054019,,APPLEWOOD CAMPGROUND,CHARLTON,42.07994483173963,-71.97651664798235,False,,,,,,,0.3902875438814067,Moderate,2.543331087745947,47.79139618523743,2.880838016618158,2.93136979915677,4.771346998867124,5,9,False,False,TNC,False,0.0,False,False,False
MA2054020,,HERITAGE COUNTRY CLUB,CHARLTON,42.12743585425537,-72.01961907182873,False,,,,,,,0.4118607963252737,Moderate,3.3316540852541703,43.13979392443187,2.498619681406587,1.6643616441656146,3.9790300481537093,4,14,False,False,TNC,False,0.0,False,False,False
MA2054022,,WHISPERING PINES,CHARLTON,42.18052460289527,-71.96454992410389,False,,,,,,,0.1438432459485151,Low,8.71120331335256,47.05490761288829,4.771124415545055,3.9109964910047554,3.6717097881853134,1,2,False,False,TNC,False,0.0,False,False,False
MA2054027,,DADS RESTAURANT,CHARLTON,42.15274106622992,-71.92109239712146,False,,,,,,,0.2094981003553934,Low,6.878864654676418,50.13890219641152,0.32829810299329076,1.922307468084652,3.4348129270299217,1,4,False,False,TNC,False,0.0,False,False,False
MA2054029,,"LFB USA, INC.",CHARLTON,42.183439365468644,-71.98694848094345,False,,,,,,,0.1357603752391751,Low,9.146306040798642,44.92659370520798,4.519531604263663,4.529949537244346,3.6974559864785776,2,3,False,False,NTNC,False,0.0,False,False,False
MA2054030,,YMCA CAMP FOSKETT,CHARLTON,42.09044867296985,-71.93520936167187,False,,,,,,,0.2372644802035986,Low,3.092426239367236,50.81095418680579,4.812012759457658,4.3343238806511994,4.522361740513344,2,2,False,False,TNC,False,0.0,False,False,False
MA2054031,,BAY PATH REGIONAL VO TECH. HIGH SCHOOL,CHARLTON,42.13252621751045,-71.95402524446395,False,,,,,,,0.302221343373083,Moderate,3.4679291093846047,47.9620178937775,1.6006235851904442,1.5786602896648805,2.7488176243368265,3,6,False,False,NTNC,False,0.0,False,False,False
MA2054032,,ELLIOT P JOSLIN CAMP,CHARLTON,42.13413944108581,-71.93001818256872,False,,,,,,,0.3245175564536994,Moderate,4.802435152011418,50.34389896576878,2.469677170417191,2.07780212363591,4.701196258676121,3,5,False,False,TNC,False,0.0,False,False,False
MA2054033,,SIMS HEALTH AND RACQUET CLUB,CHARLTON,42.12955624654795,-72.04528652883087,False,,,,,,,0.3914695583227087,Moderate,3.232002162778515,40.99818092256173,2.7768729156520835,0.9159763216996983,4.094549579158846,1,12,False,False,TNC,False,0.0,False,False,False
MA2054034,,QUARTER KEG PUB,CHARLTON,42.15430122352226,-71.91652800019502,False,,,,,,,0.2068573709357994,Low,7.241180615260114,49.79945882643182,0.11023246563062473,1.5071779540674677,3.0382751640851584,1,4,False,False,TNC,False,0.0,False,False,False
MA2054035,,RONNIES SEAFOOD INC.,CHARLTON,42.17179658687609,-71.97744782759551,False,,,,,,,0.1505761674110556,Low,7.764168361124546,46.03519005463277,5.288752662793408,3.064153416642163,2.4238913714874446,0,5,False,False,TNC,False,0.0,False,False,False
MA2054040,,ROCK WELL 8,CHARLTON,42.1119059391561,-72.00878968024789,False,,,,,,,0.7551107628077024,Very High,2.638720984873381,44.302211876110434,1.875867148255263,0.47447844629961095,4.650413467507472,6,19,True,False,GW,False,0.0,False,False,False
MA2054041,,HOWLETT LUMBER/FLEA MARKET,CHARLTON,42.146051829776994,-71.97703047962037,False,,,,,,,0.2538333895358424,Moderate,4.917751777978813,46.320763168154485,2.5434543453797986,0.7050873550087212,0.6586173036307013,3,7,False,False,TNC,False,0.0,False,False,False
MA2054042,,SPRING BROOK INDUSTRIES,CHARLTON,42.148879955106665,-71.98828884820983,False,,,,,,,0.2102140833322467,Low,5.424914492941834,45.35999173253427,3.075531065388345,1.3417349658046922,0.4982154907672894,2,8,False,False,TNC,False,0.0,False,False,False
MA2054047,,HERITAGE SCHOOL,CHARLTON,42.1312334878983,-71.93964386774557,False,,,,,,,0.3278694365553353,Moderate,4.044968674698741,49.60111387157342,2.9927066977729138,1.939209764357058,4.133368464453602,3,5,False,False,NTNC,False,0.0,False,False,False
MA2054050,,ROCK WELL # 1,CHARLTON,42.14216344889896,-71.99719915498243,False,,,,,,,0.4941752954690226,Moderate,5.012422873656724,44.7208145588966,2.832864444031238,0.5469596363590395,1.5099157598810822,3,10,True,False,GW,False,0.0,False,False,False
MA2054051,,"KARL STORZ ENDOVISION, INC.",CHARLTON,42.13592467409322,-71.98782648877084,False,,,,,,,0.2823221255989117,Moderate,4.045031973211548,45.563566052402464,1.8008361670667936,1.3842761113232798,1.6557205752557613,3,10,False,False,NTNC,False,0.0,False,False,False
MA2054052,,BUFFUMVILLE PARK,CHARLTON,42.12310290878406,-71.90986686910581,False,,,,,,,0.2857861259954228,Moderate,5.423790527870734,51.05300531813477,3.543294053570956,2.0474218916688223,4.531887243635129,1,6,False,False,TNC,False,0.0,False,False,False
MA2054053,,PRINDLE POND CONFERENCE CENTER,CHARLTON,42.111912665111696,-72.00187931737082,False,,,,,,,0.5487013278587708,High,2.5356397930815153,44.643371189147686,2.098911717656159,0.8182306651445626,4.553713482203854,6,17,False,False,NTNC,False,0.0,False,False,False
MA2054055,,CHARLTON BEAGLE CLUB,CHARLTON,42.119762776661595,-71.94480412776969,False,,,,,,,0.307338144235105,Moderate,2.8039015421247777,49.38031936931089,2.4624702386515844,3.1146252272101536,4.611198517548194,3,4,False,False,TNC,False,0.0,False,False,False
MA2054056,,HOLY VIRGIN MARY SPIRITUAL VINEYARD,CHARLTON,42.17525555050067,-71.95591150317117,False,,,,,,,0.1708676033305352,Low,8.19085171245557,47.79214922279753,3.903307819589887,3.1380942785118857,3.540085220860125,1,4,False,False,TNC,False,0.0,False,False,False
MA2054060,,FAY MOUNTAIN FARM,CHARLTON,42.16608691484872,-71.95519287478534,False,,,,,,,0.202879557830122,Low,7.192118930450907,47.91025381883452,3.3461184764469363,2.1400074107760214,2.862146125580622,1,6,False,False,TNC,False,0.0,False,False,False
MA2054064,,PARTNERS PIZZA/SKIRANI BROS,CHARLTON,42.14457335789913,-71.95794058741266,False,,,,,,,0.2934491059691497,Moderate,4.799646433837667,47.90706255432752,2.7239512923619182,0.8838458083079449,2.1336126905995605,3,6,False,False,TNC,False,0.0,False,False,False
MA2054065,,19  21 WORCESTER ROAD,CHARLTON,42.14533988358296,-71.99081821376808,False,,,,,,,0.2388180616871134,Low,5.11063941093394,45.19896627729882,2.797985029692233,1.0348382825839237,0.8502942927852669,2,9,False,False,TNC,False,0.0,False,False,False
MA2054068,,WAYSIDE RESTAURANT,CHARLTON,42.15471676046508,-71.91350549009873,False,,,,,,,0.2140399791953424,Low,7.430136095259405,49.63481227826009,0.360114894912634,1.2619157513931956,2.784967729799347,1,6,False,False,TNC,False,0.0,False,False,False
MA2054070,,"VERIZON BUSINESS NETWORK SERVICES, INC.",CHARLTON,42.15180671086419,-71.95416022236455,False,,,,,,,0.2987080533111648,Moderate,5.6502583900855825,48.12961181882471,3.015488134803969,0.7265945305862945,2.3544582264466265,3,7,False,False,NTNC,False,0.0,False,False,False
MA2054072,,GROWING FOOTPRINTS EDUCATION CENTER,CHARLTON,42.14548187746249,-71.99683274784175,False,,,,,,,0.2701529588806924,Moderate,5.328676653006946,44.70366695078939,3.097624635788751,0.5491008425643665,1.294716305512505,2,9,False,False,NTNC,False,0.0,False,False,False
MA2054074,,PUTTERS MINIATURE GOLF,CHARLTON,42.14829322153354,-71.93010042319717,False,,,,,,,0.2867612455717094,Moderate,6.0541952486113075,50.14784412955821,1.2217289065401744,1.4204778814594945,4.261131173478274,2,4,False,False,TNC,False,0.0,False,False,False
MA2054075,,LFB USA 92 (RABBIT),CHARLTON,42.18294983471592,-71.98182286475473,False,,,,,,,0.1278448088936537,Low,9.008014975872841,45.619871022432044,5.491400244155414,4.32151560989525,3.6076043547563166,0,4,False,False,NTNC,False,0.0,False,False,False
MA2064000,CLINTON WATER DEPT,WACHUSETT RESERVOIR,CLINTON,42.40509034914558,-71.69609785617725,True,False,,,10.5,False,False,,,2.547956322924094,16.672547850963813,1.6620512603074944,1.4965342713583953,1.8731470815262927,3,6,False,True,SW,True,0.6154622476913655,True,True,False
MA2077000,DOUGLAS WATER DEPARTMENT,WEST ST. TUBULAR WELLFIELD (13 X 2.5),DOUGLAS,42.06928417098069,-71.72156373639153,True,False,,,10.5,False,False,,,6.036538638430334,41.03156026380044,0.7323216821987653,2.849074151019129,0.8029541016290146,3,3,True,False,GW,False,0.0,False,False,False
MA2077002,,BREEZY PICNIC GROUNDS,DOUGLAS,42.07481918531106,-71.76755075802768,False,,,,,,,0.1393312075223993,Low,6.038049463501268,43.72489840612517,3.271154591635037,5.593497342783669,4.183036502571223,2,0,False,False,TNC,False,0.0,False,False,False
MA2077003,,WINDING BROOK CAMPING,DOUGLAS,42.02655399452391,-71.72082521273232,False,,,,,,,0.1216321556978743,Low,8.656282071522506,44.39476123551397,4.068601585641881,5.860932424308668,5.293350844310561,1,0,False,False,TNC,False,0.0,False,False,False
MA2077005,,LAKE MANCHAUG CAMPING,DOUGLAS,42.08683183850663,-71.77559858535625,False,,,,,,,0.1461938230165411,Low,5.180083611493949,43.46080243985075,2.8722706801384073,5.649496702912387,4.206364277862529,2,0,False,False,TNC,False,0.0,False,False,False
MA2077006,,DCR DOUGLAS STATE FOREST,DOUGLAS,42.02052017210282,-71.76936952802761,False,,,,,,,0.1519830803297023,Low,6.7486822217833415,46.42356635258939,4.144640272335381,6.080631189432883,6.126391401936069,1,0,False,False,TNC,False,0.0,False,False,False
MA2080000,DUDLEY WATER DEPARTMENT,SCHOFIELD AVENUE #5,DUDLEY,42.033270732928784,-71.89065973614385,True,False,,,10.5,False,False,,,1.1364834559448593,54.23729184594544,1.368415082886968,0.9089978433240643,0.3283953452241363,2,10,True,False,GW,True,0.32690475549234127,True,True,False
MA2080003,,WEBCO CHEMICAL CORPORATION,DUDLEY,42.02695062968955,-71.94235993604642,False,,,,,,,0.3408869536085856,Moderate,5.038046241582379,52.327078897555126,2.7061455721779284,0.05585073877363151,3.7726312275075875,1,4,False,False,NTNC,False,0.0,False,False,False
MA2080004,,SOUTHERN WORC. COUNTY ED. COLLABORATIVE,DUDLEY,42.04684741610127,-71.9837257833776,False,,,,,,,0.2906165958938864,Moderate,6.262510523076057,48.34526073487398,3.9800127096848312,2.5505110331557224,5.052391255436228,2,7,False,False,NTNC,False,0.0,False,False,False
MA2080005,,YUMMY ASIAN FUSION CUISINE,DUDLEY,42.02861096857208,-71.93725939338297,False,,,,,,,0.3140261610397549,Moderate,4.581433429937578,52.65642145415319,2.2462778106402883,0.41126273297956534,3.3250898441927266,1,4,False,False,TNC,False,0.0,False,False,False
MA2080006,SOUTHBRIDGE TOOL AND MANUFACTURING,SOUTHBRIDGE TOOL AND MANUFACTURING,DUDLEY,42.04468611937687,-71.98270075613914,True,False,,,10.5,False,False,,,6.482978049251648,48.50736548473501,4.214558835065457,2.300556578082301,5.262772081182086,2,6,False,False,NTNC,False,0.0,False,False,False
MA2081000,,SALMON BROOK GP WELL NO.1,DUNSTABLE,42.680977618847535,-71.49178441227112,False,,,,,,,0.4150748274417559,Moderate,5.069627621350471,18.364657664166064,1.538119279436036,4.705815379631742,7.012814231510051,1,1,True,False,GW,False,0.0,False,False,False
MA2081003,,YMCA CAMP MASSAPOAG,DUNSTABLE,42.6496122168257,-71.4979626736225,False,,,,,,,0.2611483946216548,Moderate,6.7120630185666625,15.23275397032173,2.8018405381649814,3.048119501426767,5.786638544291784,2,1,False,False,TNC,False,0.0,False,False,False
MA2084000,,WEST ST. GP WELL,EAST BROOKFIELD,42.211439873496325,-72.05644835498127,False,,,,,,,0.5428547499498984,High,7.630406012052033,39.47696161046267,1.2391971505009536,2.1925313498324237,6.3152831876353535,5,3,True,False,GW,False,0.0,False,False,False
MA2084001,,YMCA CAMP FRANK A. DAY,EAST BROOKFIELD,42.175457360784215,-72.06561925068425,False,,,,,,,0.2098622648647038,Low,6.137392556641186,38.335381937775516,3.750460569214393,4.992647338135893,6.684300644765521,1,1,False,False,TNC,False,0.0,False,False,False
MA2097000,"FITCHBURG DPW, DIV. OF WATER SUPPLY",OVERLOOK RESERVOIR,FITCHBURG,42.59432585130087,-71.81652060880336,True,True,4.9,,13.4,True,False,,,1.8980954107697938,17.69278018326595,1.7091358664265945,1.5305769283912036,1.3704955106741885,4,15,False,False,SW,True,0.6460017958945855,True,True,True
MA2101000,"FRANKLIN WATER DEPARTMENT, MA",GP WELL 3,FRANKLIN,42.05992182904169,-71.42690308421177,True,True,4.7,5.6,16.8,True,False,,,1.1913735762472193,20.396301625056736,0.7241816463068014,0.3363115754999752,1.9170799258229327,3,19,True,False,GW,False,0.0,False,False,False
MA2101001,,CAMP HAIASTAN,FRANKLIN,42.06496402238183,-71.38417817539332,False,,,,,,,0.3191845944273841,Moderate,7.016642425432251,27.77635680496386,3.630940654323104,1.246299800971614,3.704127485675056,1,17,False,False,TNC,False,0.0,False,False,False
MA2103000,GARDNER WATER DEPARTMENT,COWEE POND,GARDNER,42.61085890585742,-71.98487858645228,True,False,,,10.5,False,False,,,0.7386633312672869,31.282036186597846,1.7058377032196426,0.7271675830459078,0.9388443048190201,2,11,True,False,SW,True,0.7431902076760409,True,True,False
MA2103003,,GARDNER MUNICIPAL GOLF COURSE,GARDNER,42.59807427679133,-71.99186586465046,False,,,,,,,0.2236861937492759,Low,5.695508186002387,31.72464086115344,2.831394406419985,2.8313917570571263,2.5504755482167814,2,11,False,False,TNC,False,0.0,False,False,False
MA2110000,GRAFTON WATER DISTRICT,FOLLETTE ST. GRAVEL PACKED WELL #4,GRAFTON,42.18306320832714,-71.70922421646692,True,True,6.9,6.9,20.3,True,True,,,4.759052179498243,30.44294842707007,0.8091267398029693,0.28712501437539656,1.2706597025656015,6,15,True,False,GW,True,0.06490022693850342,False,True,False
MA2110001,,FERRY STREET WELL 2,GRAFTON,42.174053661565296,-71.68927894450621,False,,,,,,,0.4034196043552434,Moderate,6.852371998712281,31.218264391425254,0.4983719928282638,2.11384173127114,2.4917422070689517,5,3,True,False,GW,True,0.725377527978973,False,True,False
MA2110002,,SILVER SPRUCE MONTESSORI SCHOOL,GRAFTON,42.19757439283843,-71.67701654396362,False,,,,,,,0.1535682393493735,Low,7.6656007138287245,30.119752957445453,1.610889244398674,2.823395236571736,1.3369304712601946,4,1,False,False,NTNC,False,0.0,False,False,False
MA2110003,,TOUCHSTONE COMMUNITY SCHOOL,GRAFTON,42.1825316364185,-71.64408508523523,False,,,,,,,0.1670881267021036,Low,8.377979032072611,28.51942534168217,2.3202325810977493,3.1347404497769387,2.920571281193885,3,2,False,False,NTNC,False,0.0,False,False,False
MA2110004,,WELL #1,GRAFTON,42.19352898519553,-71.68810301361263,False,,,,,,,0.3128817803773931,Moderate,6.7259882363658345,31.139704555531587,1.2287042534252162,2.8536428929797046,0.9906302522759364,5,2,True,False,GW,False,0.0,False,False,False
MA2110006,,WELL 1,GRAFTON,42.199597577930724,-71.65775628243459,False,,,,,,,0.3129437800937299,Moderate,8.552553029868454,28.59305875394752,3.09575163892306,3.825835351956444,2.848527757193136,5,2,True,False,GW,False,0.0,False,False,False
MA2115000,GROTON WATER DEPARTMENT,WHITNEY POND WELL #1,GROTON,42.60582340366433,-71.51062027236718,True,True,,,10.5,False,False,,,5.098845599431727,10.077141037645465,2.1059174112136216,2.5362921993390466,2.775463435270638,2,2,True,False,GW,False,0.0,False,False,False
MA2115001,,TOWN FOREST GP WELL,GROTON,42.58946848869417,-71.6159547034425,False,,,,,,,0.6565586574150738,High,2.187094930895675,5.27850162492893,0.5889938012354682,0.5206714502551338,4.0679710845438555,4,7,True,False,GW,False,0.0,False,False,False
MA2115002,,GROTONWOOD BAPTIST CAMP AND CONF.CTR.,GROTON,42.59632111520635,-71.53596489537911,False,,,,,,,0.3255653474070124,Moderate,3.8202290073165908,8.7417446217071,3.904520275233753,2.0502122042144646,3.940709586541376,3,3,False,False,TNC,False,0.0,False,False,False
MA2115009,,ROCK WELL #1,GROTON,42.651087880559515,-71.56284896871077,False,,,,,,,0.2111473734383351,Low,5.119247427674324,12.79781598625793,3.3352620060280134,6.038109396508772,2.655389177610232,1,0,True,False,GW,False,0.0,False,False,False
MA2115010,,GROTON DUNSTABLE REG. H.S.,GROTON,42.6523862457804,-71.5356675312313,False,,,,,,,0.1711085797552398,Low,5.009006813553112,13.807248136369093,3.47687653926835,5.07077618216839,4.222133029574989,2,0,False,False,NTNC,False,0.0,False,False,False
MA2115011,,BOSTON ROAD MARKET AND LIQUOR,GROTON,42.575017074834115,-71.51713636293782,False,,,,,,,0.3267856610929899,Moderate,4.640389013179356,8.684836281965097,2.295615057323078,1.939014893727619,4.1313811498917605,3,6,False,False,TNC,False,0.0,False,False,False
MA2115012,,WELL 3,GROTON,42.63314781820542,-71.57097240915195,False,,,,,,,0.2337172212264041,Low,6.266869200369229,10.667308155188369,1.591527121279995,4.096223142092529,1.7343003196153979,1,1,True,False,GW,False,0.0,False,False,False
MA2125000,,POND ROAD ROCK WELL #2 (02G),HARVARD,42.495588262932216,-71.58646435435378,False,,,,,,,0.3130085615526836,Moderate,3.0002765377923852,5.597630486537794,1.5634407272125255,3.046367668950537,0.4904539450433531,2,2,True,False,GW,False,0.0,False,False,False
MA2125001,,FRIENDLY CROSSWAYS,HARVARD,42.5142380869287,-71.53490017535633,False,,,,,,,0.4138325014970416,Moderate,2.425046921710438,7.119299267985212,4.641705343638191,1.3655528714454765,4.245076585492845,3,5,False,False,TNC,False,0.0,False,False,False
MA2125002,,SAINT BENEDICT ABBEY,HARVARD,42.486581223724585,-71.62111138670694,False,,,,,,,0.1625416343641565,Low,5.482577188135013,5.995564013957026,3.3088093260525326,4.744928315906486,3.403673940814064,2,2,False,False,TNC,False,0.0,False,False,False
MA2125003,,SCHOOL HOUSE 1870 TRUST,HARVARD,42.531329376679246,-71.57782042227171,False,,,,,,,0.3623589361210095,Moderate,4.991191035463631,3.1236144028038866,2.7388976459815417,1.938972288108534,3.243751433644532,4,17,False,False,TNC,False,0.0,False,False,False
MA2125005,,VILLAGE NURSERY SCHOOL,HARVARD,42.521005872094214,-71.56424072759943,False,,,,,,,0.2797274272805294,Moderate,3.5003726776460145,4.6352502922125245,2.6450603094464933,3.4952500873892727,2.8949642814082193,3,15,False,False,NTNC,False,0.0,False,False,False
MA2125006,,CAMP GREEN EYRIE GIRL SCOUT CAMP,HARVARD,42.49649931351122,-71.59775270197086,False,,,,,,,0.1527510476384549,Low,4.3515335284717365,4.832603220226546,1.0071061638042735,4.216117240288908,1.1568423376631727,2,9,False,False,TNC,False,0.0,False,False,False
MA2125007,,THE APPLEWORKS,HARVARD,42.54290192526795,-71.57545447559669,False,,,,,,,0.3982397272383796,Moderate,3.7340654830233375,3.0856888425474978,1.6677921483318598,1.1089917699221237,2.241221552706342,4,20,False,False,NTNC,False,0.0,False,False,False
MA2125010,,HARVARD PLAZA,HARVARD,42.5369604846951,-71.57634729618165,False,,,,,,,0.3864972026186524,Moderate,4.396371177130586,3.0624641411349223,2.222195168881363,1.54790067737059,2.8833248202327257,4,19,False,False,TNC,False,0.0,False,False,False
MA2125011,,IMMACULATE HEART OF MARY SCHOOL,HARVARD,42.4848083713424,-71.6181491872459,False,,,,,,,0.1407321688536092,Low,5.837767678967722,6.366979669669949,3.4410270169031865,5.166183088074303,3.3405945765275717,2,0,False,False,NTNC,False,0.0,False,False,False
MA2125012,,LANCASTER COUNTY ROAD LLC,HARVARD,42.53104388870013,-71.58096315437744,False,,,,,,,0.3459580102428755,Moderate,4.915879177389955,2.8995861658505038,2.6091313366729234,1.739929764795408,3.014914020190387,3,17,False,False,NTNC,False,0.0,False,False,False
MA2125013,,"6"" BEDROCK DW WELL",HARVARD,42.53400666496766,-71.57872323685405,False,,,,,,,0.5757081722182872,High,4.690966914118472,2.9524369676398,2.4720519816847855,1.7344018351342334,3.0815141040963434,4,18,True,False,GW,False,0.0,False,False,False
MA2125014,,WELL 1,HARVARD,42.52658028711912,-71.58456167968365,False,,,,,,,0.5309821221600683,High,4.955531130285612,2.896903765685833,2.039135598389879,1.8799009356069332,2.987102355902676,3,17,True,False,GW,False,0.0,False,False,False
MA2125015,,FRUITLANDS MUSEUM,HARVARD,42.50748479781414,-71.60973528534413,False,,,,,,,0.2165637674173097,Low,4.962802143869006,3.7212939703622587,1.4303787030008752,2.875378239396359,2.492912458818556,1,11,False,False,TNC,False,0.0,False,False,False
MA2125016,,WELL 2,HARVARD,42.50339274128957,-71.54204536739121,False,,,,,,,0.5696195751802369,High,1.1054903928394366,7.237578933745284,3.425553010632938,1.4221378537619216,3.3157165360267937,2,4,True,False,GW,True,5.9620193916505005e-06,False,True,False
MA2125020,,SHAKER PLACE OFFICES,HARVARD,42.53241368979874,-71.57761312125314,False,,,,,,,0.3701847920401584,Moderate,4.8899899862558955,3.095886864824292,2.666870576841986,1.8957783863098432,3.220169206523444,4,18,False,False,NTNC,False,0.0,False,False,False
MA2125021,,WELL 2,HARVARD,42.52563412675514,-71.58603104227525,False,,,,,,,0.5218674109856714,High,4.969099718134088,2.853445055364974,1.8877217482816848,1.8855344673113104,2.9364822718384347,3,16,True,False,GW,False,0.0,False,False,False
MA2125022,,WESTWARD ORCHARDS,HARVARD,42.494148179432464,-71.56143399266311,False,,,,,,,0.2915419791808625,Moderate,1.4600958219162012,6.797729481262724,2.1615481684599804,1.4627984249247317,1.7540878049580637,2,3,False,False,TNC,False,0.0,False,False,False
MA2125023,,CARLSON ORCHARDS,HARVARD,42.50260736243894,-71.56461385512847,False,,,,,,,0.2474396106706407,Low,2.0002325271880728,5.912230677745157,2.366797083045233,2.1380111792658147,1.4972912400740668,2,3,False,False,TNC,False,0.0,False,False,False
MA2125024,,NORTH EAST BASEBALL,HARVARD,42.5345182761072,-71.57463031760066,False,,,,,,,0.3816015766141015,Moderate,4.663708121840913,3.2596946776824245,2.5267318470230693,1.8508311683455523,3.1006713213464048,4,20,False,False,TNC,False,0.0,False,False,False
MA2125025,,WELL 1,HARVARD,42.464078472143974,-71.56319254190039,False,,,,,,,0.4323443301259274,Moderate,2.307396092855738,9.57488863534028,1.2629032994496567,3.32868901935902,4.120858859752084,1,2,True,False,GW,False,0.0,False,False,False
MA2125026,,WELL 3,HARVARD,42.54877011448311,-71.57304667433709,False,,,,,,,0.6169580334937111,High,3.0770538411148207,3.339893358495498,1.3096372078521972,0.43535373486463397,1.5658613574647453,4,20,True,False,GW,True,0.002371935405996832,False,True,False
MA2125027,,HARVARD LANES,HARVARD,42.527035706397264,-71.57850234178892,False,,,,,,,0.3337930372629125,Moderate,4.705262087310519,3.2855747809215905,2.288916208881208,2.1778045170171754,3.1847561959682245,3,17,False,False,TNC,False,0.0,False,False,False
MA2134000,"HOLDEN WATER DIVISION, DPW",MUSCHOPAUGE POND,HOLDEN,42.38017275692949,-71.91886144259192,True,True,4.9,,13.4,True,False,,,2.7849573327491584,25.09512783390205,2.5090638905861335,1.8596795037231921,2.5521136533397937,1,17,True,False,GW,True,0.004617262030036048,True,True,False
MA2136000,HOLLISTON WATER DEPARTMENT,BROOK STREET #6 GRAVEL PACKED WELL,HOLLISTON,42.224301259193325,-71.41477001878367,True,True,5.3,6.5,17.4,True,False,,,1.7498881065742327,11.179919453121629,1.1026090569066331,0.6065322054702449,2.0657868879184584,4,27,True,False,GW,True,0.08103865238799167,False,True,True
MA2138000,HOPEDALE WATER DEPARTMENT,GREEN ST. GP REPLACEMENT WELL #1,HOPEDALE,42.11948827981904,-71.53590527632942,True,True,6.8,4.3,17.6,True,False,,,1.26482410425062,26.522751979245403,0.4721777307573882,1.136514312509307,0.6600233369951095,5,20,True,False,GW,False,0.0,False,False,False
MA2139000,HOPKINTON WATER DEPARTMENT,GP WELL 3,HOPKINTON,42.24815079107869,-71.57456171519449,True,True,7.2,,15.7,True,False,,,2.0446219857471823,15.663907800059572,1.1537310987333604,1.5935503997399374,0.18635192249324012,8,14,True,False,GW,True,0.11946435009553902,False,True,False
MA2139001,,METROWEST YMCA,HOPKINTON,42.22527556734157,-71.47103958234469,False,,,,,,,0.4103237539920994,Moderate,3.090244510888015,14.018410394712713,3.1589129610843383,0.6329638683369556,3.0848777859721137,3,11,False,False,NTNC,False,0.0,False,False,False
MA2139002,,NEW ENGLAND LABORERS TRAINING ACADEMY,HOPKINTON,42.22132506962826,-71.47396082917682,False,,,,,,,0.4144827685779849,Moderate,3.0160967285445706,14.677899839032559,2.689081656396853,1.090948950846035,3.8065776770500555,3,11,False,False,NTNC,False,0.0,False,False,False
MA2139003,,HOPKINTON COUNTRY CLUB,HOPKINTON,42.26322592875041,-71.55708936272366,False,,,,,,,0.5055418809136437,High,1.9123510214452162,18.18282317317171,2.71613130114817,1.1836542181633067,1.7459833966249865,10,15,False,False,NTNC,False,0.0,False,False,False
MA2139004,,CARBONES RESTAURANT INC.,HOPKINTON,42.26363187809963,-71.5246660116793,False,,,,,,,0.4060231532826651,Moderate,2.5603096854844662,15.650579230500467,1.9528565685094044,2.09023144617989,3.7471973748885943,4,15,False,False,TNC,False,0.0,False,False,False
MA2139006,,WELL 1,HOPKINTON,42.20015374860201,-71.53625216198394,False,,,,,,,0.4856347709443401,Moderate,3.316809375008826,20.091638393395975,2.273901788957689,0.8847256783544097,2.0327716142386363,2,4,True,False,GW,False,0.0,False,False,False
MA2139007,,ROCK WELL # 3,HOPKINTON,42.26129942921507,-71.53929905797533,False,,,,,,,0.6606891274527932,High,2.036170662142859,16.867074274836593,3.1200110935316627,1.6945992958541114,2.5664510412407457,8,13,True,False,GW,False,0.0,False,False,False
MA2139008,,WELL 2,HOPKINTON,42.262669671052684,-71.52777248668573,False,,,,,,,0.5878211869334484,High,2.453389098544572,15.928198903581963,2.1866038411769675,2.109703164738001,3.470052361806219,4,13,True,False,GW,False,0.0,False,False,False
MA2139010,,WELL 6,HOPKINTON,42.258152375688496,-71.53967094312826,False,,,,,,,0.6292122835687661,High,2.4106851229342356,16.966941921696797,3.0781104358524773,2.0066511183830036,2.3351520069626446,8,13,True,False,GW,False,0.0,False,False,False
MA2139011,,WELL #2,HOPKINTON,42.256749584456486,-71.53159710364471,False,,,,,,,0.6200682976826313,High,2.7391427574038483,16.468054285142912,2.505742823529752,1.8069200814807627,2.9248342488857806,6,14,True,False,GW,False,0.0,False,False,False
MA2140003,,WOODS EQUIPMENT COMPANY WAIN ROY,HUBBARDSTON,42.44767398329515,-71.96836093034273,False,,,,,,,0.2327708836255749,Low,7.887713434530107,31.034288029844774,2.336987233132765,4.820292908184921,7.890425150834862,2,1,False,False,NTNC,False,0.0,False,False,False
MA2140004,,HUBBARDSTON CENTER SCHOOL,HUBBARDSTON,42.47481238788425,-72.00630411267473,False,,,,,,,0.521222618249372,High,8.231043073785335,33.174565833643626,0.53863850113977,0.48425359196474776,10.128159571889165,3,1,False,False,NTNC,False,0.0,False,False,False
MA2140005,,PEACEFUL ACRES CAMPGROUND,HUBBARDSTON,42.48976651332402,-72.04837189310545,False,,,,,,,0.3531446183226878,Moderate,7.183327658242818,36.244736389210246,1.9207048621865026,3.404034979561245,8.298585675307233,4,2,False,False,TNC,False,0.0,False,False,False
MA2140006,,HUBBARDSTON ROD & GUN CLUB,HUBBARDSTON,42.47772977351863,-72.02420805185206,False,,,,,,,0.4776004781404034,Moderate,7.559366738757238,34.54068810474287,0.6213125359263005,1.1658868506362432,9.581317033676072,3,1,False,False,TNC,False,0.0,False,False,False
MA2140007,,GREAT NORTHERN RECYCLERS,HUBBARDSTON,42.48305112977154,-72.01404572779974,False,,,,,,,0.4910246329747297,Moderate,7.438579904877637,33.60245437090676,0.9984063175758441,0.6332449961467892,9.103632396313982,3,1,False,False,NTNC,False,0.0,False,False,False
MA2140008,,PINECREST INACT,HUBBARDSTON,42.47713506448208,-71.94819334298496,False,,,,,,,0.3029213741087778,Moderate,4.3612818863222556,28.47446017192967,2.6238433134222183,5.08692276349286,8.61416621553585,2,0,False,False,TNC,False,0.0,False,False,False
MA2140010,,ROCK WELL  1,HUBBARDSTON,42.46872425264875,-71.99628059113402,False,,,,,,,0.7056760994680168,High,8.17207790187194,32.536455211464805,0.7053748218527658,1.5440477679654219,10.782044172703932,4,1,True,False,GW,False,0.0,False,False,False
MA2140011,,WELL 1,HUBBARDSTON,42.52243450326519,-71.99906840995415,False,,,,,,,0.4804081918589059,Moderate,3.3663944038217553,31.79189860794899,3.9437902747546083,3.8976275167722774,5.398501793432746,2,5,True,False,GW,False,0.0,False,False,False
MA2140013,,WELL #2,HUBBARDSTON,42.457694906768175,-72.0167084345373,False,,,,,,,0.6108966948540376,High,7.011959685752584,34.474178851558015,1.6906890934398722,2.331490346704013,8.946992463751045,3,1,True,False,GW,False,0.0,False,False,False
MA2140014,,HUBBARDSTON ONE STOP SHOP,HUBBARDSTON,42.477143732711724,-72.01052343972245,False,,,,,,,0.5318173020389133,High,8.105817525467375,33.4552291222786,0.917602989866933,0.12184382791422163,9.802369614186258,3,1,False,False,TNC,False,0.0,False,False,False
MA2140015,,BREEZY HILL PLAZA,HUBBARDSTON,42.48764477473204,-72.01528329128496,False,,,,,,,0.4515175655758777,Moderate,6.926728629406529,33.60561842320674,0.5827048887322444,1.1361170118314246,8.583410131469773,3,1,False,False,NTNC,False,0.0,False,False,False
MA2140016,,STAMATIAS PLAZA,HUBBARDSTON,42.492494265446744,-72.0134038151204,False,,,,,,,0.4189262869816631,Moderate,6.3915573784389945,33.359430149748846,0.7170885620947502,1.613747368925609,8.084408341982263,3,1,False,False,TNC,False,0.0,False,False,False
MA2140017,,RON BURTON TRAINING VILLAGE,HUBBARDSTON,42.52380599162126,-71.98220028413361,False,,,,,,,0.3284812601813199,Moderate,2.4541298187912783,30.395285779157593,4.556016719824676,3.8270716705999197,5.789809378903319,2,5,False,False,TNC,False,0.0,False,False,False
MA2140018,,HUBBARDSTON CROSSING PLAZA,HUBBARDSTON,42.47781020569251,-72.0095963709671,False,,,,,,,0.5346857860205991,High,8.034014783702613,33.364762610390954,0.9461103246396619,0.055146258877202085,9.745031913443203,3,1,False,False,TNC,False,0.0,False,False,False
MA2141000,HUDSON WATER SUPPLY,CHESTNUT ST WELL  3,HUDSON,42.39778982210208,-71.5175825606696,True,True,,,10.5,False,False,,,2.8462081645334476,13.997555384961482,1.6548753259365443,0.5060846891866703,2.998034135179393,3,21,True,False,GW,True,0.1309587769952869,False,True,False
MA2147000,LANCASTER WATER DEPARTMENT,GP WELL # 1,LANCASTER,42.43867495582566,-71.66186436071563,True,False,,,10.5,False,False,,,2.813105198752672,12.135142602001626,0.43930699296399733,2.321279207497821,2.047438841388024,2,5,True,False,GW,True,0.15080682087751418,False,True,False
MA2147002,,YMCA CAMP LOWE,LANCASTER,42.52009654922906,-71.68010895009154,False,,,,,,,0.5676934409594075,High,1.4945148787506215,6.026442631293002,2.131220817002407,1.1729331928871407,5.267486216017313,5,16,False,False,TNC,False,0.0,False,False,False
MA2147003,,JEWISH COMMUNITY CENTER DAY CAMP,LANCASTER,42.51234499620759,-71.68890088960958,False,,,,,,,0.5763226050415915,High,2.5828852726225917,7.052719947438623,1.4538902677014953,0.7870611562381127,5.417022379764993,5,18,False,False,TNC,False,0.0,False,False,False
MA2147004,,LANCASTER GOLF AND LEARNING CENTER,LANCASTER,42.51925617396245,-71.7070737035156,False,,,,,,,0.5830421500718032,High,3.6026053315314965,8.131286277841967,0.19223245756819238,0.21751359480750707,3.7806318435882575,5,32,False,False,TNC,False,0.0,False,False,False
MA2147005,,UNIFIED 2 PACKAGING GROUP,LANCASTER,42.52686050417862,-71.67714140058348,False,,,,,,,0.5167274930705851,High,1.0390066426520759,5.531222764093401,1.6958296321961435,1.6937713797313765,4.517390914361406,5,16,False,False,NTNC,False,0.0,False,False,False
MA2147006,,U.S. ARMY DEVENS (SOUTH POST),LANCASTER,42.49796523065712,-71.63462704551353,False,,,,,,,0.4217574163430432,Moderate,2.409736638985025,3.412118365954476,0.49289684473566836,1.7147686178691322,3.271754732800478,5,15,False,False,TNC,False,0.0,False,False,False
MA2147007,,"DAMBROSIO EYE CARE, INC.",LANCASTER,42.52099140291353,-71.71006334005939,False,,,,,,,0.552434915521203,High,3.8030295454814054,8.308810667066005,0.3322481935056755,0.527748666656744,3.503892085347091,5,32,False,False,NTNC,False,0.0,False,False,False
MA2147008,,WELL #1,LANCASTER,42.52212173152691,-71.69702637424744,False,,,,,,,0.7794827375067673,Very High,2.72716166581876,7.247776616334262,0.7539854309844555,0.4145565135481875,4.550183963921511,5,29,True,False,GW,True,1.0,False,True,False
MA2147009,,KOCH RT2 TOYOTA / MYSA,LANCASTER,42.518482716015015,-71.6956102871426,False,,,,,,,0.6120193849364055,High,2.725956498256048,7.272466856893937,0.8940247593688202,0.12112469739622611,4.721749984177173,5,25,False,False,NTNC,False,0.0,False,False,False
MA2147010,,KIMBALL FARM AT OAKRIDGE,LANCASTER,42.50789033107155,-71.68970187684576,False,,,,,,,0.5416833082372906,High,2.9657738513722456,7.353482409664306,0.9605227778443688,1.2092746844108637,5.515891087609134,5,17,False,False,TNC,False,0.0,False,False,False
MA2147011,,OUT WATER LLC,LANCASTER,42.51738680755953,-71.7036340844364,False,,,,,,,0.6059414949206645,High,3.388487129767288,7.932432003853065,0.4275401103587697,0.13915577041129498,4.101983874363495,5,32,False,False,NTNC,False,0.0,False,False,False
MA2147012,,DUNKIN DONUTS LANCASTER,LANCASTER,42.507295709996505,-71.69610262465243,False,,,,,,,0.5237780465281201,High,3.396486423916444,7.841202683147608,1.0647565905455514,1.2286734719278294,5.057292708762922,5,19,False,False,TNC,False,0.0,False,False,False
MA2147013,,MOBIL GAS LANCASTER,LANCASTER,42.506525408434264,-71.69649266068878,False,,,,,,,0.5173130455249382,High,3.476435958461808,7.911431040498352,1.0131288374454663,1.3178325634417707,5.064326072510724,5,19,False,False,TNC,False,0.0,False,False,False
MA2151000,,JIM DANDY DUG WELL,LEICESTER,42.31229014265085,-71.91343694783941,False,,,,,,,0.4051236823791866,Moderate,3.012347947024358,35.529022488040084,0.9781471567284875,1.1226373807032204,0.9927002446709158,1,4,True,False,GW,True,0.3499053827004406,False,True,False
MA2151001,CHERRY VALLEY/ ROCHDALE WATER DISTRICT,HENSHAW POND,LEICESTER,42.23054891280703,-71.89300534995559,True,True,,,10.5,False,False,,,4.324644955703896,41.574721184197884,3.275935866693087,2.1819315859112987,1.5248456775712251,3,6,True,False,GW,True,0.29177085026128186,False,True,False
MA2151002,,ROCK WELL #2,LEICESTER,42.22076043861741,-71.91407780631471,False,,,,,,,0.2945482535282007,Moderate,6.050576330938643,43.43411035860645,4.072004978412232,3.1112561949826016,1.345053701572895,2,3,True,False,GW,False,0.0,False,False,False
MA2151006,,LEICESTER DRIVE IN THEATER,LEICESTER,42.24795914541089,-71.9419249861744,False,,,,,,,0.1812296079978961,Low,5.085132666359929,42.42854215591999,3.8321414520358705,3.031490583520926,2.4535148132102127,1,2,False,False,TNC,False,0.0,False,False,False
MA2151009,,ROCK WELL 3,LEICESTER,42.22115687810348,-71.87417979272496,False,,,,,,,0.4552470621970497,Moderate,4.9900139178855225,41.436715123551195,2.0619114716324733,3.1586515973635234,1.990177415299029,3,25,True,False,GW,True,0.999965090387547,False,True,False
MA2151010,,DANIELS PUB,LEICESTER,42.24534613542281,-71.93228140618544,False,,,,,,,0.1813549640787661,Low,5.267104483109406,42.15303546245921,3.230377444235121,2.2547761336851977,1.6720418762114466,1,2,False,False,TNC,False,0.0,False,False,False
MA2151012,,CAMP NEYATI,LEICESTER,42.20206059002219,-71.93868255801573,False,,,,,,,0.089400638958005,Low,8.918272289239736,46.317689930857945,5.561765731874739,4.930764588585757,2.302745093729409,0,1,False,False,TNC,False,0.0,False,False,False
MA2151013,,YWCA CAMP WIND IN THE PINES,SPENCER,42.21688538858694,-71.94257133662543,False,,,,,,,0.1214695665725173,Low,7.862307615319096,45.17522228306728,5.525450840537004,4.347052819829866,2.9436559747932596,0,2,False,False,TNC,False,0.0,False,False,False
MA2153000,LEOMINSTER WATER DIVISION,"S.E. WELL #160, S.E. CORNER",LEOMINSTER,42.47617291274532,-71.72894984277411,True,True,4.3,,12.8,True,False,,,0.818837825651583,11.912423871044227,1.8755706135868238,1.4499828694704946,2.866345672078122,4,29,True,True,SW,True,0.6426059895909824,True,True,True
MA2153001,,DCR LEOMINSTER STATE FOREST,LEOMINSTER,42.52097606633147,-71.85420750040561,False,,,,,,,0.3396317459793927,Moderate,4.87629140203445,19.953823018749013,0.9232264573243465,0.7147316492460739,3.307377681678015,2,10,False,False,TNC,False,0.0,False,False,False
MA2158000,LITTLETON WATER DEPARTMENT,REPLACEMENT WELL 2.2,LITTLETON,42.55703134025224,-71.4812492890309,True,False,,,10.5,False,False,,,1.1142739263670844,8.290557231215423,1.7232578945497377,0.24091395450549763,1.781299505623638,3,8,True,False,GW,True,0.01403332491618667,False,True,False
MA2162000,LUNENBURG WATER DISTRICT,WF# 5A LANCASTER AVE. (4 GP WELLS),LUNENBURG,42.572228015914526,-71.70893083302352,True,True,5.1000000000000005,,13.6,True,False,,,1.6710232947513446,5.450038484596456,0.5601061408469356,0.7642576747391795,2.3926808775998927,5,16,True,False,GW,True,1.3492915267144277e-06,False,True,False
MA2162005,,CHERRY HILL ICE CREAM,LUNENBURG,42.56385635401407,-71.73143485177951,False,,,,,,,0.4336506253856435,Moderate,2.509917445718126,10.025272578675187,2.6426578178636335,1.83119496505191,2.048434366829245,3,33,False,False,TNC,False,0.0,False,False,False
MA2162008,,STILLMAN DAIRY,LUNENBURG,42.5607994651351,-71.71398073972374,False,,,,,,,0.4035334889685871,Moderate,3.7714610994610815,8.552446034883426,3.7243185086762125,2.8691072559925472,2.922138812064978,5,27,False,False,TNC,False,0.0,False,False,False
MA2162010,,SETTLERS CROSSING GOLF COURSE,LUNENBURG,42.60894655133603,-71.76117310618135,False,,,,,,,0.2677524990701168,Moderate,6.095125853792772,14.25787005890244,3.841368699351173,1.7081742096577206,2.5804896924569256,1,14,False,False,TNC,False,0.0,False,False,False
MA2162011,,NORTH END MAZDA AND SUBARU,LUNENBURG,42.624659915218686,-71.73838978325765,False,,,,,,,0.3355030569484427,Moderate,8.018559571032606,13.793438083741211,3.631081349645436,0.12119539867034115,4.733826315584898,1,5,False,False,NTNC,False,0.0,False,False,False
MA2170000,MARLBOROUGH DPW  WATER DIV. (MWRA),MILLHAM RESERVOIR,MARLBOROUGH,42.34024450631657,-71.61072547819282,True,False,,,10.5,False,False,,,1.626766279932726,18.385280830685655,2.7834757181421232,0.9824278524030865,1.7621863064529495,1,29,False,True,SW,True,0.6175275815910513,True,True,True
MA2174000,"MAYNARD DPW, WATER DIVISION",ROCK WELL 5,MAYNARD,42.448217224364164,-71.46046543836812,True,True,7.1000000000000005,4.2,17.8,True,False,,,0.5667742314042594,13.550022293542074,1.20500333156118,0.33510957304459815,1.6477540482203203,4,9,True,False,GW,True,0.10741588923685318,True,False,False
MA2175000,MEDFIELD WATER DEPT.,WELL 3R (ELM ST.),MEDFIELD,42.169787762052586,-71.28231669053427,True,True,7.0,6.7,20.1,True,True,,,2.3142228954828985,11.50061502444728,1.0501638157594426,0.48833405070367447,1.4433265511733937,3,6,True,False,GW,False,0.0,False,False,False
MA2177000,MEDWAY WATER DEPARTMENT,OAKLAND STREET GP WELL,MEDWAY,42.14799357796364,-71.38917422057577,True,True,7.2,,15.7,True,False,,,0.8269092620924716,17.436416758230905,0.6074631808318053,0.3925118533974759,2.3890774140960267,5,6,True,False,GW,True,7.452610119246936e-06,False,False,True
MA2179001,,ROCK WELL  1,MENDON,42.10410315290891,-71.55257407323789,False,,,,,,,0.4291509138996241,Moderate,3.5230637478527287,28.86343728799909,2.144874935820909,3.3220038282068307,2.840380537989691,4,5,True,False,GW,False,0.0,False,False,False
MA2179002,,28 HASTINGS ST CORP,MENDON,42.10250872834392,-71.55639924037888,False,,,,,,,0.2409892137900036,Low,3.8549937033079096,29.141211119849785,2.387384386795834,3.642464384130402,3.0893277821116705,4,5,False,False,NTNC,False,0.0,False,False,False
MA2179003,,COUNTRY PLAZA LLC,MENDON,42.102950335636166,-71.55944410059735,False,,,,,,,0.23314211450046,Low,4.100253462741622,29.30217305527716,2.5443164161481007,3.892193240947527,3.2462166683915026,4,5,False,False,TNC,False,0.0,False,False,False
MA2179004,,MISCOE HILL MIDDLE SCHOOL,MENDON,42.13087372754784,-71.5730550595858,False,,,,,,,0.1802310900633759,Low,5.8678103882499375,27.617755799336138,1.6893366478383418,3.375147981172991,3.0339095974545893,2,2,False,False,NTNC,False,0.0,False,False,False
MA2179005,,HENRY P. CLOUGH SCHOOL,MENDON,42.10882000275176,-71.55552797766755,False,,,,,,,0.2283481549413005,Low,3.7660146403466292,28.585817605429263,1.8292917583545658,3.6053187581664203,2.5294069140992352,4,6,False,False,NTNC,False,0.0,False,False,False
MA2179006,,45 AND 49 UXBRIDGE RD,MENDON,42.10125577292893,-71.5707986703117,False,,,,,,,0.1835491666344353,Low,5.054154684598825,30.01945498872429,3.3091374198066816,4.839482683431494,3.996794532563363,3,1,False,False,TNC,False,0.0,False,False,False
MA2179007,,NEW ENGLAND STEAK AND SEAFOOD,MENDON,42.103608562758325,-71.56306100041786,False,,,,,,,0.2182706933034873,Low,4.39215180466434,29.422935312603894,2.674226112409314,4.189706220242324,3.3714967973304693,4,4,False,False,TNC,False,0.0,False,False,False
MA2179008,,ALICANTE RESTAURANT AND LOUNGE,MENDON,42.097278084091,-71.57304667716008,False,,,,,,,0.1826223576226926,Low,5.306369139174852,30.48285612519003,3.751661370913041,5.071714711785674,4.445089851882259,3,0,False,False,TNC,False,0.0,False,False,False
MA2179009,,10 THRU 16 HASTINGS STREET,MENDON,42.1053219681627,-71.5553740246217,False,,,,,,,0.2372324813517305,Low,3.746832132269897,28.890308681742372,2.1376046357813796,3.556359958179383,2.8393921933879223,4,5,False,False,NTNC,False,0.0,False,False,False
MA2179011,,SOUTHWICKS ZOO,MENDON,42.05983230252871,-71.5821080626078,False,,,,,,,0.2346063326419929,Low,3.5196322204077557,34.29294731469109,2.3697947610187873,3.8521393475217187,4.339901380972303,2,2,False,False,NTNC,False,0.0,False,False,False
MA2179013,,GEORGES SURF AND TURF,MENDON,42.09537189343088,-71.58038880894098,False,,,,,,,0.1870908257337005,Low,5.943898359054947,31.022734264343054,4.3354623605722775,4.649534511287983,4.674911815925661,2,1,False,False,TNC,False,0.0,False,False,False
MA2179014,,GRAND VIEW,MENDON,42.09544207971449,-71.57405049034335,False,,,,,,,0.1861776623148681,Low,5.430393904729891,30.695219684942415,3.9569164058271835,5.097412556526762,4.652250279571108,3,0,False,False,TNC,False,0.0,False,False,False
MA2179016,,IMPERIAL AUTO,MENDON,42.10278257918062,-71.56149322112975,False,,,,,,,0.2243448165661598,Low,4.270752668231436,29.418328917390944,2.661113084354452,4.062211987674352,3.361736568257664,4,4,False,False,NTNC,False,0.0,False,False,False
MA2179018,,MENDON VILLAGE,MENDON,42.10511480112286,-71.55212499578343,False,,,,,,,0.2518718188445984,Moderate,3.47922640242591,28.750592211763486,2.027430514088981,3.286953082336621,2.723588717210139,4,6,False,False,TNC,False,0.0,False,False,False
MA2179021,,DUNKIN DONUTS MENDON,MENDON,42.102234274972,-71.56044551133449,False,,,,,,,0.2285403218247285,Low,4.190972301477932,29.4153978279938,2.6572788898109825,3.9782460178704295,3.359053382121623,4,4,False,False,TNC,False,0.0,False,False,False
MA2179022,,IMPERIAL PLAZA,MENDON,42.10078332968612,-71.56158634106906,False,,,,,,,0.229201672636089,Low,4.3055866186008025,29.60105555914427,2.8431754045861526,4.083694338169959,3.5450517194248654,4,4,False,False,NTNC,False,0.0,False,False,False
MA2179023,,MENDON TWIN DRIVE IN,MENDON,42.111363694447824,-71.54786724131168,False,,,,,,,0.2529360755037929,Moderate,3.1699036014041684,27.982064422160676,1.2494729792477934,2.9848319425024044,1.945421001778663,4,9,False,False,TNC,False,0.0,False,False,False
MA2179024,,END ZONE SPORTS PUB,MENDON,42.11293888808396,-71.54736388961557,False,,,,,,,0.2499587208897866,Low,3.16376390593788,27.81627815162447,1.0737380969284571,2.9033757062299204,1.7721036732548574,4,9,False,False,TNC,False,0.0,False,False,False
MA2179025,,HIDE A WAY PIZZA,MENDON,42.096919361240005,-71.57816686539839,False,,,,,,,0.1834127072059623,Low,5.729789911102959,30.774034069905266,4.083845550221612,4.898082213041839,4.768861483152492,2,1,False,False,TNC,False,0.0,False,False,False
MA2179026,,BARRYS PLACE,MENDON,42.10388602697972,-71.55933247162731,False,,,,,,,0.2307619989017529,Low,4.082331129611632,29.213229589118644,2.4549873896249013,3.8810546330789,3.156476717674107,4,5,False,False,TNC,False,0.0,False,False,False
MA2179027,,MENDON TOWN HALL CAMPUS,MENDON,42.106022925434196,-71.55078103110948,False,,,,,,,0.2528321473411707,Moderate,3.365059167744598,28.603740055842998,1.8893159261664232,3.181193103086352,2.5830426261788157,4,6,False,False,NTNC,False,0.0,False,False,False
MA2179028,,MENDON SENIOR CENTER,MENDON,42.097271996038444,-71.53938800599825,False,,,,,,,0.3353048243834032,Moderate,2.6303628649691375,28.871433995095014,1.97125891117271,2.3550672597670688,3.2876936121945106,4,8,False,False,TNC,False,0.0,False,False,False
MA2179029,,MENDON MEMORIAL FIELD,MENDON,42.09930952159479,-71.56376741953072,False,,,,,,,0.2134024824322661,Low,4.510236802353054,29.840030863398137,3.081778110566957,4.2805110105146476,3.78332922795055,3,4,False,False,TNC,False,0.0,False,False,False
MA2179031,,TAFT PUBLIC LIBRARY,MENDON,42.112047399802606,-71.556314238545,False,,,,,,,0.228274033228704,Low,3.871477992493277,28.338999279816683,1.6165616485228629,3.356820991432218,2.302136816575161,4,6,False,False,TNC,False,0.0,False,False,False
MA2185000,MILFORD WATER COMPANY,CEDAR SWAMP GDW,MILFORD,42.15453322821183,-71.51821902915819,True,True,7.1000000000000005,6.6,20.2,True,True,,,2.092052834645422,18.95606792902326,0.4871705819205088,0.3163481213658026,0.5527888282807079,5,28,True,False,GW,True,0.5860836721607151,True,True,True
MA2186000,"AQUARION WATER COMPANY, MILLBURY",OAK POND WELL,MILLBURY,42.22273640828421,-71.75386894038236,True,True,15.8,6.2,32.8,True,True,,,0.6445359815466931,35.022744413579964,1.424073568365773,0.38959425485108345,0.5042795582015875,6,30,True,False,GW,True,0.08302638778979203,True,True,False
MA2186003,,CLEARVIEW COUNTRY CLUB,MILLBURY,42.20987039903485,-71.77336079925622,False,,,,,,,0.4420640294021479,Moderate,2.032388462927795,36.991959927248104,1.6983124599347896,0.9942237935821572,1.5414304730840682,3,31,False,False,TNC,False,0.0,False,False,False
MA2186005,,ONE SCHOOL GLOBAL,MILLBURY,42.19829338998647,-71.7960249515379,False,,,,,,,0.4728949547642718,Moderate,2.306449722777937,39.17989081760307,2.323703325363143,1.4017070204286508,2.9875442430272554,3,30,False,False,NTNC,False,0.0,False,False,False
MA2187000,MILLIS WATER DEPT,WELL 1,MILLIS,42.176675596488884,-71.35184817197666,True,True,6.9,7.3,20.7,True,True,,,0.5229745427311623,13.453073672265859,0.6159298710146476,0.0054161106823837095,1.4943430567982163,5,7,True,False,GW,True,0.22608445924842485,False,False,True
MA2187002,,GP WELL # 2,MILLIS,42.169675563240325,-71.35320560626006,False,,,,,,,0.5372309453812182,High,2.2822379692656227,16.11463716497589,1.3476942581226625,0.7899941733935936,1.062539638919227,5,6,True,False,GW,False,0.0,False,False,False
MA2188004,,MILLVILLE ELEMENTARY SCHOOL,MILLVILLE,42.03524770005994,-71.57856749024529,False,,,,,,,0.2733982151664456,Moderate,3.178835802843667,36.42759586561044,1.7467997942117524,3.1409522858836563,4.745683751401266,2,1,False,False,NTNC,False,0.0,False,False,False
MA2188005,,SAINT AUGUSTINES PARISH,MILLVILLE,42.028883139635994,-71.57922251985752,False,,,,,,,0.2644238345383684,Moderate,3.3404162394332904,37.060184774697596,1.313406382130172,3.1963543844911317,4.699853622323833,2,1,False,False,TNC,False,0.0,False,False,False
MA2188006,,GEORGES VARIETY,MILLVILLE,42.02583134409569,-71.5819694716943,False,,,,,,,0.2771319197268033,Moderate,3.292011650981466,37.46789517981225,1.3971980315165486,3.0903103138047787,4.917159371516737,2,1,False,False,TNC,False,0.0,False,False,False
MA2188007,,POT BELLY PUB,MILLVILLE,42.02687932211574,-71.57859857634365,False,,,,,,,0.2552024039850474,Moderate,3.472201078363187,37.21800803199775,1.1672852030978138,3.3025628022684086,4.638750597648767,2,1,False,False,TNC,False,0.0,False,False,False
MA2188008,,POLISH AMERICAN CITIZENS CLUB,MILLVILLE,42.02650198136742,-71.58535992896928,False,,,,,,,0.3057963186289062,Moderate,3.013403595758264,37.549751454501546,1.6876370966523297,2.802616766750772,5.1980545570639025,2,1,False,False,TNC,False,0.0,False,False,False
MA2202001,,MASSACHUSETTS STATE POLICE ACADEMY,NEW BRAINTREE,42.313494073655974,-72.1512990747341,False,,,,,,,0.0657645513336337,Low,5.069443353392682,34.236955923330264,0.6049261848657299,7.4223428399051325,0.8721729716311362,3,0,False,False,NTNC,False,0.0,False,False,False
MA2202003,,CAMP PUTNAM,NEW BRAINTREE,42.32457805650963,-72.07026921302828,False,,,,,,,0.178711878801615,Low,3.6599230200324073,40.90769495265757,2.5611009836918073,6.25060076987804,6.117567383880607,1,0,False,False,TNC,False,0.0,False,False,False
MA2202005,,BERRI HILLER AIRPORT INACT,NEW BRAINTREE,42.355467067250075,-72.12918071825933,False,,,,,,,0.0532878011901649,Low,0.12815823061846915,37.89262251313028,5.479484332730951,10.28195895948069,1.1970487227601503,0,0,False,False,TNC,False,0.0,False,False,False
MA2208000,NORFOLK WATER DIVISION,HOLBROOK STREET WELLFIELD,NORFOLK,42.135801017508065,-71.3552380680162,True,True,7.0,4.5,18.0,True,False,,,1.270874434403111,19.880471039094882,0.6765270870748985,1.5366601076564992,1.180710154850837,6,7,True,False,GW,True,5.2300458290371734e-05,False,True,False
MA2208001,MCI NORFOLK/CEDAR JUNCTION/WALPOLE,GP WELL STATION 4     (INACTIVE STATUS ),NORFOLK,42.11173526242295,-71.30773199707953,True,False,,,10.5,False,False,,,4.271790159897069,22.584354453972857,1.9758281414299934,2.040279762936647,0.5699420802523641,8,13,True,False,GW,True,0.1948736879131594,False,True,False
MA2212000,NORTH BROOKFIELD WATER DEPARTMENT,HORSE (NORTH) POND,NORTH BROOKFIELD,42.291006797524005,-72.0729848094864,True,False,,,10.5,False,False,,,6.628852900814749,39.500713454387636,1.0177165365550844,2.076607403895478,2.1388262588750826,3,1,False,False,ESW,True,0.10491894658372221,True,False,False
MA2212002,,CHURCH OF LATTER DAY SAINTS,NORTH BROOKFIELD,42.29965086200159,-72.09159861464782,False,,,,,,,0.2087456906760697,Low,5.2580113863823215,38.338293596613056,2.6259349489973345,3.439422288980368,3.4680142143765655,3,1,False,False,TNC,False,0.0,False,False,False
MA2215000,NORTHBOROUGH WATER DEPARTMENT (MWRA),HOWARD ST. #1,NORTHBOROUGH,42.327301141536644,-71.65299223591937,True,False,,,10.5,False,False,,,3.345567882345083,21.98210424502271,2.263680260000542,0.4070443806934549,1.1227386104463564,4,33,True,True,GW,True,5.3760856149576226e-08,False,True,False
MA2215003,,DOE REY ME PRESCHOOL,NORTHBOROUGH,42.325102999245615,-71.67905768881499,False,,,,,,,0.1942437189927521,Low,5.634866472826633,24.698178159170947,3.56015200268158,3.9601323308926113,3.4870881345344737,2,5,False,True,TNC,False,0.0,False,False,False
MA2215004,,TOUGAS FARM (BALL HILL REALTY),NORTHBOROUGH,42.345241023145334,-71.67984380332535,False,,,,,,,0.2483775857606884,Low,3.8731679216677932,22.407969061738505,2.0672960163894105,3.9350647596624975,4.791569870138524,2,4,False,True,TNC,False,0.0,False,False,False
MA2216000,WHITINSVILLE WATER COMPANY,MEADOW POND GRAVEL PACKED WELL,NORTHBRIDGE,42.10895075844719,-71.68605266689745,True,False,,,10.5,False,False,,,2.355855103258384,35.77155847541325,2.9799908411029192,1.1679451094827855,2.5888286040032162,4,3,True,False,GW,False,0.0,False,False,False
MA2216007,,"WEST END CREAMERY, INC.",NORTHBRIDGE,42.12587517784982,-71.70197313565052,False,,,,,,,0.3016944596561603,Moderate,3.1288573448529875,35.98503269694734,2.273118481705315,1.8328554787581697,3.6849428601679,2,2,False,False,TNC,False,0.0,False,False,False
MA2216008,,PROPOSED RWC-2,NORTHBRIDGE,42.13447183543198,-71.64071680567537,False,,,,,,,0.2220010293057696,Low,8.257971768340134,31.392876559968336,0.5988289140000164,0.5473503931027525,1.5462313094519902,4,2,False,False,PW,False,0.0,False,False,False
MA2222001,,OAKHAM ELEMENTARY SCHOOL,OAKHAM,42.3571585678934,-72.04740914915217,False,,,,,,,0.1631802028573329,Low,4.813440770257277,41.21410620842559,4.045487555178351,7.399991804708295,6.7946241152757585,2,0,False,False,NTNC,False,0.0,False,False,False
MA2222002,,PINE ACRES FAMILY CAMPING RESORT,OAKHAM,42.34496833986094,-72.02490573716992,False,,,,,,,0.2019225111104677,Low,6.509972552194068,40.08047978790336,3.0372644927974557,5.062146116111635,6.932203473183225,1,0,False,False,TNC,False,0.0,False,False,False
MA2222003,,LAKE DEAN CAMPGROUND,OAKHAM,42.35036450495984,-72.02651972218415,False,,,,,,,0.1931879941946025,Low,6.135333225097053,40.13005339968263,3.2400745521128997,5.586051070878011,7.032173580134741,1,0,False,False,TNC,False,0.0,False,False,False
MA2222004,,OAKHAM COUNTRY DAY SCHOOL,OAKHAM,42.36820080910688,-72.06023761234373,False,,,,,,,0.1012005002458065,Low,4.354719365229095,41.54565630596556,2.4645819755937843,8.72246954485032,5.177132116734966,2,0,False,False,NTNC,False,0.0,False,False,False
MA2222009,,TREASURE VALLEY SCOUT RESERVATION,OAKHAM,42.32179136345769,-71.98901278922331,False,,,,,,,0.3330471621462146,Moderate,3.7052734598688946,39.441463208613854,3.189411274104857,3.5589396946085636,7.032872343973004,2,1,False,False,TNC,False,0.0,False,False,False
MA2222200,,OAKHAM TOWN HALL,OAKHAM,42.35356129554636,-72.04198465057102,False,,,,,,,0.1870257086649699,Low,5.168027226030558,41.03105374212992,3.7358989705210486,6.894441919550956,7.386370183336552,2,0,False,False,TNC,False,0.0,False,False,False
MA2226000,AQUARION WATER COMPANY OXFORD,"GP WELL 2, N. MAIN STREET",OXFORD,42.143560369407794,-71.86784916092454,True,True,,,10.5,False,False,,,5.241920779532757,46.91374995926772,2.7900917380692687,1.3080839496374774,1.8274981452313122,3,11,True,False,GW,True,0.11153263924437196,True,False,False
MA2226001,,RICHARDS INN,OXFORD,42.183937258622386,-71.89889599670808,False,,,,,,,0.1549695821343789,Low,9.455318902613284,46.22222296558597,3.116467080858831,1.7214479126948148,0.4457934727517619,2,11,False,False,TNC,False,0.0,False,False,False
MA2226003,,CLARA BARTON DIABETES CENTER,OXFORD,42.153663451641044,-71.89481362483949,False,,,,,,,0.2303231456400533,Low,8.350618442785468,48.56612265744773,1.7385847441199211,0.6325865237814345,1.2905083780387825,2,14,False,False,TNC,False,0.0,False,False,False
MA2226004,,D  W DIESEL AND FUEL,OXFORD,42.17007885497364,-71.88261598650888,False,,,,,,,0.2213281791759338,Low,9.65115657056467,46.904650023822384,3.3870202687401845,1.4216931859735529,1.4287438754009256,4,14,False,False,TNC,False,0.0,False,False,False
MA2226007,,ROCK WELL #1,OXFORD,42.11648340995542,-71.88654661780693,False,,,,,,,0.5001094173123843,High,7.011757117245993,49.59879917418165,4.872880398989991,0.6817839403327453,4.032758580603288,1,6,True,False,GW,False,0.0,False,False,False
MA2226008,,ROCK WELL  2,OXFORD,42.11069431801445,-71.90030334507374,False,,,,,,,0.4837390474640823,Moderate,5.769855642807812,50.931845415223925,5.071425968053841,0.7741711464556508,3.686857256431379,0,5,True,False,GW,False,0.0,False,False,False
MA2226009,,ROCK WELL,OXFORD,42.116323546752895,-71.8877633275294,False,,,,,,,0.505544387214661,High,6.909733196874032,49.73121121818908,4.910733803034872,0.6184097692854331,4.025188149916086,1,6,True,False,GW,False,0.0,False,False,False
MA2226011,,WELL NO. 3,OXFORD,42.1855293966315,-71.90619589825742,False,,,,,,,0.278730723009781,Moderate,9.424979802317926,46.3802621011985,3.490712148406845,1.8652702190964583,0.40149053072423463,2,9,True,False,GW,False,0.0,False,False,False
MA2226012,,"AMERICAN POLYMERS, INC.",OXFORD,42.11647798098592,-71.89783041442493,False,,,,,,,0.3225365004822737,Moderate,6.106335220367729,50.47018964462615,4.5302429042244645,0.815370273907925,4.217815497138721,1,6,False,False,NTNC,False,0.0,False,False,False
MA2226013,,19 INDUSTRIAL PARK ROAD,OXFORD,42.08626357795574,-71.86059021290637,False,,,,,,,0.2364433868095784,Low,4.6845471905924585,49.369069486748096,1.7157106687995765,1.7880510884467218,1.9115555453437865,1,11,False,False,NTNC,False,0.0,False,False,False
MA2226016,,CHASE CORPORATION,OXFORD,42.12928471198517,-71.86075487464745,False,,,,,,,0.271086663658937,Moderate,9.10258950748788,47.091266535419884,3.365515410869879,0.31791052952917387,3.4955481057369817,2,5,False,False,NTNC,False,0.0,False,False,False
MA2228000,PAXTON WATER DEPARTMENT,ASNEBUMSKIT POND,PAXTON,42.3201754492917,-71.9092407355324,True,True,,,10.5,False,False,,,5.6367300288012405,34.660526646755315,3.0363369753817904,4.945032323400878,5.842686722622587,1,1,False,False,ESW,True,1.965830725935238e-05,True,True,False
MA2228001,,JEWISH COMMMUNITY CENTER CAMP,PAXTON,42.29458840733317,-71.8383258824347,False,,,,,,,0.366605943160652,Moderate,3.902009822566374,33.15395806465579,5.045122566556018,2.004833829649452,3.663475814087992,0,24,False,True,TNC,False,0.0,False,False,False
MA2228005,,DCR MOORE STATE PARK,PAXTON,42.3138540042519,-71.96003716817361,False,,,,,,,0.3356554436799018,Moderate,2.6222704029939194,38.180926325974625,1.2948544133131403,3.4511413522336833,7.175321805293981,1,1,False,False,TNC,False,0.0,False,False,False
MA2232000,PEPPERELL DPW WATER DIVISION,BEMIS ROAD GP WELL 1,PEPPERELL,42.70205851361342,-71.63199070541413,True,True,11.4,10.0,27.9,True,True,,,0.9418822688465359,13.778634452633472,1.0001789413205329,7.08668478579719,1.8258196929974768,3,0,True,False,GW,True,0.04102098881417499,True,False,False
MA2235001,,FOX RUN RESTAURANT,PHILLIPSTON,42.560562189463674,-72.16542062291977,False,,,,,,,0.1624296441790389,Low,4.475771470987041,45.417295214305,3.3207187832871776,6.3207492039293225,5.844686535853431,1,0,False,False,TNC,False,0.0,False,False,False
MA2235002,,PHILLIPSTON MEMORIAL BUILDING,PHILLIPSTON,42.54869400191247,-72.13389690154695,False,,,,,,,0.1216456584179261,Low,7.3549642566372935,42.791908554699035,0.578424112123982,7.5602559009613,6.8391951341950765,2,0,False,False,NTNC,False,0.0,False,False,False
MA2235003,,WOODLAND CAMPGROUND,PHILLIPSTON,42.59403608666521,-72.13951103438549,False,,,,,,,0.1139321210247569,Low,5.801876362765451,43.61575410115381,3.908742334709312,7.1200956225418395,4.019409419492527,3,0,False,False,TNC,False,0.0,False,False,False
MA2235004,,KING PHILLIP RESTAURANT,PHILLIPSTON,42.56970809261435,-72.1323015964474,False,,,,,,,0.1224741522589586,Low,6.518232205527483,42.758227697689414,2.166666444216069,7.113183648003367,5.627789640594692,2,0,False,False,TNC,False,0.0,False,False,False
MA2235006,,LAMB CITY CAMPGROUND,PHILLIPSTON,42.57793375150887,-72.13279773020376,False,,,,,,,0.1302633130108536,Low,6.305559129599377,42.871492069104136,3.074503062940225,6.841013801969911,5.451608561766143,2,0,False,False,TNC,False,0.0,False,False,False
MA2235008,,WOODSIDE VARIETY,PHILLIPSTON,42.57232539466252,-72.1600943415104,False,,,,,,,0.1701078410113514,Low,4.248725393584348,45.05493364328864,3.6183560950637914,6.016722290398378,5.625872872266356,1,0,False,False,TNC,False,0.0,False,False,False
MA2235009,,"RED APPLE FARM, LLC",PHILLIPSTON,42.58247784568829,-72.14649342226916,False,,,,,,,0.143695617312536,Low,5.141969049896364,44.03850337652082,3.879977604585178,6.721994648128224,5.25495115568099,2,0,False,False,TNC,False,0.0,False,False,False
MA2241002,,WACHUSETT MOUNTAIN SKI AREA,PRINCETON,42.5030371028017,-71.88655395276574,False,,,,,,,0.2594111257765965,Moderate,1.7563224964618662,22.890234729910667,4.552186221278742,4.692654973891707,4.509385819719237,3,1,False,False,NTNC,False,0.0,False,False,False
MA2241003,,THOMAS PRINCE SCHOOL,PRINCETON,42.44143371627459,-71.84257978736818,False,,,,,,,0.3088631016842154,Moderate,4.437070832012923,21.93150053932087,3.9547298747901802,6.036231900585022,10.230290270810297,1,0,False,False,NTNC,False,0.0,False,False,False
MA2241005,,CAPTAIN BOBS RESTAURANT,PRINCETON,42.476834353541726,-71.8449840792239,False,,,,,,,0.1984559862789356,Low,5.97448542962286,20.39350276741194,0.33699956893243166,6.300038955129237,8.392440465791047,1,0,False,False,TNC,False,0.0,False,False,False
MA2241006,,FIRST CONGREGATION CHURCH OF PRINCETON,PRINCETON,42.45010928864723,-71.87737340736716,False,,,,,,,0.1617492983844012,Low,6.415498558196224,24.00984175023926,4.234832886792927,9.055314334332621,9.980678780632811,1,0,False,False,TNC,False,0.0,False,False,False
MA2241007,,VILLAGE STORE AT GREGORY HILL,PRINCETON,42.448886973342084,-71.87667842159739,False,,,,,,,0.1612330577304963,Low,6.562810674239882,24.01649356196395,4.292346771213064,8.961084558016776,9.906684720929485,1,0,False,False,TNC,False,0.0,False,False,False
MA2241008,,FERNSIDE VACATION HOUSE S WALKER,PRINCETON,42.46799421363314,-71.88427637932817,False,,,,,,,0.1940013074430303,Low,4.375141576980814,23.763571342336892,3.705588617632686,7.89730076379361,8.399875698053577,2,0,False,False,TNC,False,0.0,False,False,False
MA2241010,,DCR WACHUSETT MT STATE RESERVATION,PRINCETON,42.47684462712473,-71.8851579215658,False,,,,,,,0.2207844238092988,Low,2.770351172167047,22.616048279770606,3.4958729164633993,5.460949072123239,5.976111129722644,1,0,False,False,TNC,False,0.0,False,False,False
MA2241011,,HARRINGTON FARM,PRINCETON,42.481093282205286,-71.9066422498319,False,,,,,,,0.1885386600042725,Low,2.448937736913398,25.06259064814877,4.139016302017338,7.421187556244949,6.993823895454566,1,0,False,False,TNC,False,0.0,False,False,False
MA2241012,,MOUNTAIN BARN RESTAURANT,PRINCETON,42.42600108038372,-71.87872370098911,False,,,,,,,0.1594719847233721,Low,7.062754313795154,25.363966875688618,6.018893562026147,7.071781008153906,7.911129451276656,0,0,False,False,TNC,False,0.0,False,False,False
MA2241013,,MECHANICS HALL,PRINCETON,42.4757616742255,-71.84274824516507,False,,,,,,,0.1957998454712644,Low,6.1931305141518855,20.26492831953202,0.20649898599455188,6.426591871759774,8.58528226581205,1,0,False,False,TNC,False,0.0,False,False,False
MA2241015,,POST OFFICE PLACE,PRINCETON,42.42130698730634,-71.87757860994508,False,,,,,,,0.1686531979796876,Low,6.987420875183585,25.553277125333214,6.3821289587711885,6.615842901781918,7.642680032840455,0,0,False,False,NTNC,False,0.0,False,False,False
MA2241016,,PRINCETON STORE AND HOUSE OF PIZZA,PRINCETON,42.450468004635404,-71.88143897258297,False,,,,,,,0.1619839633806984,Low,6.252758716955091,24.29599249443044,4.451450742464977,9.386689633110556,9.817373334620228,2,0,False,False,TNC,False,0.0,False,False,False
MA2241017,,PRINCETON TOWN CAMPUS,PRINCETON,42.449811138957216,-71.87854067833621,False,,,,,,,0.1579725536972455,Low,6.408516207602835,24.110819887364052,4.32645315841834,9.137355312733343,9.896957759270054,1,0,False,False,TNC,False,0.0,False,False,False
MA2241018,,KWIK STOP/TOWN LINE GARAGE,PRINCETON,42.47632630775075,-71.84221148514354,False,,,,,,,0.1975337228591881,Low,6.125801748961514,20.201018606068374,0.13266356531857093,6.366559769175882,8.55218695529092,1,0,False,False,TNC,False,0.0,False,False,False
MA2257000,RUTLAND WATER DEPARTMENT,MUSCHOPAUGE POND,RUTLAND,42.38463995691113,-71.9245147578085,True,False,,,10.5,False,False,,,8.790404686211758,31.015188950997427,2.7779124786441987,2.5298000969843453,2.202306386600571,1,2,False,False,SW,False,0.0,False,False,False
MA2257002,,POUT AND TROUT CAMPGROUND,RUTLAND,42.439140329201784,-71.96854398117536,False,,,,,,,0.1654281659095825,Low,8.656720609349032,31.2666959371079,2.777698274501137,5.5187623015681035,6.671914972124282,2,0,False,False,TNC,False,0.0,False,False,False
MA2257003,,DRILLED WELL,RUTLAND,42.339472632212455,-71.94309670118277,False,,,,,,,0.4889928285297006,Moderate,5.723655178580665,35.265780996075065,2.2695879844912747,1.4524894541914959,4.31364353083364,2,3,True,False,GW,False,0.0,False,False,False
MA2257004,,DCR RUTLAND STATE PARK,RUTLAND,42.36031312610681,-71.99438710487976,False,,,,,,,0.1722992810689378,Low,8.13138406615271,36.71491374172924,1.6741076240000556,3.371329573024205,3.9429440487876897,2,2,False,False,TNC,False,0.0,False,False,False
MA2257005,,RUTLAND SPORTSMANS CLUB,RUTLAND,42.361175332399654,-71.96961972695442,False,,,,,,,0.1845463211304641,Low,7.8606889353021945,35.55303497191215,2.204112032600948,2.001223686907151,2.485945942545724,2,2,False,False,TNC,False,0.0,False,False,False
MA2257006,,BRISCHS,RUTLAND,42.3344015737299,-71.9650847689536,False,,,,,,,0.3423120795745282,Moderate,4.876387607945099,37.02617792868841,2.30836759172226,1.267091485606887,5.005251389337498,2,2,False,False,TNC,False,0.0,False,False,False
MA2257007,,STILL FOUR CORNERS RESTAURANT,RUTLAND,42.3504184372581,-71.98416821552206,False,,,,,,,0.263672826190835,Moderate,6.846142068562686,37.21895616997718,3.8508351581965203,2.1521851630553885,4.176100514089108,3,2,False,False,TNC,False,0.0,False,False,False
MA2257008,,COLONIAL CONVENIENCE STORE,RUTLAND,42.35058694398246,-71.98290107435847,False,,,,,,,0.2645065858956267,Moderate,6.840671950271557,37.12272432332634,3.7762903002351704,2.057938502164073,4.091923607152484,3,2,False,False,TNC,False,0.0,False,False,False
MA2257009,,VASUCON,RUTLAND,42.43036340562639,-71.97660143353883,False,,,,,,,0.1438417662966405,Low,9.835661176573995,32.3635389238538,3.920726406105727,5.98156653718799,6.223798947139513,3,0,False,False,TNC,False,0.0,False,False,False
MA2257010,,LILAC HEDGE FARM,RUTLAND,42.4021259785934,-71.90857329934754,False,,,,,,,0.161288237741911,Low,8.34761174520889,28.847650222709117,4.777224872204985,4.025827837965138,4.319466143607464,1,2,False,False,NTNC,False,0.0,False,False,False
MA2270000,SHIRLEY WATER DISTRICT,WALKER WELL,SHIRLEY,42.556934341148654,-71.62129627585782,True,True,6.9,,17.6,True,False,,,1.0437064941654968,1.7934255659783291,1.1834905961460922,1.5176781632526535,1.7148576574221477,5,18,True,False,GW,True,0.26704084029911584,False,True,False
MA2270001,MCI SHIRLEY,GP WELL  2,SHIRLEY,42.52282702597091,-71.63921361094042,True,True,,,17.7,False,False,,,2.029364345860048,3.0288277414741316,3.6598112825650575,1.3112381285796337,2.877558025011184,3,14,True,False,GW,True,1.0,False,True,False
MA2270009,,WELL  1,SHIRLEY,42.603911621636705,-71.63727982726583,False,,,,,,,0.5818097277634403,High,4.490452537955012,7.160395012642229,1.5142128043090963,1.0502942425816137,5.01301027403999,3,2,True,False,GW,False,0.0,False,False,False
MA2271000,SHREWSBURY WATER DEPARTMENT,GP #6.1 HOME FARM WELL,SHREWSBURY,42.299467229420934,-71.75403774052788,True,True,5.4,5.6,17.5,True,False,,,2.1226549386223232,28.61299330142801,0.5541986504548165,0.21199686300777076,3.0955516209684366,2,40,True,False,GW,True,0.7186372933814951,True,True,False
MA2271003,,MEMORIAL DR. IND. PARK SITE 1 (RIGR),SHREWSBURY,42.259226059330956,-71.70738675630567,False,,,,,,,0.5450007913594986,High,1.9482478476730587,30.2901170857552,1.5971318403907726,0.6443335754757561,2.7309118541494333,3,37,False,False,NTNC,False,0.0,False,False,False
MA2271004,,MEMORIAL DR. IND. PARK SITE 2 (RIFL),SHREWSBURY,42.25775357444927,-71.70770565773962,False,,,,,,,0.540697750361525,High,2.0938405039731838,30.34876805242091,1.674468711256868,0.43672930561209494,2.690471658696503,3,35,False,False,NTNC,False,0.0,False,False,False
MA2278000,SOUTHBRIDGE WATER DEPARTMENT,COHASSE BROOK RESERVOIR,SOUTHBRIDGE,42.0465658206283,-72.05226136259243,True,True,,,10.5,False,False,,,5.685893301182768,41.00687169644799,3.0397657906324715,3.1652479286257567,3.343918823783628,2,6,False,False,SW,True,0.47099303239810597,True,True,False
MA2278002,,TWO COUSINS PASTA  GRILL,SOUTHBRIDGE,42.05013260648919,-72.05684670875523,False,,,,,,,0.2050751600784853,Low,5.8416420444851616,42.56500295712418,4.1921405466625385,3.0501888100106043,3.212195041897,1,6,False,False,TNC,False,0.0,False,False,False
MA2280000,SPENCER WATER DEPARTMENT,MEADOW ROAD WELL 2,SPENCER,42.24713544596965,-72.01039559218586,True,False,,,10.5,False,False,,,3.562264401870239,41.870873235736184,0.503132112266353,0.8106528706012134,1.3441755754402829,3,4,True,False,GW,True,0.1646892169702564,True,False,False
MA2280001,,SPENCER COUNTRY INN,SPENCER,42.25593362652774,-71.95589049989157,False,,,,,,,0.2373205246637501,Low,3.9077150604672863,42.50418586694962,4.771485663210868,2.777584544436834,3.415322161166407,1,2,False,False,TNC,False,0.0,False,False,False
MA2280002,,WELL 2,SPENCER,42.30142391458881,-72.01692335033256,False,,,,,,,0.332458321805207,Moderate,2.9621912235006915,42.071454993288285,2.7941315967818308,6.060751473685482,5.570111221022261,1,0,True,False,GW,False,0.0,False,False,False
MA2280004,,PINE TREE DRIVE IN,SPENCER,42.19979487193841,-71.9880676729331,False,,,,,,,0.1640484902354158,Low,10.25803331717334,45.08567168714036,3.5756983182678166,3.9330411928160887,5.018847347903343,2,3,False,False,TNC,False,0.0,False,False,False
MA2280005,,CAMP LAURELWOOD,SPENCER,42.19353539004396,-71.94634342519413,False,,,,,,,0.1016419212310703,Low,10.056582398708308,47.45614949207354,4.9390421520357295,4.755877809585123,3.165635107963646,1,1,False,False,TNC,False,0.0,False,False,False
MA2280006,,BLACK AND WHITE GRILLE  PIZZERIA,SPENCER,42.30261968418774,-71.98961935052903,False,,,,,,,0.2589573390219823,Moderate,2.453985462996523,40.81853927165171,4.016466515962195,5.309455455941564,6.442179575028726,2,0,False,False,TNC,False,0.0,False,False,False
MA2280008,,DCR SPENCER STATE FOREST,SPENCER,42.216094025066205,-71.99902729741048,False,,,,,,,0.2094280911829877,Low,8.736683086767217,44.23789096627398,1.5517595272612021,1.9098773934963196,3.2033907386356613,3,4,False,False,TNC,False,0.0,False,False,False
MA2280010,,LITTLE CHELSEAS LEARNING CENTER,SPENCER,42.26072211060162,-72.01486462062381,False,,,,,,,0.2008275996367829,Low,5.297633510511059,43.48174991696209,3.437094167495975,2.860110376724566,2.4489642909538496,2,4,False,False,NTNC,False,0.0,False,False,False
MA2280011,,FERN HILL BARN,SPENCER,42.241121140258926,-72.01754074671175,False,,,,,,,0.2527237118424507,Moderate,7.00637642848332,42.951833668570764,1.2663070299367174,0.8086982074733969,1.9488528213400242,4,4,False,False,TNC,False,0.0,False,False,False
MA2282000,STERLING WATER DEPARTMENT,GP 4 REDEMPTION ROCK TRAIL WELL,STERLING,42.44209855401161,-71.81226145629267,True,True,,5.2,13.7,True,False,,,1.6321590982826935,18.767891201669837,4.423404211791438,0.4010798175282388,6.9574449566380725,2,2,True,False,GW,True,2.7130878053484965e-06,False,True,False
MA2282006,,STERLING NURSERY SCHOOL,STERLING,42.45751453438989,-71.77625845846467,False,,,,,,,0.3784641383397446,Moderate,3.7691736611220708,16.37540212986004,2.5394981735401556,3.130500270357686,7.756160560799144,1,4,False,False,NTNC,False,0.0,False,False,False
MA2286000,,BEDROCK WELL #4,STOW,42.421840954943114,-71.50814249479606,False,,,,,,,0.4533011300498114,Moderate,1.2326004573451788,15.88932234391346,3.2686576403436303,4.170231035598354,4.502921145564522,2,1,True,False,GW,False,0.0,False,False,False
MA2286002,,WELL # 1,STOW,42.43706520487297,-71.51658625019734,False,,,,,,,0.4027105673132837,Moderate,2.17711720760105,14.095821413318106,3.8652861981892275,5.256784571971781,5.141535729558476,2,0,True,False,GW,False,0.0,False,False,False
MA2286003,,STOW SHOPPING CENTER,STOW,42.436442199624736,-71.48452215733607,False,,,,,,,0.2874869869373376,Moderate,1.186556234788825,15.77930379169349,2.1123561306949776,2.818915813695839,2.5321614119116176,3,5,False,False,NTNC,False,0.0,False,False,False
MA2286004,,STOW LOWER VILLAGE/ BEEF AND ALE,STOW,42.43265169648857,-71.48536144964386,False,,,,,,,0.2710172577900696,Moderate,1.3866812264307709,16.05154943881484,2.5391188615606595,3.0782230550243925,2.5338275999804307,3,4,False,False,TNC,False,0.0,False,False,False
MA2286005,,HALE MIDDLE SCHOOL,STOW,42.44116346645583,-71.50743299819773,False,,,,,,,0.2433199081120263,Low,2.329758359542744,14.169588433572844,2.9855714267703237,4.419008997974141,4.4899984346518105,2,2,False,False,NTNC,False,0.0,False,False,False
MA2286006,,STOW FIRE AND COMMUNITY CENTER,STOW,42.43731629832469,-71.52069320153926,False,,,,,,,0.247404001036493,Low,1.8698232296087893,13.88539325589498,3.9555464545414467,5.210174321560556,5.480178874592835,2,0,False,False,NTNC,False,0.0,False,False,False
MA2286007,,STOW CENTER SCHOOL,STOW,42.4391330427892,-71.50818463151244,False,,,,,,,0.2333100622073169,Low,2.5146061031507534,14.311333973555966,3.1548306319835446,4.5299475125845365,4.498522565778446,2,1,False,False,NTNC,False,0.0,False,False,False
MA2286009,,STOW ACRES COUNTRY CLUB,STOW,42.41614073398823,-71.52751230556643,False,,,,,,,0.2562773759718267,Moderate,2.0128809956985005,15.648073075789641,1.64940808613284,3.533409339415555,4.0639973290379965,1,4,False,False,TNC,False,0.0,False,False,False
MA2286010,,STOWAWAY GOLF COURSE,STOW,42.42279833338926,-71.47833023635432,False,,,,,,,0.2813545391560226,Moderate,1.463706026750227,16.11735539414851,3.515829866968568,2.7194114382438785,2.1441258157058813,3,5,False,False,TNC,False,0.0,False,False,False
MA2286011,,MINUTEMAN AIRFIELD,STOW,42.458342262194094,-71.51669480245408,False,,,,,,,0.3989736215429491,Moderate,0.2900290133728114,12.207301447854437,3.3885927412713968,3.021031164657421,5.9461231390309095,2,2,False,False,TNC,False,0.0,False,False,False
MA2286012,,WELL #1,STOW,42.437773742831766,-71.48937526793209,False,,,,,,,0.451323972423467,Moderate,1.5745899948052335,15.40549973330209,2.15602222176154,3.1126717802487036,2.957406451393057,2,5,True,False,GW,False,0.0,False,False,False
MA2286014,,STOW BROOK GULF,STOW,42.435027162454084,-71.52954401025316,False,,,,,,,0.2613967240640036,Moderate,1.1004462266761663,13.721155513451443,3.467191853637286,5.25015614863003,5.651187818175364,2,0,False,False,TNC,False,0.0,False,False,False
MA2286016,,BOSE CORPORATION (688 GREAT ROAD),STOW,42.43355842152909,-71.54209352539355,False,,,,,,,0.2788702198563741,Moderate,0.2969803564999315,13.373640927513431,3.1842582499155303,4.7682723736570525,5.07163292078426,2,1,False,False,NTNC,False,0.0,False,False,False
MA2286017,,WELL # 1,STOW,42.43310747898623,-71.49740498223117,False,,,,,,,0.4173253608825829,Moderate,1.7812800695864488,15.28053614081925,2.956089130519587,3.9325666338855068,3.525859723246971,2,2,True,False,GW,False,0.0,False,False,False
MA2286018,,ROCK WELL # 2,STOW,42.440768173368575,-71.50398621664017,False,,,,,,,0.4178636900591448,Moderate,2.4812857332737774,14.361546430532625,2.7661129993352778,4.151361929180527,4.204681132419004,2,2,True,False,GW,False,0.0,False,False,False
MA2286019,,STOW INDUSTRIAL (FLB INCORPORATED),STOW,42.405111318295674,-71.52691236272608,False,,,,,,,0.250529706633801,Moderate,2.9920314076712367,16.77269869125282,1.1290301272348724,2.7479196483811017,3.3647463818055874,1,5,False,False,NTNC,False,0.0,False,False,False
MA2286020,,"CPI RADANT TECHNOLOGIES, INC",STOW,42.41848347939416,-71.5419997216298,False,,,,,,,0.2689136567239944,Moderate,1.379488753859729,14.910561940640639,1.5117038441303734,3.1632560583477365,3.5470400479397486,1,5,False,False,NTNC,False,0.0,False,False,False
MA2286021,,BUTTERNUT FARM GOLF CLUB,STOW,42.428653523395006,-71.5157172469362,False,,,,,,,0.2312684948462074,Low,2.1527914451972627,14.916214819407834,3.3402202668519054,5.073978255340621,5.0301339495135915,2,0,False,False,TNC,False,0.0,False,False,False
MA2286022,,STOW MUNICIPAL BUILDINGS,STOW,42.435817687898485,-71.50608054847865,False,,,,,,,0.2365033492684106,Low,2.276759366270398,14.709889221771181,3.232112573945235,4.471012157643921,4.266419953266473,2,2,False,False,NTNC,False,0.0,False,False,False
MA2286023,,KIDS A LOT (DAYCARE),STOW,42.43962134845376,-71.48091998981879,False,,,,,,,0.3031110504218416,Moderate,0.892919866808745,15.641800271767687,1.668554551852768,2.3956828493907136,2.3691156333587813,3,5,False,False,NTNC,False,0.0,False,False,False
MA2286024,,ROCK WELL 2,STOW,42.43260033189274,-71.53339633552876,False,,,,,,,0.439816048358858,Moderate,0.6900274725294393,13.79951945763791,3.1083337337466452,4.854590573893655,5.238194645818167,1,1,True,False,GW,False,0.0,False,False,False
MA2286025,,92 GREAT ROAD (PRESTI MGMT CORP),STOW,42.43211135219012,-71.48435397236385,False,,,,,,,0.2725168046669251,Moderate,1.3419246131543732,16.15116331768857,2.5724985754588334,2.995462480067335,2.4470837644963543,3,4,False,False,NTNC,False,0.0,False,False,False
MA2286026,,WELL 2,STOW,42.42743648752568,-71.53546484304462,False,,,,,,,0.4487558660200419,Moderate,0.6414910857028392,14.233103483737604,2.5377352843455854,4.284177759607725,4.677618464062812,1,2,True,False,GW,False,0.0,False,False,False
MA2286027,,10.0 ACADEMY / GYMNASTICS,STOW,42.43573209951351,-71.48787720053909,False,,,,,,,0.26434936768037,Moderate,1.475821790050506,15.657392397041791,2.2974295310530244,3.1032417794734375,2.7858830250912265,2,5,False,False,TNC,False,0.0,False,False,False
MA2286028,,STOW HOUSE OF PIZZA,STOW,42.43378896963864,-71.48835011313827,False,,,,,,,0.2541559501539849,Moderate,1.5671896835415313,15.795603158822145,2.509643384123915,3.2458293866161316,2.7908855995361654,2,4,False,False,TNC,False,0.0,False,False,False
MA2286029,,WEDGEWOOD PINES COUNTRY CLUB,STOW,42.44609150462585,-71.53450833165712,False,,,,,,,0.3334232022035703,Moderate,1.7881920027375786,12.455189724154199,3.7412537511372723,4.19745194039643,6.109209392625305,3,1,False,False,TNC,False,0.0,False,False,False
MA2286030,,WEST STREET STATION LLC,STOW,42.435067061308125,-71.50582894910588,False,,,,,,,0.2367388355368965,Low,2.192468802470383,14.789172995669743,3.2703464015222896,4.480030247393311,4.235929983952103,2,2,False,False,TNC,False,0.0,False,False,False
MA2286031,,WELL 1,STOW,42.44084543657326,-71.50387793004352,False,,,,,,,0.3988005546649974,Moderate,2.494543421858333,14.378050712369475,2.753960132066536,4.140750801093284,4.1983364427544,1,2,True,False,GW,False,0.0,False,False,False
MA2286032,,HONEY POT HILL ORCHARDS,STOW,42.41060233181651,-71.51362125678055,False,,,,,,,0.2894228364088303,Moderate,1.7413286078199246,16.72751391858891,2.310962513461148,3.1590944665496408,4.617350762861373,1,2,False,False,TNC,False,0.0,False,False,False
MA2286033,,WELL 1,STOW,42.45038035527302,-71.5134115970491,False,,,,,,,0.5052076994382204,High,1.1789041825524826,13.043128388645277,3.122296678369341,3.9286367541431853,5.297157180215781,2,2,True,False,GW,False,0.0,False,False,False
MA2286034,,COLLINGS FOUNDATION AHM,STOW,42.40196179314289,-71.50613955386454,False,,,,,,,0.3478400927473503,Moderate,1.9493853838190496,16.251236813965743,2.857776002801241,2.0252121600061894,4.827899634166465,1,2,False,False,TNC,False,0.0,False,False,False
MA2286035,,PHILLIPS HERITAGE,STOW,42.43554633624961,-71.49729326112093,False,,,,,,,0.241002223988607,Low,2.0489004001862208,15.176138168545304,2.7382409556813143,3.8086383039043503,3.5460796666606473,2,2,False,False,TNC,False,0.0,False,False,False
MA2287000,STURBRIDGE WATER DEPARTMENT,WELL 5,STURBRIDGE,42.103950000342145,-72.09317733240829,True,False,,,10.5,False,False,,,4.543665545895932,37.69566545735534,5.022266232501778,0.8436324560708819,0.987283374447828,0,5,True,False,GW,False,0.0,False,False,False
MA2287003,,DAYS INN,STURBRIDGE,42.10176065442453,-72.0832824807403,False,,,,,,,0.2612055577818437,Moderate,3.7138544093562325,38.63238199767772,4.317932566651081,1.5739267288060874,1.962343171740294,1,7,False,False,TNC,False,0.0,False,False,False
MA2287005,,APPLEGREEN,STURBRIDGE,42.06997219058347,-72.09755769933822,False,,,,,,,0.1818994786268501,Low,5.979720753253588,38.619961094890854,3.281467703033018,4.758159468558403,5.316175934564507,1,1,False,False,NTNC,False,0.0,False,False,False
MA2287009,,HEMLOCK RIDGE GOLF COURSE,STURBRIDGE,42.09677847164883,-72.12638630668043,False,,,,,,,0.2432276438175952,Low,7.292671601270657,35.37658673511557,4.228921473749855,1.8650451044638074,3.666000458970734,2,3,False,False,TNC,False,0.0,False,False,False
MA2287010,,STURBRIDGE CAMPGROUND,STURBRIDGE,42.06516393874248,-72.0951360126215,False,,,,,,,0.160937829277826,Low,6.147495779701429,39.001257620758686,2.964925764862344,5.140635942609475,5.181498284987239,1,0,False,False,TNC,False,0.0,False,False,False
MA2287012,,"GREEN ACRES DAYCARE CENTER, INC.",STURBRIDGE,42.11697539927702,-72.05255639196795,False,,,,,,,0.4030739878992316,Moderate,2.135335348538921,40.69285562525187,2.077917491418567,1.0054039011660327,3.304306510155809,2,14,False,False,NTNC,False,0.0,False,False,False
MA2287016,,DCR WELLS STATE PARK,STURBRIDGE,42.146669036661535,-72.06038959304652,False,,,,,,,0.2687160179573024,Moderate,5.197002189947558,39.25575082862807,4.893161151709809,2.2416229058984807,3.718773836544811,1,7,False,False,TNC,False,0.0,False,False,False
MA2287020,,ROCK WELL 2,STURBRIDGE,42.080298238267005,-72.08435971470533,False,,,,,,,0.4115599956928331,Moderate,4.437737492640047,39.047806726964815,4.294837769286829,3.562160549239003,4.188716125268389,1,6,True,False,GW,False,0.0,False,False,False
MA2287024,,PILOT TRAVEL CENTER,STURBRIDGE,42.064436128469,-72.10788415814166,False,,,,,,,0.1841974581201975,Low,7.032508114969306,38.05355861248205,2.346597578383803,5.391444559001445,6.089009554027876,3,0,False,False,NTNC,False,0.0,False,False,False
MA2287025,,ROCK WELL  2,STURBRIDGE,42.07219292484701,-72.09430684965764,False,,,,,,,0.3476078485130107,Moderate,5.610675460377746,38.78374055198931,3.6336925879526274,4.538109101366805,5.021870667939409,1,2,True,False,GW,False,0.0,False,False,False
MA2287029,,HYLAND ORCHARD,STURBRIDGE,42.139954759631145,-72.10984441248044,False,,,,,,,0.193248415417862,Low,5.962857140601413,35.55238713906371,7.453275151570007,3.0253827975056216,2.8252428396873492,0,5,False,False,TNC,False,0.0,False,False,False
MA2287031,,HAMILTON ROD AND GUN CLUB,STURBRIDGE,42.13703422418297,-72.08675829340388,False,,,,,,,0.1830204840157946,Low,5.665807202414868,37.48822604381657,5.672748890891512,2.805007675087157,2.16182556125603,0,6,False,False,TNC,False,0.0,False,False,False
MA2290001,,GP WELL # 3,SUTTON,42.098766007935474,-71.74905311852456,False,,,,,,,0.3000402446414932,Moderate,2.9914929157354995,40.88803136366848,1.1671900069286234,4.208572538710782,1.8753228114581086,2,2,True,False,GW,False,0.0,False,False,False
MA2290004,,"BLUE JAY FAMILY RESTAURANT, INC.",SUTTON,42.12723936736539,-71.77300271258177,False,,,,,,,0.0984540336142627,Low,2.7556479004561565,40.81553726432025,2.5352678397266746,6.340217133690969,1.616983772010901,1,0,False,False,TNC,False,0.0,False,False,False
MA2290006,,RED ROOF INN,SUTTON,42.1569163875222,-71.7328514235972,False,,,,,,,0.173930881174706,Low,3.5642827920569844,36.29436409896101,2.13021115446079,3.1868522912561232,1.6616316151376955,1,3,False,False,TNC,False,0.0,False,False,False
MA2290009,,SUTTON PUBLIC SCHOOLS,SUTTON,42.14347739605733,-71.77222884838473,False,,,,,,,0.1083804259718917,Low,3.3671604993953252,39.67266059852351,4.138616336345919,5.028135188037542,0.18781292396926713,2,0,False,False,NTNC,False,0.0,False,False,False
MA2290010,,SUTTON FALLS CAMPING AREA,SUTTON,42.10980250910886,-71.7817688713878,False,,,,,,,0.1117659572348549,Low,3.8642296325946224,42.449997043761584,2.133013597735641,6.749663570535388,3.6386685512853143,1,0,False,False,TNC,False,0.0,False,False,False
MA2290014,,"HATCHERY ROAD 8"" GRAVEL PACKED WELL",SUTTON,42.172272987111064,-71.73395869094027,False,,,,,,,0.4718305493627618,Moderate,3.650333455147911,35.580548277444045,2.277910360497964,1.535937491354364,1.2454517516686903,5,5,True,False,GW,True,3.883360826670402e-06,False,True,False
MA2290016,,BLACKSTONE NATIONAL GOLF CLUB,SUTTON,42.11961172153024,-71.76881463897179,False,,,,,,,0.1239397748647983,Low,2.475441665659276,40.96212420356276,1.6475581168869307,5.789265217699473,2.479327526909995,1,0,False,False,TNC,False,0.0,False,False,False
MA2290017,,WELSHS GROVE CAMPGROUND,SUTTON,42.15239740581942,-71.80524440187105,False,,,,,,,0.1346267521973172,Low,5.279710160977029,41.842075315254704,2.330187412326757,5.022984112568382,2.970964954076643,2,0,False,False,TNC,False,0.0,False,False,False
MA2290019,,KINGS FAMILY CAMPGROUND,SUTTON,42.088712796996084,-71.77037487574897,False,,,,,,,0.1307861670513388,Low,4.767474206520221,42.98808890111579,2.4681355112557166,6.014700025711347,3.736323003801565,2,0,False,False,TNC,False,0.0,False,False,False
MA2290021,,DCR PURGATORY CHASM STATE RESERVATION,SUTTON,42.13003913448123,-71.71617118287531,False,,,,,,,0.296054365145139,Moderate,2.0292303162160903,36.48051194767268,1.6509372257754658,2.398443580523704,3.765814424544795,2,2,False,False,TNC,False,0.0,False,False,False
MA2290022,,YMCA CAMP BLANCHARD,SUTTON,42.10023656099906,-71.77028319568782,False,,,,,,,0.1301096422611586,Low,3.738583687553609,42.23083453778641,1.4618542544536142,5.854241531480109,3.5931066023284517,1,0,False,False,TNC,False,0.0,False,False,False
MA2290024,,JOHN ROAD INDUSTRIAL PARK,SUTTON,42.17374694807806,-71.75926252771482,False,,,,,,,0.3051866391450903,Moderate,2.1761939935734005,37.39342998407535,4.685863775330179,1.9024932579643672,2.941217808600714,1,6,False,False,NTNC,False,0.0,False,False,False
MA2290025,,BRICKSTONE KITCHEN,SUTTON,42.17585323706397,-71.75839643723046,False,,,,,,,0.3172639890024394,Moderate,1.9946116129228975,37.230500808562816,4.441274813364681,1.701561522352802,2.7097456293615756,1,8,False,False,TNC,False,0.0,False,False,False
MA2290026,,SUTTON CENTER STORE,SUTTON,42.15038209667728,-71.76308791262129,False,,,,,,,0.1543197329997872,Low,3.4047967201772393,38.83606002436614,4.2048802763722515,4.215090702431332,1.218628895182684,2,3,False,False,TNC,False,0.0,False,False,False
MA2290027,,SUTTON MEDICAL BUILDING,SUTTON,42.15725319698292,-71.73390040738003,False,,,,,,,0.1764415778108554,Low,3.604553644623728,36.35212275997188,2.233973003735259,3.131439236895265,1.7008570544707247,1,3,False,False,TNC,False,0.0,False,False,False
MA2290028,,EXTRA MART SUTTON,SUTTON,42.17478681132577,-71.75187283499257,False,,,,,,,0.3513460054907906,Moderate,2.385634156747302,36.79128887947555,4.418494157035009,1.3967592387493752,2.8994121558785126,3,5,False,False,TNC,False,0.0,False,False,False
MA2290029,,COUNTRY MONTESSORI PRESCHOOL,SUTTON,42.15763460747292,-71.75280654325724,False,,,,,,,0.2029708241732366,Low,3.7703443294829224,37.707963348148446,3.6061334592017,3.1576542015974964,2.3835462079161336,1,5,False,False,NTNC,False,0.0,False,False,False
MA2290031,,64 WORCESTER PROVIDENCE TURNPIKE,SUTTON,42.16970630593373,-71.7507309398465,False,,,,,,,0.2953748787737827,Moderate,2.9027841722369745,36.9495446260168,4.189387444387551,1.8385434458814005,2.695066905553005,2,5,False,False,TNC,False,0.0,False,False,False
MA2294000,TEMPLETON MUNIC. LIGHT AND WATER PLANT,SAWYER STREET GPW,TEMPLETON,42.572185720652776,-72.03201295129571,True,True,5.2,,15.2,True,False,,,2.789602390218199,34.57349239744378,1.7707313603062487,0.8038051369481294,0.954828844771191,3,11,True,False,GW,True,1.22116428434531e-10,True,False,False
MA2294001,,TEMPLETON FISH AND GAME,TEMPLETON,42.544884114518695,-72.04224975612716,False,,,,,,,0.3267004500694667,Moderate,2.2218650547218592,35.260269175588476,1.4721050597581202,1.3741064188712544,2.201447633632317,3,8,False,False,TNC,False,0.0,False,False,False
MA2299000,TOWNSEND WATER DEPARTMENT,WITCHES BROOK WELL 2,TOWNSEND,42.64448934076354,-71.6803813731277,True,True,6.5,,15.0,True,False,,,7.026811495062872,12.465154955081779,1.8920328891655143,2.1018036703576652,7.842937917197994,4,2,True,False,GW,True,0.141011325354534,True,False,False
MA2299002,,DCR WILLARD BROOK STATE FOREST,TOWNSEND,42.67349018587972,-71.77321030883755,False,,,,,,,0.2799541726253677,Moderate,9.579498037712712,19.65133744996071,1.801573612740098,4.323770440695563,8.707668295740463,4,1,False,False,TNC,False,0.0,False,False,False
MA2299003,,DCR PEARL HILL STATE PARK,TOWNSEND,42.65680300674175,-71.75612305785728,False,,,,,,,0.3066554300658058,Moderate,9.585466969850495,17.337701118607168,3.689344653126218,3.316495554854708,7.503632856654219,4,4,False,False,TNC,False,0.0,False,False,False
MA2303000,UPTON DPW WATER/WASTEWATER DIVISION,MUNICIPAL WELLFIELD # 3 WELL 1,UPTON,42.14044138578109,-71.6107242410384,True,False,,,10.5,False,False,,,8.387913121216847,27.819364702087608,0.4941753363858437,2.4925974500983252,1.1760062651829026,4,2,True,False,GW,False,0.0,False,False,False
MA2303002,,RED ROCK GRILL AND BAR  LOUNGE,UPTON,42.17892664831156,-71.64020264929108,False,,,,,,,0.1531192462643386,Low,8.349349509205432,28.45597425558793,2.009738618726229,2.8500161826719084,2.444952106639882,2,2,False,False,TNC,False,0.0,False,False,False
MA2303003,,RIVERSIDE COMMUNITY CARE,UPTON,42.15633864523224,-71.57899225021285,False,,,,,,,0.1470495066177002,Low,7.725863986676992,25.953064594523457,3.2128619587447993,4.37673553116738,3.2013343111415513,3,1,False,False,TNC,False,0.0,False,False,False
MA2303004,,WELL 1,UPTON,42.193555614571245,-71.5700362117537,False,,,,,,,0.4912942619688756,Moderate,3.517488338138288,22.742316582673578,3.1043782119026213,2.072042869140551,4.253322213242658,1,3,True,False,GW,False,0.0,False,False,False
MA2303005,,WELL 2,UPTON,42.19760409192103,-71.61837123402792,False,,,,,,,0.2372804941795703,Low,5.653365198314067,25.806218029075367,3.7002308290412187,5.520396487465523,3.211574438468308,1,0,True,False,GW,False,0.0,False,False,False
MA2304000,"UXBRIDGE DPW,  WATER DIVISION",GP WELL # 2,UXBRIDGE,42.07767475856563,-71.60734563942192,True,True,,6.7,17.1,True,False,,,0.7270002703337014,33.95063936775242,4.549972532930127,0.6449943565063214,1.006815490347859,2,3,True,False,GW,False,0.0,False,False,False
MA2304002,,MCDONALDS RESTAURANT,UXBRIDGE,42.02416226445004,-71.60285196019842,False,,,,,,,0.4163118971665524,Moderate,2.1630788862971766,38.54260505959531,3.090439059228049,1.769760953698654,6.1301891519359595,2,1,False,False,TNC,False,0.0,False,False,False
MA2304004,,SPAGHETTI SHED,UXBRIDGE,42.05798711889511,-71.64221953256704,False,,,,,,,0.2433088968692256,Low,2.870535907729229,37.4771434537648,3.249393479239914,2.003898165782467,2.1820705016884907,1,3,False,False,TNC,False,0.0,False,False,False
MA2304005,,QUAKER TAVERN,UXBRIDGE,42.04017847993217,-71.62038840317494,False,,,,,,,0.4548767222175815,Moderate,0.35568343091844334,37.90681622829284,4.929713230885011,0.5267425322630142,4.001637800751517,2,3,False,False,TNC,False,0.0,False,False,False
MA2304006,,QUAKER MOTOR LODGE,UXBRIDGE,42.041927419567884,-71.62075041977793,False,,,,,,,0.4177567571769556,Moderate,0.3933525137594048,37.76839975940057,4.952376889897385,0.7047666509650463,3.8053477336141515,1,3,False,False,TNC,False,0.0,False,False,False
MA2304007,,GIA RESTAURANT,UXBRIDGE,42.027018388810895,-71.60614667049079,False,,,,,,,0.4324233947597358,Moderate,1.7524577210498469,38.42767668528138,3.3914657946274582,1.3514378968024983,5.736323699422776,2,1,False,False,TNC,False,0.0,False,False,False
MA2304008,,WEST HILL DAM,UXBRIDGE,42.11247998916659,-71.60442349877482,False,,,,,,,0.183360916093621,Low,7.829247945906469,30.87881473884753,2.886286655859415,4.243623148486325,4.630635763902716,3,2,False,False,TNC,False,0.0,False,False,False
MA2304010,,BLISSFUL MEADOWS GOLF CLUB,UXBRIDGE,42.03243228616916,-71.67999629017059,False,,,,,,,0.2455356737775818,Low,5.365198122471569,41.66879937512538,4.623645092040112,3.3852527142767133,5.359549496458949,1,1,False,False,TNC,False,0.0,False,False,False
MA2304012,,775 QUAKER HIGHWAY (UXBRIDGE PLAZA),UXBRIDGE,42.02823242876817,-71.60724541649373,False,,,,,,,0.4385032274669458,Moderate,1.5906548886689826,38.366160496226904,3.5020527152947833,1.1895303942480728,5.578436840048181,2,1,False,False,TNC,False,0.0,False,False,False
MA2304013,,BJS WHOLESALE DISTRIBUTION CENTER,UXBRIDGE,42.020688345482235,-71.60969089724315,False,,,,,,,0.4208620933610903,Moderate,2.3089105227011846,39.17584722275576,3.661452563498363,1.8377687518802837,6.315465301201257,2,1,False,False,NTNC,False,0.0,False,False,False
MA2304014,,BANGMAS FARM STORE AND DAIRY BAR,UXBRIDGE,42.07847663372549,-71.67624474765088,False,,,,,,,0.2166140846293006,Low,6.489683275887478,37.74002259274558,0.5157372312548355,2.077112407212417,3.0983789208667227,2,4,False,False,NTNC,False,0.0,False,False,False
MA2304015,,FAITH FELLOWSHIP,UXBRIDGE,42.06558809369007,-71.6716805439158,False,,,,,,,0.3055925515331799,Moderate,5.348663780222547,38.48786660420661,0.9675379072155486,0.6435669814145905,3.5549017247853083,2,3,False,False,TNC,False,0.0,False,False,False
MA2304017,,GREEN ROOM BILLIARD CLUB,UXBRIDGE,42.036079157506364,-71.61955953374927,False,,,,,,,0.4809025197235737,Moderate,0.6033853942564338,38.23419479543646,4.7053547223487024,0.259257214981035,4.4614914164369015,2,3,False,False,TNC,False,0.0,False,False,False
MA2304018,,BLACKSTONE VALLEY CANNABIS,UXBRIDGE,42.036027346312075,-71.61525046367535,False,,,,,,,0.4859187111495023,Moderate,0.5470584870372172,38.030909475511976,4.36583648908893,0.11085863770845318,4.550719594355248,2,2,False,False,NTNC,False,0.0,False,False,False
MA2304019,,UNILOCK,UXBRIDGE,42.042351910850165,-71.61444406402244,False,,,,,,,0.4426899172178864,Moderate,0.2172078842000052,37.42149256732688,4.4281793659971775,0.6772143901198888,3.901036910742712,2,3,False,False,NTNC,False,0.0,False,False,False
MA2304020,,BERTS BREAKFAST AND LUNCH,UXBRIDGE,42.03887905704277,-71.61972229216612,False,,,,,,,0.4677236308315151,Moderate,0.36787874521532343,37.99057571987346,4.8239299718986395,0.38182530875092263,4.154211789400445,2,3,False,False,TNC,False,0.0,False,False,False
MA2316000,WEBSTER WATER DEPARTMENT,STATION 1 WELL #4 MEMORIAL BEACH,WEBSTER,42.05099102251716,-71.86158916776847,True,True,4.4,,12.9,True,False,,,2.3444825479577003,51.18259073932312,1.2717375646659521,0.5134304278914527,0.8342586582791736,2,11,True,False,GW,True,0.29028269996524136,True,True,False
MA2316001,,DOUGLAS FOREST RV RESORT,WEBSTER,42.057186063934665,-71.82472228454681,False,,,,,,,0.3316828738738032,Moderate,3.9095999881379444,48.68486317676481,3.3120077526038205,0.4727286866361914,2.946415161286379,1,7,False,False,TNC,False,0.0,False,False,False
MA2316002,,"LKQ RT. 16 USED AUTO PARTS, INC.",WEBSTER,42.05685762492176,-71.82962158235233,False,,,,,,,0.3352745655953326,Moderate,3.6732656588096906,49.034319252016516,2.9760351960145437,0.15981918930290487,2.583381631218512,1,7,False,False,NTNC,False,0.0,False,False,False
MA2321000,WEST BOYLSTON WATER DISTRICT,"GPW 6, PLEASANT VALLEY WELL 2",WEST BOYLSTON,42.35778434882119,-71.76313417746171,True,True,5.4,,13.9,True,False,,,1.8927644258080711,22.879238030874266,0.7618920730482478,1.813590446652035,1.29657132612965,2,9,True,False,GW,True,2.0325157586568008e-07,False,True,False
MA2321002,,HOLY CROSS CONTEMPLATIVE CENTER,WEST BOYLSTON,42.36322727763155,-71.8105214800553,False,,,,,,,0.2862416668338952,Moderate,0.9211182066398539,25.6579736593333,1.8027186933258428,2.476569499119474,2.1211277610119033,2,8,False,False,TNC,False,0.0,False,False,False
MA2323000,,GPW WELL 1,WEST BROOKFIELD,42.235271153424534,-72.15806651468478,False,,,,,,,0.4098097691929587,Moderate,5.437452463661053,30.725283224520705,2.693215471146337,2.969090026687543,4.51897474883322,1,3,True,False,GW,True,0.4970780739884655,True,False,False
MA2323001,,"HIGHVIEW CAMPGROUND, INC.",WEST BROOKFIELD,42.26358396470039,-72.17275995625576,False,,,,,,,0.1994526344576296,Low,4.02628089570832,30.763451926970326,3.5587664898433995,5.342467032864574,5.7514625776863015,1,0,False,False,TNC,False,0.0,False,False,False
MA2323002,,WELL #4,WEST BROOKFIELD,42.266402903842994,-72.15751668874861,False,,,,,,,0.279140981324911,Moderate,5.018009832194826,32.08857167843253,2.7765439143280433,5.90852272080682,4.4035219891628365,2,0,True,False,GW,False,0.0,False,False,False
MA2328000,WESTBOROUGH WATER DEPARTMENT,ANDREWS I,WESTBOROUGH,42.25947554127383,-71.64192574153788,True,True,5.8,7.5,19.8,True,False,,,3.096428940353573,21.964220844871885,0.9350502666118693,0.30426539176063067,1.5569117301407127,10,30,True,False,GW,True,0.7107886875082234,True,True,False
MA2332000,WESTMINSTER DEPARTMENT OF PUBLIC WORKS,MEETINGHOUSE POND,WESTMINSTER,42.535781655297875,-71.91171258376777,True,False,,,10.5,False,False,,,2.4301319077101566,24.547921818322322,1.1777133852534385,1.5133929384902567,1.7113463452435465,2,4,False,False,ESW,True,1.0839978167955035e-05,True,True,False
MA2332003,,RANOR INCORPORATED,WESTMINSTER,42.54704059733565,-71.90202579346354,False,,,,,,,0.3743056810901129,Moderate,1.8792690272884338,23.746949217247007,2.419681847735206,0.0731298272825309,0.8119227825771439,4,9,False,False,NTNC,False,0.0,False,False,False
MA2332004,,SHORE BIBLE CAMP - INACT.,WESTMINSTER,42.5441701916609,-71.901199288268,False,,,,,,,0.3404731817229387,Moderate,2.3430096501393893,23.674224928121152,2.3679333689777486,0.43991028339307986,0.6371964276708363,4,9,False,False,TNC,False,0.0,False,False,False
MA2332006,,THE WOODS AT WESTMINSTER,WESTMINSTER,42.58497772851345,-71.88326958427511,False,,,,,,,0.3215827236929334,Moderate,4.5166180520932775,22.700733307659103,3.74459293107237,2.882543665772692,4.705384032893561,3,8,False,False,TNC,False,0.0,False,False,False
MA2332007,,CROCKER POND RECREATION AREA,WESTMINSTER,42.56793041889347,-71.8836255989244,False,,,,,,,0.3508652945721648,Moderate,3.729738329546712,22.411163708320007,2.9017016150581925,1.2108945998677247,2.8540477680379794,3,10,False,False,TNC,False,0.0,False,False,False
MA2343005,,CAMP RIVERWOOD,WINCHENDON,42.673019640956305,-71.98644016049478,False,,,,,,,0.0975281772509952,Low,13.880590607386468,33.92407857880548,2.804200426034551,4.8646526578503275,5.281132974363271,1,1,False,False,TNC,False,0.0,False,False,False
MA2343007,,POPS HOT DOG STAND,WINCHENDON,42.65082215535617,-72.00255384830542,False,,,,,,,0.1222441042625493,Low,11.254807320272382,34.18028429400894,2.871568475749845,4.691688124739835,5.209432199915128,1,1,False,False,TNC,False,0.0,False,False,False
MA2343008,,NOURIA ENERGY CORP,WINCHENDON,42.64145020248791,-72.00502118278668,False,,,,,,,0.1282004444976487,Low,10.199297033854764,34.019831943003005,3.2859521426409026,5.313095963558718,5.830150751554923,1,0,False,False,TNC,False,0.0,False,False,False
MA2348000,"WORCESTER DPWP, WATER SUPPLY DIVISION",KETTLE BROOK (#4) RESERVOIR NO. 4,WORCESTER,42.29475000451085,-71.91857911055043,True,True,,,10.5,False,False,,,1.6900453726939977,27.919780682401715,0.6664408269828987,0.3220150533986575,1.1688985211031155,2,43,True,True,SW,True,0.8793657551497089,True,True,True
MA3007000,AMESBURY DPW  WATER DIV.,GP WELL  2,AMESBURY,42.86037916441247,-70.9790368940346,True,False,,,10.5,False,False,,,1.070501027718178,50.26991025517305,3.397200424557917,2.2785500933172314,3.174525945451132,5,5,True,False,GW,True,0.08431421771419324,True,False,False
MA3009000,ANDOVER WATER DEPT,MERRIMACK RIVER,ANDOVER,42.68698533041169,-71.22392938788784,True,True,,,10.5,False,False,,,1.5713673392454521,21.164274446797926,2.99843022962399,0.6064395169412445,4.05185336892003,3,20,False,False,SW,True,0.06480693330086569,True,True,True
MA3009004,,CAMP EVERGREEN,ANDOVER,42.60565391155009,-71.08840623383624,False,,,,,,,0.2285921014172568,Low,7.827112586520796,22.555885329645513,2.1013489212794534,2.747342231196328,3.231598732976279,4,8,False,False,TNC,False,0.0,False,False,False
MA3014000,Ashland Water & Sewer Dept.,HOWE ST. GP WELL 4,ASHLAND,42.25439956417691,-71.51519685896882,True,True,,,10.5,False,False,,,3.7698201555007613,13.60354237244958,1.2809751379463594,0.3488787752229434,2.5248748848960503,5,12,True,False,GW,True,0.9999702080909443,True,True,False
MA3023000,BEDFORD WATER DEPT.,WELL  3 (MITRE/RTE. 62 G.P. WELL),BEDFORD,42.503421996243276,-71.23734282526624,True,False,,,10.5,False,False,,,1.429318910620767,1.7382663169926469,1.7834957940141722,0.3739359247628476,1.5966021578848262,4,41,True,True,GW,True,0.0050119471792837945,False,True,False
MA3030001,,IPSWICH RIVER,BEVERLY,42.62370309081772,-70.93172456032994,False,,,,,,,0.481460754622958,Moderate,2.1303949088160024,32.414928674228555,0.8062487141873949,0.80759531676229,2.577452521906962,6,19,False,False,SW,False,0.0,False,False,False
MA3031000,BILLERICA WATER WORKS,CONCORD RIVER,BILLERICA,42.57723215321591,-71.2815689185801,True,True,5.5,,14.0,True,False,,,4.851588892593786,12.2599408342688,2.8888984714109784,0.14030913750395696,2.4009545282521114,3,25,False,False,SW,True,0.3248379440536079,False,True,False
MA3031003,,OLD INDIAN SPRING @ WHIFFLE TREE (VND),BILLERICA,42.56378179440207,-71.2578091361594,False,,,,,,,0.2876017032863557,Moderate,5.7291402646085725,11.051957909711604,2.324896744976732,0.9474621295093475,0.7352885624231156,2,22,False,False,TNC,False,0.0,False,False,False
MA3038001,,WELL  3,BOXFORD,42.68522051706263,-71.00340584219607,False,,,,,,,0.3619000032862404,Moderate,7.485159924984373,33.71515276111018,1.4997784362429327,4.056593280851524,5.269168909179177,3,1,True,False,GW,False,0.0,False,False,False
MA3038008,,SPOFFORD POND SCHOOL,BOXFORD,42.69700602263216,-71.01763916208436,False,,,,,,,0.1671186485189695,Low,8.656008467991658,33.897140487882595,0.3138645569526088,3.3527294862291477,4.175211281314309,2,2,False,False,NTNC,False,0.0,False,False,False
MA3038009,,HARRY LEE COLE SCHOOL,BOXFORD,42.65966662145198,-71.00259659893487,False,,,,,,,0.1206882102659315,Low,7.417129414033081,31.79832004717797,3.3905682321207795,6.032317439161101,4.365431600803782,2,0,False,False,NTNC,False,0.0,False,False,False
MA3038010,,THE VILLAGE STORE BLDG.,BOXFORD,42.707288597644876,-71.06396438263215,False,,,,,,,0.1948160031011203,Low,4.9918068886507685,32.46029780925527,4.276452649249073,4.327995072673573,4.304279724919382,1,3,False,False,TNC,False,0.0,False,False,False
MA3038011,,FIRST CHURCH CONGREGATIONAL,BOXFORD,42.66410706015054,-70.99855668511535,False,,,,,,,0.1162290629735727,Low,7.68403690012622,32.28618116790386,3.068162612727033,6.298666706443499,4.638769526195223,2,0,False,False,NTNC,False,0.0,False,False,False
MA3038012,,FAR CORNER FARM GOLF COURSE INC.,BOXFORD,42.735264963051556,-71.08463678095656,False,,,,,,,0.4145908078359067,Moderate,3.74375788657556,34.180942161923866,3.134472058784791,2.7543793882532515,4.687939497144872,4,20,False,False,TNC,False,0.0,False,False,False
MA3038013,,BOXFORD COMMUNITY STORE INC,BOXFORD,42.66261082009506,-70.99796894777745,False,,,,,,,0.1141859254152289,Low,7.601630801019336,32.29908124034369,3.008377622689877,6.285141801954659,4.468052501397883,2,0,False,False,TNC,False,0.0,False,False,False
MA3038020,,WELL  1,BOXFORD,42.6433645586369,-70.97472369048828,False,,,,,,,0.2365136145158541,Low,5.129749731869372,32.40313744605319,2.2876246497539747,4.9672130455231045,1.8861414686892672,2,1,True,False,GW,False,0.0,False,False,False
MA3038021,,BOXFORD MEETING PLACE,BOXFORD,42.69818134319196,-70.99009666780923,False,,,,,,,0.235008186754817,Low,6.421931751167281,35.51811693022895,1.959012227990506,2.5642431107438766,3.979345862265536,3,1,False,False,TNC,False,0.0,False,False,False
MA3038022,,INGALDSBY BAKERY AND FARM STAND,BOXFORD,42.720566292870615,-71.04993648827043,False,,,,,,,0.2515552836794795,Moderate,6.028976696395707,34.327407843527865,3.6823101446938895,2.4802959222919734,4.132253349007523,2,3,False,False,TNC,False,0.0,False,False,False
MA3038024,,CENTER AT 10 ELM,BOXFORD,42.6623216131481,-70.99722172500239,False,,,,,,,0.1146260366968035,Low,7.552828159039612,32.32297060596765,2.94591753974388,6.2324222670381815,4.412675435900229,2,0,False,False,TNC,False,0.0,False,False,False
MA3038025,,SECOND CONGREGATIONAL CHURCH,BOXFORD,42.70878673335165,-71.06493351020245,False,,,,,,,0.2152014632995265,Low,4.879751700717961,32.55215016290637,4.401644086353101,4.206252771518892,4.352870926979576,2,3,False,False,TNC,False,0.0,False,False,False
MA3038026,,BOXFORD POLICE STATION,BOXFORD,42.69304598508587,-71.01448958519283,False,,,,,,,0.1693814702275361,Low,8.376631155847925,33.739416634270604,0.37992803294036315,3.5810705234062197,4.533009494121564,2,1,False,False,NTNC,False,0.0,False,False,False
MA3038028,,WELL #1,BOXFORD,42.712817799144034,-71.03652828278076,False,,,,,,,0.3702240995306755,Moderate,7.116109503740741,34.27930285875574,2.598514658671205,2.931051476015821,3.569824607936789,3,2,True,False,GW,False,0.0,False,False,False
MA3048000,BURLINGTON WATER DEPT,SHAWSHEEN RIVER    BILLERICA DIV.,BURLINGTON,42.550201519336575,-71.22173310790707,True,True,,,10.5,False,False,,,2.638919651406332,10.095246399701653,1.2015477545640196,1.0357382528272128,1.4220092670204287,4,49,True,False,SW,True,0.5074040447884213,False,True,False
MA3049000,CAMBRIDGE WATER DEPARTMENT,STONY BROOK RES.,CAMBRIDGE,42.35474376029801,-71.2651061277231,True,True,4.8,,13.3,True,False,,,1.2654410292179064,5.23876241999053,0.9079321143295298,0.23829927149618121,2.2922221655137536,7,117,False,True,SW,True,0.799871907084557,True,True,True
MA3051004,,CARLISLE PUBLIC SCHOOL,CARLISLE,42.52597817631864,-71.34895332628894,False,,,,,,,0.0742043542799433,Low,7.928446614703775,8.19802980025807,1.2435183264152445,4.829351808509477,0.42190062257761973,1,1,False,False,NTNC,False,0.0,False,False,False
MA3051005,,FIRST RELIGIOUS SOCIETY,CARLISLE,42.527922255276074,-71.34936384460462,False,,,,,,,0.0782486239526801,Low,7.789032620297214,8.391474810942448,1.0253324322979152,4.722163969369467,0.5964263848852485,1,1,False,False,TNC,False,0.0,False,False,False
MA3051006,,CARLISLE CONGREGATIONAL CHURCH,CARLISLE,42.52507864946803,-71.34989443602468,False,,,,,,,0.0730150846578702,Low,7.904761946776241,8.165617202950145,1.3379518723285262,4.952597195279645,0.44422742656845626,1,1,False,False,TNC,False,0.0,False,False,False
MA3051009,,KIMBALL BATES FARM,CARLISLE,42.52627643445324,-71.33932967924832,False,,,,,,,0.097818311590928,Low,7.358623742513698,7.776329507493232,1.5129972838310664,4.224038004806079,0.5295563418715358,2,2,False,False,TNC,False,0.0,False,False,False
MA3051011,,ASSURANCE TECHNOLOGY CORP.,CARLISLE,42.515403668255544,-71.3691939444901,False,,,,,,,0.1075825700899594,Low,7.133470887098484,8.507156686584798,2.860143478902538,4.940066752735186,2.208871378518108,1,2,False,False,NTNC,False,0.0,False,False,False
MA3051012,,CARLISLE TOWN HALL,CARLISLE,42.52981532220189,-71.35144920916275,False,,,,,,,0.0824905063563362,Low,7.535891147424803,8.662384296603896,0.8148083640929232,4.739746429156344,0.867671870889713,1,1,False,False,TNC,False,0.0,False,False,False
MA3051013,,SAINT IRENES CHURCH,CARLISLE,42.53322491472086,-71.34371547829423,False,,,,,,,0.0963557070564699,Low,7.929422860129158,8.622195386368317,0.7041177436499281,4.001267880287805,1.0562374040023603,1,2,False,False,TNC,False,0.0,False,False,False
MA3051016,,"CARLISLE EXTENDED DAY PROGRAM,INC.",CARLISLE,42.532063670258964,-71.34212962178603,False,,,,,,,0.0956154046611449,Low,7.955425543363559,8.444282349467766,0.8864194038721315,3.9706332379520157,0.9491247250430216,1,2,False,False,NTNC,False,0.0,False,False,False
MA3051017,,DCR GREAT BROOK FARM STATE PARK,CARLISLE,42.556846201255894,-71.34607205583951,False,,,,,,,0.2370978040453195,Low,5.983002551098611,11.027379727654077,2.2214456641892992,2.8990048406181192,3.6779005912581195,1,11,False,False,TNC,False,0.0,False,False,False
MA3051018,,GLEASON PUBLIC LIBRARY,CARLISLE,42.52906152687605,-71.34811485795782,False,,,,,,,0.0809327739728171,Low,7.815894909937369,8.434272005785914,0.9155489945248781,4.56415166576457,0.650025745353822,1,1,False,False,TNC,False,0.0,False,False,False
MA3051019,,WEE FOREST FOLK,CARLISLE,42.51620209507133,-71.32322900229234,False,,,,,,,0.1791237720090094,Low,5.625840027191507,6.147233855187655,2.7256432372668216,3.9015208726213366,1.960439269703775,3,8,False,False,NTNC,False,0.0,False,False,False
MA3051020,,FERNS COUNTRY STORE,CARLISLE,42.52935565093498,-71.34864673392549,False,,,,,,,0.0815502451082078,Low,7.761844713586377,8.48617518226785,0.8750723545893722,4.580048105474912,0.6985013667918839,1,1,False,False,TNC,False,0.0,False,False,False
MA3051021,,BENFIELD FARMS WELL,CARLISLE,42.508995084839,-71.3774215821149,False,,,,,,,0.3089401474644919,Moderate,6.424415381807909,8.63739548801497,3.8284543899261747,4.038100808078164,3.142383385412355,1,5,True,False,GW,False,0.0,False,False,False
MA3051022,,BEDROCK WELL,CARLISLE,42.51801566731843,-71.35748719484788,False,,,,,,,0.1452184290333022,Low,7.559332294679173,7.988201445768109,2.1983279091382872,5.937346831098921,1.2220357406972155,1,0,True,False,GW,False,0.0,False,False,False
MA3051023,,WELL #1,CARLISLE,42.51854020644459,-71.32212974500177,False,,,,,,,0.3325014201428921,Moderate,5.712441224444263,6.321175887871408,2.821092738250591,3.813224637007775,1.9502418825745507,3,8,True,False,GW,False,0.0,False,False,False
MA3056000,CHELMSFORD WATER DISTRICT,MEADOWBROOK #3 WELLFIELD,CHELMSFORD,42.62521482667318,-71.38863768918381,True,True,8.9,7.2,22.6,True,True,,,1.150330661354665,13.415745667882847,0.8598434435488861,0.3870547001134627,2.097421342117235,5,43,True,False,GW,True,0.23346245775513946,False,True,False
MA3056001,,CANAL ST. GP WELL 2,CHELMSFORD,42.600818445887676,-71.31845773276238,False,,,,,,,0.8539784767812734,Very High,0.9677060106617271,15.007183374253422,2.5568678914849876,0.7172636639677756,3.791848920094919,5,52,True,False,GW,True,0.30324522934995807,False,True,True
MA3056002,NORTH CHELMSFORD WATER DIST,BOMIL BEDROCK WELL #2,CHELMSFORD,42.62951007110159,-71.3839632926693,True,False,,,10.5,False,False,,,3.7025928445946623,19.501895508083535,1.8362489082861952,1.3961596654351711,3.48929547566791,4,18,True,False,GW,True,0.3547051435874087,False,True,False
MA3067000,"CONCORD WATER DEPT, MA",NAGOG POND,CONCORD,42.510051846664695,-71.43295294647316,True,True,6.0,,14.5,True,False,,,0.43995783239528036,4.843655377216497,1.0289754443081036,1.346928350881347,1.7692892910168647,6,10,True,False,GW,True,0.00743369959412938,False,True,False
MA3071000,DANVERS WATER DEPT.,SWAN POND RES.,DANVERS,42.588638324191066,-71.0467072008469,True,True,,5.2,13.7,True,False,,,3.173409494904795,24.05943235792082,0.5618432173848665,0.9538935584933892,3.3308979796837503,7,37,True,False,GW,True,0.11109465705723359,True,True,False
MA3073000,DEDHAM WESTWOOD WATER DIST.,WELL E2,DEDHAM,42.25343022943026,-71.18081594740516,True,True,6.5,5.1000000000000005,18.0,True,False,,,0.2240056128530931,13.712529541540027,1.3624982352665085,0.3610666902205985,1.349528517588605,3,51,True,False,GW,True,0.09532564930511579,True,True,True
MA3078000,,DOVER WATER DEPT,DOVER,42.24721126818411,-71.26973845737712,False,,,,,,,0.440746405973869,Moderate,3.5364697622116372,8.947353725161722,2.8588402635151753,0.5991211120515253,4.612517691944214,4,3,False,False,NTNC,False,0.0,False,False,False
MA3078001,,DRILLED WELL  1,DOVER,42.24246460414859,-71.27255284639162,False,,,,,,,0.6294973265063176,High,3.3818875700497744,10.144039815263094,2.6461912760437207,0.7873782060324556,5.009897885017231,3,3,True,False,GW,False,0.0,False,False,False
MA3078005,,TUBULAR WELLS,DOVER,42.26612488436139,-71.30354308627993,False,,,,,,,0.6330789000520598,High,5.229950040280036,6.51405125104595,3.402391817784537,1.2774245412619694,4.4959315435477425,4,15,True,False,GW,False,0.0,False,False,False
MA3078006,,KNOLLWOOD DR. WELLS,DOVER,42.2414093726351,-71.285611907785,False,,,,,,,0.6693462798229198,High,2.2527787271588458,8.17421322623287,2.300007539297275,0.4325655312633331,3.945131611788002,4,8,True,False,GW,False,0.0,False,False,False
MA3078008,,WELL # 2,DOVER,42.25047783086106,-71.29027108246443,False,,,,,,,0.6227147800714978,High,3.6317838768165847,8.56746893309777,3.9968717163568517,0.9650196444264422,4.487104187889258,4,3,True,False,GW,False,0.0,False,False,False
MA3078010,,PRECIOUS BEGINNINGS,DOVER,42.254747218980704,-71.2720981297387,False,,,,,,,0.3765337397855203,Moderate,4.561358451334491,9.128501065166269,2.8671432397446837,1.4289519963905375,4.460495295838643,4,4,False,False,TNC,False,0.0,False,False,False
MA3078011,,POWISSET FARM,DOVER,42.22510553028938,-71.26074776018115,False,,,,,,,0.2990149937812291,Moderate,3.1138264285851553,12.272339593010821,1.086212285143434,2.7357249107002866,4.172926199633632,3,3,False,False,TNC,False,0.0,False,False,False
MA3079000,DRACUT WATER SUPPLY DISTRICT,NEW BOSTON RD. GP WELL 1,DRACUT,42.69225335813438,-71.33529670123471,True,True,6.1000000000000005,,14.6,True,False,,,0.32924811817778754,22.99449822546543,2.1558190258883996,0.8831884999092792,2.265320021328276,1,5,True,False,GW,True,0.30382413672116704,True,True,True
MA3092000,,HARRY HOMANS 1 GP WELL,ESSEX,42.62048952862085,-70.80316152394408,False,,,,,,,0.5262505266507393,High,3.0489412195628534,42.927937813831825,1.611132588059811,0.004813269199024435,1.80794547432462,3,2,True,False,GW,False,0.0,False,False,False
MA3092003,,"ESSEX MEETING AND RETREAT CENTER, LLC",ESSEX,42.63790135101669,-70.74366752573104,False,,,,,,,0.1987785817186873,Low,5.1996985442932555,48.64474509602343,3.6243749310530085,3.2806609552579444,3.4563654515919273,1,3,False,False,TNC,False,0.0,False,False,False
MA3100000,FRAMINGHAM WATER DEPT. (MWRA),BIRCH RD. GP WELL  3,FRAMINGHAM,42.33049573774761,-71.38842768366572,True,False,,,10.5,False,False,,,1.7926163339034407,3.569625030651133,1.9425293071018563,0.44761703228399435,1.6876726125621953,4,31,True,True,GW,True,0.7882473043295075,True,True,True
MA3100003,,NATIVE PLANT TRUST INC.,FRAMINGHAM,42.342083567950795,-71.42775381722059,False,,,,,,,0.4865860349364227,Moderate,0.9935947669372166,7.257946572367183,3.279333495744573,1.7673453637714271,4.087175529717592,4,16,False,True,TNC,False,0.0,False,False,False
MA3105000,GEORGETOWN WATER DEPARTMENT,DUFFYS LANDING GP WELL,GEORGETOWN,42.723407020900446,-71.02353081012976,True,False,,,10.5,False,False,,,7.951690201884512,35.442478054727935,2.720409482497156,1.6812718376686113,1.2452710187936842,3,3,True,False,GW,False,0.0,False,False,False
MA3107000,GLOUCESTER PUBLIC UTILITY DIVISION,KLONDIKE RES.,GLOUCESTER,42.66551215012738,-70.66143811729054,True,False,,,10.5,False,False,,,1.1970650374961758,48.241803310195806,2.3842569977265504,0.674948217024278,0.37252723681126637,2,9,False,False,SW,True,0.07382275345383893,True,True,False
MA3116000,GROVELAND WATER DEPARTMENT,GP WELL 4 MERRIMACK R.,GROVELAND,42.772907938845286,-71.02450487465536,True,True,6.3,,14.8,True,False,,,8.115824908795966,37.831125957795415,0.9123468116348658,1.2523231577179412,1.2298105246610171,2,5,True,False,GW,False,0.0,False,False,False
MA3119000,HAMILTON WATER DEPT,BRIDGE ST. TUB  GP WELLS,HAMILTON,42.61559269342169,-70.8428879508862,True,True,11.1,11.2,28.8,True,True,,,2.100330450344809,36.35852070310054,0.9584538502279379,1.970158678663274,1.4068744494866565,5,5,True,False,GW,True,0.07390461390997885,True,True,False
MA3128000,HAVERHILL WATER DEPT,JOHNSONS POND,HAVERHILL,42.73607631787934,-71.05157479570256,True,False,,,10.5,False,False,,,1.4180246091018192,33.12122654131694,1.9880238527048326,1.4048289121450626,2.3587436378570277,2,19,False,False,SW,True,0.22908791163014647,True,True,True
MA3144000,IPSWICH DPU  WATER DEPT,BROWNS GP WELL,IPSWICH,42.69229573881496,-70.85558471966819,True,True,7.3,,19.1,True,False,,,1.0793060305403146,39.412884192518646,2.77588756638307,3.5655797733123182,1.7135360583064514,2,2,True,False,GW,False,0.0,False,False,False
MA3144008,,MICRO MECH,IPSWICH,42.675552716990275,-70.92282918756845,False,,,,,,,0.5185470261857723,High,1.9406507055222633,37.95453544217157,3.523609340457087,0.08611196847328315,6.640659217705741,1,2,False,False,NTNC,False,0.0,False,False,False
MA3149000,LAWRENCE WATER WORKS,MERRIMACK RIVER,LAWRENCE,42.69434713837075,-71.17958822644835,True,True,,,10.5,False,False,,,2.9307966404724954,26.804100999401236,2.7020399307657534,0.7622102906627495,1.5587667545652835,3,32,False,False,SW,True,0.9997082756367885,True,True,True
MA3157000,LINCOLN WATER DEPT,TOWER RD. GP WELL,LINCOLN,42.41398632121391,-71.3139571569315,True,True,6.4,5.4,18.3,True,False,,,0.7362737151969498,4.654996148407807,2.221784335441508,3.5364316100699313,3.6261301211740284,2,11,True,False,GW,True,0.0002976432452270315,False,True,False
MA3160000,LOWELL REGIONAL WATER UTILITY,MERRIMACK RIVER,LOWELL,42.641960016449495,-71.37526701422883,True,True,4.6,,13.1,True,False,,,2.738555745301628,20.686026776571357,2.311149602546398,0.386268691796824,4.337134348939103,4,19,False,False,SW,True,0.9227566089055709,True,True,True
MA3160005,,HERITAGE FARMS ICE CREAM,LOWELL,42.64338314253771,-71.34107968173362,False,,,,,,,0.5560088132996898,High,0.5501055505788767,20.054442677108668,2.128046474780289,0.6450975757305982,1.8256026386512536,5,32,False,False,TNC,False,0.0,False,False,False
MA3163000,LYNN WATER AND SEWER COMM,BREEDS POND,LYNN,42.47344232557168,-70.9780425539062,True,True,4.7,,13.2,True,False,,,0.07042670167740094,21.278852499800305,1.3401061595564814,0.4269600651242079,1.1165647009131723,8,55,False,True,SW,True,0.8696771103285099,True,True,True
MA3164000,LYNNFIELD CENTER WATER DISTRICT,MAIN STREET G.P. WELL,LYNNFIELD,42.55677776829876,-71.04431208270266,True,True,6.1000000000000005,,14.6,True,False,,,6.608816097627784,21.150860634609984,3.32202524208208,1.458354437257293,1.1181069218014716,4,18,True,False,GW,True,5.408512142261108e-06,False,True,False
MA3164003,,"SAGAMORE SPRING GOLF CLUB, INC.",LYNNFIELD,42.55902097095953,-71.04088124908138,False,,,,,,,0.2686494072255989,Moderate,7.187376960247798,22.809107761448896,2.9749020770629135,1.2890565680742638,2.3742236813333553,2,14,False,False,TNC,False,0.0,False,False,False
MA3164005,,POCAHONTAS SPRING WATER (VND),LYNNFIELD,42.55310334231265,-71.0387171902972,False,,,,,,,0.2644942726839466,Moderate,7.460333937416994,22.684200877242287,3.0789906424168763,1.8133140447691551,1.6938740094357692,4,17,False,False,TNC,False,0.0,False,False,False
MA3166000,MANCHESTER BY THE SEA DPW,GRAVELLY POND,MANCHESTER,42.59651949563856,-70.80985259083911,True,True,12.0,4.8,25.8,True,True,,,2.141930188339796,41.761529002589135,0.4113806495378436,2.260185836269569,0.7109131070560648,4,3,True,False,GW,False,0.0,False,False,False
MA3166003,,MANCHESTER MEDICAL OFFICE BUILDING,MANCHESTER,42.593333504210754,-70.7625000551357,False,,,,,,,0.2151736179426346,Low,2.7078972915214377,45.47549127874423,3.3983111453119856,3.4389404256107587,1.5552350576128517,4,3,False,False,TNC,False,0.0,False,False,False
MA3180000,MERRIMAC WATER DEPARTMENT,EAST MAIN ST GP WELL,MERRIMAC,42.83975735271238,-70.98384251759755,True,True,6.9,,15.4,True,False,,,1.2085027133481163,48.37879735548839,1.2425284236524836,1.570633064049691,1.7004581627469633,5,4,True,False,GW,True,0.16327556891259343,True,False,False
MA3181000,METHUEN WATER DEPT,MERRIMACK RIVER,METHUEN,42.69999338390239,-71.20200356401722,True,True,4.0,,12.5,False,False,,,1.163433135898551,26.848832835579167,3.2974916021851763,1.3376289737454028,3.204297231002147,2,34,False,False,SW,True,0.5791982090874266,True,True,True
MA3181004,,JIMMYS II RESTAURANT,METHUEN,42.677843604056555,-71.23102147861614,False,,,,,,,0.4797044610201649,Moderate,2.7545711618863984,23.89995834625553,3.370196293698658,1.2965172578206066,6.150292641715553,1,13,False,False,TNC,False,0.0,False,False,False
MA3184004,,"MIDDLETON GOLF COURSE II, INC.",MIDDLETON,42.58664349754665,-71.01214607907535,False,,,,,,,0.513977697887436,High,3.6330404750237766,26.34485579401033,2.22705682164559,1.061162588129962,5.3986127428202435,4,17,False,False,TNC,False,0.0,False,False,False
MA3184011,,CANDLELITE MOTOR INN,MIDDLETON,42.62269233025469,-71.05084987380859,False,,,,,,,0.3823001936522405,Moderate,7.1861885618553,26.11034057114761,0.3918280079285218,0.38700539193397365,5.781793495921186,3,3,False,False,TNC,False,0.0,False,False,False
MA3184015,,FARMER BROWNS,MIDDLETON,42.596347528459624,-70.99528271219162,False,,,,,,,0.513084227302185,High,2.0531968241557155,28.084319963975787,2.351863459212936,0.12334921326446398,3.755601724189106,4,14,False,False,TNC,False,0.0,False,False,False
MA3198000,NATICK WATER DEPARTMENT,SPRINGVALE #2 GP WELL,NATICK,42.29819353989637,-71.36822661115855,True,True,14.3,37.3,67.8,True,True,,,0.5038256504179578,0.5252327002563539,1.8978303286465172,0.3332784773068393,1.7582780134573643,4,39,True,False,GW,True,0.2204836477945079,True,True,True
MA3199000,NEEDHAM WATER DEPT,CHARLES RIVER WELL 3 (STATION 5),NEEDHAM,42.26797493926096,-71.29735565754463,True,True,4.6,5.0,16.1,True,False,,,5.528597394543068,6.540625066117882,2.8186607170999114,1.4766242828648997,4.029328179985585,2,15,True,True,GW,True,1.0330443452169702e-05,False,True,False
MA3205001,,LARKIN ST. GP WELL 1,NEWBURY,42.74666948161279,-70.94084460393046,False,,,,,,,0.2417552915647257,Low,6.13703001284669,41.9564509314704,3.1881446141029977,4.7179126924257355,1.7139873258246723,3,1,True,False,GW,False,0.0,False,False,False
MA3205006,,OLD TOWN COUNTRY CLUB,NEWBURY,42.76141346078987,-70.84084255013914,False,,,,,,,0.2438807076170782,Low,3.715017612968524,49.21044132039839,2.2768357302775266,5.426764204821966,6.630960416736385,3,0,False,False,TNC,False,0.0,False,False,False
MA3205007,,OULD NEWBURY GOLF CLUB,NEWBURY,42.75365055164154,-70.89326484147429,False,,,,,,,0.168941081579017,Low,3.017650035771125,45.47882287592901,0.2414520072056669,4.7225572819160355,2.2587618607504605,3,5,False,False,TNC,False,0.0,False,False,False
MA3205018,,HOLISTIC FAMILY HEALTH PRACTICE,NEWBURY,42.789235232815216,-70.8777784453766,False,,,,,,,0.3833653735665985,Moderate,3.004819769157003,49.185316016986334,1.1646258435314905,1.1040066814604725,2.905360797092375,4,12,False,False,TNC,False,0.0,False,False,False
MA3205021,,RUPP REALTY TRUST,NEWBURY,42.78864721581431,-70.87842685147312,False,,,,,,,0.3829225531103222,Moderate,3.0477585049444396,49.101406411948815,1.111999305657255,1.1141974481602612,2.937341580398875,4,12,False,False,NTNC,False,0.0,False,False,False
MA3206000,NEWBURYPORT WATER DEPARTMENT,WELL  2,NEWBURYPORT,42.82698068800949,-70.91007994061562,True,True,,4.6,13.1,True,False,,,1.152804876631404,44.60098594744469,1.5623307059594351,1.4158070300937369,2.059526666049532,4,22,True,False,SW,True,0.048071348332991946,True,False,False
MA3210000,NORTH ANDOVER WATER DEPT,LAKE COCHICHEWICK  NPS,NORTH ANDOVER,42.71449279196519,-71.11207585224642,True,False,,,10.5,False,False,,,0.9750348956215373,29.414897914948778,1.3467304572115846,0.48924177053399004,1.077581886982584,3,25,False,False,SW,True,0.1329549843003573,False,True,True
MA3213000,NORTH READING WATER DEPT.,RAILROAD BED WELLS,NORTH READING,42.577881932374,-71.13116009829946,True,True,,,10.5,False,False,,,3.3939862139636072,16.741667151767903,0.3434223046929959,0.4601086718579576,1.2443925975638501,3,26,True,False,GW,False,0.0,False,False,False
MA3229000,PEABODY WATER DEPT.,PINE ST. GP WELL,PEABODY,42.54423610538378,-71.00003976192752,True,True,7.0,,15.5,True,False,,,3.8259347925891425,23.993161667160756,0.723645647501958,0.288998097826202,1.6682873466901382,9,56,True,True,SW,True,0.27842181473131017,True,True,True
MA3246000,READING WATER DEPARTMENT,WELL #8220,READING,42.5559484893688,-71.12497606204903,True,False,,,10.5,False,False,,,0.7277440655785539,15.432391917604221,2.6060754714627414,0.3885134037947296,1.785774112266155,6,43,True,False,GW,True,0.026093036734740723,True,True,False
MA3252000,ROCKPORT WATER DEPT,DEEP BEDROCK WELL,ROCKPORT,42.64159960543542,-70.62633086497738,True,False,,,10.5,False,False,,,0.7027387080085485,57.62407103152964,0.28281979114625266,1.9614058138097064,0.5216830794127638,1,7,True,False,ESW,True,0.07277197929279942,True,False,False
MA3254000,ROWLEY WATER DEPARTMENT,PINGREE FARM WELLFIELD #5,ROWLEY,42.699837166837526,-70.9535119363111,True,True,7.7,5.7,21.0,True,True,,,1.751366887953702,37.543590088595074,2.888817787597629,1.6010579915681524,4.609882711320055,3,3,True,False,GW,False,0.0,False,False,False
MA3259000,SALISBURY WATER DEPARTMENT,GP WELL 8,SALISBURY,42.87737750068219,-70.8803676943875,True,True,6.0,,14.5,True,False,,,4.459487835638924,56.234461911933096,5.410031694357557,1.910078205514808,4.28873722805755,0,8,True,False,GW,False,0.0,False,False,False
MA3269002,,WELL  1,SHERBORN,42.24275195930515,-71.36854560454499,False,,,,,,,0.6675449894246518,High,1.2889194683538905,8.17277278659104,2.4025572970529985,0.42713695112012867,4.445612287170665,2,7,True,False,GW,False,0.0,False,False,False
MA3269003,,UNITARIAN UNIVERSALIST AREA CHURCH,SHERBORN,42.24093804536755,-71.37016431833946,False,,,,,,,0.4734219512217494,Moderate,1.2985387270765207,8.398212874055494,2.6256840723123567,0.6456586931240195,4.490890376893934,2,9,False,False,TNC,False,0.0,False,False,False
MA3269011,,PINE HILL ELEMENTARY SCHOOL,SHERBORN,42.248071079131634,-71.36421846478815,False,,,,,,,0.4772345275251847,Moderate,1.735847418117169,7.523683168990579,1.7772628063267493,0.37946834302929977,4.477602234910166,2,10,False,False,NTNC,False,0.0,False,False,False
MA3269017,,ANEMOTIA REALTY,SHERBORN,42.24652251004799,-71.36925474576377,False,,,,,,,0.5113724857912468,High,1.739406679110266,7.7768304665171915,2.004048288436516,0.07383990092617201,4.75029038858587,2,11,False,False,TNC,False,0.0,False,False,False
MA3269019,,SHERBORN TOWN OFFICES; POLICE; LIBRARY,SHERBORN,42.23928788018288,-71.37137426346247,False,,,,,,,0.4644478489094586,Moderate,1.263988263712926,8.599145135936086,2.8263107909372183,0.848786764978211,4.480515961708024,2,9,False,False,NTNC,False,0.0,False,False,False
MA3269024,,FIRESIDE TAVERN SHERBORN,SHERBORN,42.247347931505125,-71.36978549475222,False,,,,,,,0.5127764430107342,High,1.8406737059513762,7.6977735866447015,1.9262130816542606,0.14396896814741925,4.675952282592799,2,13,False,False,TNC,False,0.0,False,False,False
MA3269025,,SHERBORN PLAZA,SHERBORN,42.24050732482223,-71.36946558878957,False,,,,,,,0.4648677778871329,Moderate,1.2237176498025668,8.432491354510196,2.66137502093142,0.682267964544695,4.41651388453787,2,8,False,False,TNC,False,0.0,False,False,False
MA3269026,,SHERBORN MARKET,SHERBORN,42.23959087969756,-71.3691276618509,False,,,,,,,0.4590594275076067,Moderate,1.1353828032073776,8.52620711689491,2.756747246631129,0.7805314588387001,4.338691464180977,2,8,False,False,TNC,False,0.0,False,False,False
MA3269027,,FISKE PROPERTY,SHERBORN,42.24486428688292,-71.36854273655685,False,,,,,,,0.5055312415058703,High,1.5513666358884919,7.943443253547604,2.171700279801908,0.1928094052268322,4.635209172630441,2,11,False,False,TNC,False,0.0,False,False,False
MA3269028,,LELAND FARMS WELL,SHERBORN,42.24169157637341,-71.36829960648947,False,,,,,,,0.6620663727348822,High,1.2531880929247041,8.28381703527238,2.515464013911908,0.5446859670013745,4.409446802363811,2,7,True,False,GW,False,0.0,False,False,False
MA3269030,,PILGRIM CHURCH,SHERBORN,42.23938414233828,-71.36901618431071,False,,,,,,,0.4576892169172308,Moderate,1.1136216987560275,8.546790387789818,2.7778919579131016,0.8027539754776317,4.31881817360309,2,8,False,False,TNC,False,0.0,False,False,False
MA3269031,,SHERBORN CROSSING,SHERBORN,42.245561874814484,-71.36927587855482,False,,,,,,,0.5098800786705213,High,1.6491609559919467,7.881164965873908,2.10832806597839,0.13717985101826732,4.7307330675979165,2,11,False,False,TNC,False,0.0,False,False,False
MA3269032,,WELL 2,SHERBORN,42.218257930810545,-71.40311252695494,False,,,,,,,0.5096314496149043,High,2.4224317990935695,11.640289376213605,3.5635181965795573,0.8900345313572436,2.0965646976634336,1,6,True,False,GW,False,0.0,False,False,False
MA3288000,SUDBURY WATER DISTRICT,GP WELL 10,SUDBURY,42.3828910138958,-71.43247837524346,True,True,9.0,,19.0,True,False,,,0.47813332411916387,6.833691468265145,1.4288057738374778,0.25075569135729403,2.4027248436286035,5,10,True,False,GW,False,0.0,False,False,False
MA3295000,TEWKSBURY WATER DEPARTMENT,MERRIMACK RIVER,TEWKSBURY,42.65632616473052,-71.25469211991705,True,True,5.0,,13.5,True,False,,,3.1153981955597274,21.218684938588606,5.3711046939556235,2.010174541500796,5.600630165623627,0,23,False,False,SW,True,8.68293386593577e-07,False,True,False
MA3295001,,OLD TUBULAR WELL,TEWKSBURY,42.61661297431893,-71.21152598844661,False,,,,,,,0.618718535247934,High,1.597589169379646,17.37894505302636,0.6501443241811031,1.0820278590276688,1.5094529045674887,5,19,True,False,GW,False,0.0,False,False,False
MA3295002,,DEEP ROCK SPRING (VENDING),TEWKSBURY,42.59607286899007,-71.20581867451266,False,,,,,,,0.49066196342991,Moderate,0.17218149955623693,15.882970031349041,0.6948177675073265,0.5985357638653193,2.2896706936491484,5,16,False,False,TNC,False,0.0,False,False,False
MA3298000,TOPSFIELD WATER DEPARTMENT,PERKINS ROW TUB WELL,TOPSFIELD,42.647192438198374,-70.92604082656055,True,True,9.0,5.4,20.9,True,True,,,4.866171723935531,35.187192606482775,1.7539416359482967,2.8538308500502545,3.978173087675314,2,2,True,False,GW,False,0.0,False,False,False
MA3298009,,IPSWICH RIVER WILDLIFE REFUGE,TOPSFIELD,42.63132274159818,-70.92068307181098,False,,,,,,,0.1993633011025555,Low,4.554848050723274,35.33137914872421,2.6202209590115437,4.515070177728655,4.430921069067798,2,2,False,False,TNC,False,0.0,False,False,False
MA3301002,,WELLPOINT #2,TYNGSBOROUGH,42.67671371933204,-71.41125894987371,False,,,,,,,0.3440815672666221,Moderate,1.7321551180168233,22.307466374505815,4.329250368294789,2.823802069711469,0.5270070193427031,1,2,True,False,GW,False,0.0,False,False,False
MA3301008,,WELL 1,TYNGSBOROUGH,42.67258266432563,-71.40955744742553,False,,,,,,,0.344073461669098,Moderate,2.035909719044054,22.115657817692846,3.854724894149717,2.518695516689569,0.2465149233932196,1,3,True,False,GW,False,0.0,False,False,False
MA3301011,,"AMERICAN LEGION  POST #247, INC.",TYNGSBOROUGH,42.66864292417238,-71.40617749680246,False,,,,,,,0.1923432921085436,Low,2.720785233825779,22.04432248520162,3.3893592685709537,2.3845359584277896,0.524243308376978,1,4,False,False,TNC,False,0.0,False,False,False
MA3301019,,PICONICS,TYNGSBOROUGH,42.67768890284972,-71.44194787481244,False,,,,,,,0.2637334370761534,Moderate,2.4849461922802485,20.595814841993185,5.424443165071947,2.128477654587146,2.9265971824003683,0,2,False,False,NTNC,False,0.0,False,False,False
MA3301020,,ROCK WELL 1,TYNGSBOROUGH,42.671678124673264,-71.4134506249133,False,,,,,,,0.3703492819516275,Moderate,2.234828503743417,21.809103034225284,3.8141501494824763,2.255273127484782,0.5809494102431094,1,4,True,False,GW,False,0.0,False,False,False
MA3301023,,MIT HAYSTACK OBSERVATORY,TYNGSBOROUGH,42.62331695044764,-71.4882750507531,False,,,,,,,0.2642014336519805,Moderate,8.157164842402887,13.653691084704485,0.9959727732769483,0.020974024824159696,3.1087654599939594,2,1,False,False,NTNC,False,0.0,False,False,False
MA3301030,,BUSINESS PARK WEST CONDOMINIUM TRUST,TYNGSBOROUGH,42.68654389640784,-71.44980185729835,False,,,,,,,0.3170907364504486,Moderate,2.6558572480832776,20.907136014559086,5.029002057712791,1.4771437341602893,3.8224779166721228,0,2,False,False,NTNC,False,0.0,False,False,False
MA3301034,,MIT MILLSTONE LABORATORY,TYNGSBOROUGH,42.61959927826492,-71.49187278981397,False,,,,,,,0.249056788762797,Low,7.967541033582766,13.150467871077133,0.8674038415307501,0.4949415285781641,3.146634775234555,2,1,False,False,NTNC,False,0.0,False,False,False
MA3301035,,ROCK WELL,TYNGSBOROUGH,42.676664421849026,-71.41151644096321,False,,,,,,,0.3447095448671414,Moderate,1.731647523141588,22.29581632537689,4.32565007052216,2.8137324131657655,0.5313010967414621,1,2,True,False,GW,False,0.0,False,False,False
MA3301038,,TYNGSBORO BUSINESS PARK LOT 1,TYNGSBOROUGH,42.68553944062026,-71.44566549612449,False,,,,,,,0.3160989815295399,Moderate,2.3542512383173726,21.041494022294657,5.340788925165336,1.3810095015496933,3.466711570688373,0,2,False,False,NTNC,False,0.0,False,False,False
MA3301043,,PLAZA @ PONDVIEW PLACE LLC,TYNGSBOROUGH,42.688088088094595,-71.43270586499682,False,,,,,,,0.3278577693023948,Moderate,1.2557020378686319,21.958442880343146,6.051476881091333,1.0458299861173947,2.6859389893563987,0,2,False,False,NTNC,False,0.0,False,False,False
MA3301045,,TWINCO REALTY DBA MAXS COUNTRY GOLF,TYNGSBOROUGH,42.69209455719756,-71.4334953417194,False,,,,,,,0.3627059398359343,Moderate,1.2634538919210243,22.246133233307543,6.471923128320645,0.627882127515647,3.0248327763705594,0,2,False,False,TNC,False,0.0,False,False,False
MA3301047,,VILLAGE CROSSING,TYNGSBOROUGH,42.69348223167384,-71.43636057071667,False,,,,,,,0.3795155942227043,Moderate,1.512604825186453,22.207681249039798,6.287672483122138,0.37679771293190745,3.301626436660778,0,2,False,False,TNC,False,0.0,False,False,False
MA3305000,WAKEFIELD WATER DEPT,CRYSTAL LAKE,WAKEFIELD,42.49645236475976,-71.07312782188532,True,True,6.9,,15.4,True,False,,,5.121913103345698,18.048217053311475,1.1652254853321438,0.3536930556179595,0.9989611779861705,5,34,False,True,SW,True,0.09711548954003578,False,True,False
MA3315000,WAYLAND WATER DEPARTMENT,MEADOWVIEW GP WELL  1,WAYLAND,42.343880991570344,-71.3898781780312,True,True,9.0,4.0,22.0,True,True,,,2.518381563204998,3.8164502658113886,1.4700593453840043,1.6366171411091142,0.2026381039613863,5,22,True,False,GW,True,3.0983405190934726e-09,False,True,False
MA3317000,WELLESLEY WATER DIVISION,WELLESLEY AVE. DUG WELL,WELLESLEY,42.302608650453415,-71.25328828937127,True,True,6.3,6.6,19.3,True,False,,,1.9486876329735152,3.223759028598531,2.3987657878497988,0.7167517136533462,2.4817750247539534,5,23,True,True,GW,True,0.021036499574119426,False,True,False
MA3317001,,BOTANY WELL 1,WELLESLEY,42.294126801913464,-71.3041464727523,False,,,,,,,0.5834101895178964,High,4.7386626793003845,4.263463197432582,2.46501841762553,0.349935458915029,1.8551009778339715,2,23,True,True,GW,True,0.7258758495989578,False,True,False
MA3320000,WENHAM WATER DEPT.,GP WELL  1,WENHAM,42.61050821507223,-70.89395133928562,True,True,7.2,6.4,20.1,True,True,,,2.6896462682290565,36.14635164948494,0.7447417533783204,1.6409383589119935,4.436821697897474,4,8,True,False,GW,True,8.619508355868264e-08,True,False,False
MA3324000,WEST NEWBURY WATER DEPARTMENT,BEDROCK WELL,WEST NEWBURY,42.81135661263129,-70.9335373893532,True,False,,,10.5,False,False,,,2.6170642242829225,42.781152049281054,2.3792685299378764,1.4623182835208584,1.9292266589447862,5,18,True,False,GW,False,0.0,False,False,False
MA3330000,WESTFORD WATER DEPARTMENT,STEPINSKI WELL,WESTFORD,42.59761428172847,-71.45995460477575,True,True,8.6,4.4,19.5,True,False,,,1.5036104484605135,12.109397132354838,0.2832230046161463,1.3719411229413143,0.5071429027579354,2,6,True,False,GW,True,0.03831194974681589,False,True,False
MA3330019,HAYSTACK ESTATES,WELL # 2,WESTFORD,42.60578151563151,-71.49114228232095,True,True,5.6,,14.1,True,False,,,6.450951750456764,12.253321173461789,2.206185673771055,1.9428084657118698,2.755270418067282,2,1,True,False,GW,False,0.0,False,False,False
MA3330024,,BUTTER BROOK CROSSING GOLF CLUB,WESTFORD,42.53740477557828,-71.40182279209566,False,,,,,,,0.2596958699870489,Moderate,3.747795081462227,12.130859238924797,4.217702322310382,3.6591957969968387,4.924655817777185,1,3,False,False,TNC,False,0.0,False,False,False
MA3330025,,SUMMER VILLAGE,WESTFORD,42.6284538197662,-71.45814705259077,False,,,,,,,0.1885783097990492,Low,7.234032360133448,15.782423415972472,3.4879038285972843,2.535098800624481,2.0503557524311895,3,3,False,False,NTNC,False,0.0,False,False,False
MA3333000,WESTON WATER DEPT.,KENDALL GREEN TUB. WELLS,WESTON,42.37668214956702,-71.28179926201156,True,False,,,10.5,False,False,,,2.953242068550253,8.773562061915896,0.20989373348355977,1.2769779574172884,3.6568348013662804,6,28,True,True,GW,True,3.655943319833396e-06,False,True,False
MA3333002,,THE RIVERS SCHOOL,WESTON,42.3270413897454,-71.32603769458098,False,,,,,,,0.2792539244467034,Moderate,4.741742710256387,2.2576916437909955,3.0913595933723497,2.4542570699569497,2.2909826805752695,1,21,False,True,TNC,False,0.0,False,False,False
MA3335008,,"HALE EDUCATION, INC.",WESTWOOD,42.23396895004536,-71.22813892085452,False,,,,,,,0.2864809928511396,Moderate,4.439570186130613,12.076577443014124,0.40961852624190465,3.0903740568579865,2.1001567413080338,4,22,False,False,TNC,False,0.0,False,False,False
MA3342000,WILMINGTON WATER DEPT,BUTTERS ROW GP WELL 2,WILMINGTON,42.53361978598719,-71.16460117366778,True,True,,,10.5,False,False,,,2.237484119079094,11.390773526822002,0.21117397937019805,0.2601501083111231,1.415651461680719,4,36,True,False,GW,True,8.04343867923129e-07,False,True,False
MA3344000,WINCHESTER WATER DEPT,MIDDLE RESERVOIR,WINCHESTER,42.45207571967353,-71.1108322021105,True,False,,,10.5,False,False,,,1.9616456153662447,13.962859593053112,1.285779782776451,0.7798646164833584,2.1418209093712544,3,33,False,True,SW,True,0.06375235645262162,False,True,False
MA3347000,WOBURN WATER DEPT.,G.P. WELL B,WOBURN,42.463601832797664,-71.15405746024688,True,True,8.4,6.9,21.8,True,True,,,1.615145019146295,9.78835306120705,1.5546522907959022,0.4856933500776275,1.458847727001296,7,50,True,True,GW,True,0.42821994099257576,True,True,False
MA4001000,ABINGTON/ROCKLAND JOINT WTR. WORKS,HINGHAM ST. RES.,ABINGTON,42.15676525845038,-70.90059666763956,True,True,12.0,7.0,34.5,True,True,,,2.6602146384448218,40.869116284014645,1.1134882750801112,0.8805434355649453,1.9472732470673444,3,34,True,False,GW,True,0.14083790046078412,True,True,True
MA4003000,ACUSHNET WATER DEPARTMENT,PROPOSED RIVET WELLFIELD,ACUSHNET,41.745175315070696,-70.90768332007232,True,False,,,10.5,False,False,,,4.125153548531457,31.72053992681861,2.3536855561422407,4.421610873016772,5.197720382043411,2,3,False,False,PW,True,0.11399875525472633,True,True,False
MA4003002,,WELL  2,ACUSHNET,41.73333346842717,-70.88905329936796,False,,,,,,,0.293466029007339,Moderate,4.4737881124044945,29.881979693621926,1.3045438327169272,5.593452891477519,4.369869487857964,2,0,True,False,GW,False,0.0,False,False,False
MA4003004,,WELL  1,ACUSHNET,41.73187605057937,-70.91048800887788,False,,,,,,,0.366005294484695,Moderate,5.416022017578322,31.59505126118782,1.173017344601792,3.8028515798615303,3.704818694499444,2,7,True,False,GW,False,0.0,False,False,False
MA4003005,,LONG PLAIN CHRISTIAN NURSERY SCHOOL,ACUSHNET,41.73706818442681,-70.89492791720765,False,,,,,,,0.1751411640702074,Low,4.263496443851835,30.46685984260402,1.4314196249196585,5.166562843890558,4.56414299557555,2,0,False,False,NTNC,False,0.0,False,False,False
MA4003007,,COUNTRY WHIP,ACUSHNET,41.73676922888941,-70.89585466035426,False,,,,,,,0.1752113983252129,Low,4.326717765689673,30.533646905560722,1.3781946769491822,5.084732162565315,4.506144113177088,2,0,False,False,TNC,False,0.0,False,False,False
MA4003009,,LITTLE PEOPLES COLLEGE,ACUSHNET,41.75793723359507,-70.90489614547751,False,,,,,,,0.2387022553402822,Low,3.0596764082780044,31.898959972802167,3.705988496302591,5.357812988804996,6.632317029213206,1,0,False,False,NTNC,False,0.0,False,False,False
MA4003010,,WEE FOLK FARM DAYCARE,ACUSHNET,41.740891201819764,-70.89950052956787,False,,,,,,,0.1982351973792774,Low,4.075133494100249,30.94049916527885,1.7914411279569005,4.8944279130491,4.852631695024205,2,1,False,False,NTNC,False,0.0,False,False,False
MA4016000,ATTLEBORO WATER DEPT,MANCHESTER POND,ATTLEBORO,41.94159534613003,-71.32381633094066,True,True,6.6,12.0,25.1,True,True,,,1.878823786968568,35.556086682660094,4.899166528053823,0.9778006826841606,2.6814678170151893,1,43,True,False,SW,True,0.17066260157501215,True,True,False
MA4018000,TOWN OF AVON,TROUT BROOK WELLFIELD,AVON,42.12134125115864,-71.0277285548619,True,True,5.1000000000000005,6.0,17.6,True,False,,,4.011697865658434,33.07042078294365,0.1544735547644071,0.4454188484812304,3.37251092986838,5,26,True,False,GW,True,0.9999999999999984,False,True,False
MA4020000,BARNSTABLE FIRE DISTRICT,GP WELL 5,BARNSTABLE,41.67753938249289,-70.28897854388737,True,True,4.4,7.1000000000000005,15.3,True,False,,,1.1607856697416679,16.98584650725086,5.655574870959096,0.6286692980440711,1.610895089256699,0,30,True,False,GW,True,0.21989699630448564,True,True,False
MA4020002,CENTERVILLE OSTERVILLE MARSTONS MILLS WD,GP WELL  12  MURRAY,BARNSTABLE,41.66727646397185,-70.38198602510597,True,True,4.9,,13.4,True,False,,,1.1834147539191273,7.011255772798309,1.153332840369533,0.509732458569978,0.7571209931620856,5,26,True,False,GW,True,0.013245882870686159,True,True,False
MA4020003,COTUIT FIRE DISTRICT  WATER DEPARTMENT,STATION 5,BARNSTABLE,41.63633174089892,-70.4593089251681,True,False,,,10.5,False,False,,,0.7180741681095064,5.719248065624093,1.6889889671329525,0.578276562867217,1.6137411876548557,5,4,True,False,GW,False,0.0,False,False,False
MA4020004,"HYANNIS WATER SYSTEM, TOWN OF BARNSTABLE",MARY DUNN WELL  4,BARNSTABLE,41.67941607799475,-70.28091065611106,True,True,,,10.5,False,False,,,0.29848476113834943,17.6937215290806,4.868191897057204,0.46752808304141763,1.8756261812763695,1,30,True,False,GW,True,0.7804856723780763,True,True,True
MA4020013,,SANDY TERRACES ASSOCIATES,BARNSTABLE,41.663719122692854,-70.44550097756625,False,,,,,,,0.3658099723002043,Moderate,2.4043602461290625,6.309637416771267,0.6633452108806457,2.526351578207861,4.56945623372974,5,2,False,False,TNC,False,0.0,False,False,False
MA4020016,,OLD VILLAGE STORE,BARNSTABLE,41.70663345113491,-70.37448531607572,False,,,,,,,0.26149151021118,Moderate,3.3128867322164446,13.358502925196094,5.052670406210976,3.4500712809324594,5.0965590316658185,0,1,False,False,TNC,False,0.0,False,False,False
MA4020020,,WEST PARISH OF  BARNSTABLE,BARNSTABLE,41.6979068709273,-70.383781753448,False,,,,,,,0.2754926323198914,Moderate,2.082562068125475,12.274490177307662,3.8990462515405153,3.8541380208187355,4.024521413012972,3,2,False,False,NTNC,False,0.0,False,False,False
MA4020021,,FIRST LUTHERAN CHURCH,BARNSTABLE,41.69686885510438,-70.35295840879593,False,,,,,,,0.3444386557774074,Moderate,4.303868804329619,14.665406612308994,5.074100439057833,1.3590876062765498,4.8368504855033505,0,5,False,False,TNC,False,0.0,False,False,False
MA4020022,,GREAT MARSH LLC,BARNSTABLE,41.70734534733667,-70.36984653328635,False,,,,,,,0.2743009724753633,Moderate,3.645996798646947,13.744136410089455,5.268698285364881,3.161634745617834,5.267389906481058,0,1,False,False,TNC,False,0.0,False,False,False
MA4020023,,SANDY NECK BEACH,BARNSTABLE,41.73826534610359,-70.38118733803924,False,,,,,,,0.1706836212445963,Low,6.13960024773169,14.666474287271676,8.347137608062129,6.301479345117728,6.500955653770402,0,0,False,False,TNC,False,0.0,False,False,False
MA4020024,,BARNSTABLE COMMUNITY BUILDING,BARNSTABLE,41.705216718699425,-70.3759624618475,False,,,,,,,0.2719482291367599,Moderate,3.1144988736869728,13.183109923655582,4.8633566510522055,3.48655703613682,4.917653461381597,1,1,False,False,TNC,False,0.0,False,False,False
MA4027001,,BERKLEY MIDDLE SCHOOL/TOWN OFFICES,BERKLEY,41.84831594348235,-71.09409711411982,False,,,,,,,0.372662793553369,Moderate,1.828288767304997,50.15557240914133,3.6636205398839237,2.1202677408416086,2.635269228387774,4,14,False,False,NTNC,False,0.0,False,False,False
MA4027002,,DCR DIGHTON ROCK STATE PARK,BERKLEY,41.8108576577917,-71.109215600049,False,,,,,,,0.4660894643363665,Moderate,1.1739700077595931,49.86843501952318,1.7342200319268393,1.4025362465702635,4.720973857308046,5,5,False,False,TNC,False,0.0,False,False,False
MA4027003,,BERKLEY COMMUNITY SCHOOL,BERKLEY,41.83437716421136,-71.08856056143489,False,,,,,,,0.3549191387581112,Moderate,2.65658632956457,49.1415223372139,2.413554282192415,2.9977083073902544,3.616020151694476,6,9,False,False,NTNC,False,0.0,False,False,False
MA4027007,,ANCHOR ACADEMY BERKLEY,BERKLEY,41.81798954084469,-71.08313022925967,False,,,,,,,0.4543278677958158,Moderate,2.6389168541464403,48.07554093777687,1.3182487802167762,2.0528472221111493,5.13007297628727,7,5,False,False,NTNC,False,0.0,False,False,False
MA4027008,,PADELFORD BERKLEY LLC,BERKLEY,41.850940245914146,-71.06278789261624,False,,,,,,,0.4298912076462281,Moderate,3.2883744888538535,47.895264816777996,1.8721191013433724,1.5789443245810377,5.210710740187581,4,8,False,False,TNC,False,0.0,False,False,False
MA4036000,BOURNE WATER DISTRICT,WELLFIELD  1,BOURNE,41.704916287332644,-70.60671073420176,True,True,,4.8,19.4,True,False,,,3.3867226561456234,5.3807380574043675,1.4274969049154729,0.12006063447003977,1.5974729012967093,4,7,True,False,GW,True,0.1199852707829608,True,True,False
MA4036001,BUZZARDS BAY WATER DISTRICT,WELL 5,BOURNE,41.774159718713186,-70.58359081521805,True,False,,,21.0,False,True,,,7.827395263308096,10.989700784256488,3.6419462717664794,2.3629328950901787,0.9334225808259717,3,7,True,False,GW,False,0.0,False,False,False
MA4036002,NORTH SAGAMORE WATER DISTRICT,TUBULAR WELLS,BOURNE,41.79391550988246,-70.52425569948898,True,True,,,10.5,False,False,,,10.701981304691818,13.021161529636679,4.015088506830221,1.5446765725974023,2.019427295801702,1,6,True,False,GW,False,0.0,False,False,False
MA4036007,,SANDYS RESTAURANT,BOURNE,41.753648444853795,-70.59476758541051,False,,,,,,,0.1784450702436734,Low,8.183092137323202,10.343589663622641,2.9970632636099253,1.7119815164615786,0.49385706541767477,3,8,False,False,TNC,False,0.0,False,False,False
MA4036008,,CAPE COD SPACE FORCE STATION,BOURNE,41.753172098252534,-70.53842459629958,False,,,,,,,0.2489440931833461,Low,9.332752585854733,9.238670618806518,3.9658948422840328,0.07155441089828189,1.7471854000056062,2,9,False,False,NTNC,False,0.0,False,False,False
MA4040000,BRAINTREE WATER AND SEWER DEPT.,GREAT POND (LOWER),BRAINTREE,42.20107249433847,-71.04033651450213,True,True,5.3,8.5,20.3,True,True,,,8.304454361082268,28.335614056738034,1.002068630898937,0.592441900625501,2.26981412415576,11,35,False,False,SW,True,0.7432297448638344,True,True,True
MA4040002,,GREAT POND,BRAINTREE,42.201067784012785,-71.04014470699983,False,,,,,,,0.5320767665379826,High,8.870290473634663,28.35001853813792,2.6341295134665748,0.8269187436770458,2.820403130197248,11,33,False,False,SW,False,0.0,False,False,False
MA4041000,BREWSTER WATER DEPARTMENT,WELL #5 (SITE 19-84),BREWSTER,41.716377028712486,-70.10913855165612,True,False,,,10.5,False,False,,,2.61955886087269,34.923856529959345,1.7555843532378215,1.5740207087691043,1.6189614758775128,4,4,True,False,GW,True,0.08904382809819693,True,False,False
MA4041004,,SWEETWATER FOREST INC,BREWSTER,41.741958637196795,-70.08459465984122,False,,,,,,,0.3792240758738033,Moderate,2.2405547116386675,37.19555111613637,1.5897360116630426,1.6847089569759646,5.236918130059958,2,2,False,False,TNC,False,0.0,False,False,False
MA4041006,,CAMP FAVORITE,BREWSTER,41.72835141759859,-70.07583976732612,False,,,,,,,0.3266566818958823,Moderate,1.2638858913868245,37.89903993684746,2.960743086224669,3.0196531306002066,4.80318503895981,2,2,False,False,TNC,False,0.0,False,False,False
MA4041007,,CAMP MITTON,BREWSTER,41.723873081050215,-70.12826544401287,False,,,,,,,0.3355234774772241,Moderate,5.662883813024481,33.52775480755481,3.126393829167054,2.8872686233439846,5.910407811480516,4,4,False,False,TNC,False,0.0,False,False,False
MA4042000,BRIDGEWATER WATER DEPARTMENT,GP WELL 4A,BRIDGEWATER,41.974235996079486,-70.97101299323045,True,True,9.0,7.0,24.0,True,True,,,6.833070474485667,47.27746954160936,0.43609642996076325,0.558309771039921,1.5110781955765977,6,15,True,False,GW,True,0.06571931105077684,True,True,False
MA4042003,,STILES AND HART BRICK COMPANY,BRIDGEWATER,41.939728943488824,-70.94265330328193,False,,,,,,,0.1712159705953053,Low,5.572973423929876,44.912853792444864,0.2551890972535272,3.2331595870762957,1.7277011239434836,4,2,False,False,NTNC,False,0.0,False,False,False
MA4044000,BROCKTON WATER DEPARTMENT,BROCKTON RES.,BROCKTON,42.11417032642726,-71.04943850012693,True,False,,,10.5,False,False,,,0.6844177717122635,33.21164846397886,1.4901837571440106,0.4033785483056801,2.964205347963867,4,32,True,False,SW,True,0.9662534400524736,True,True,True
MA4044003,,SPECTRUM GYMNASTICS INC.,BROCKTON,42.05680824530702,-71.05533599621035,False,,,,,,,0.5102043654142265,High,0.1111205968477618,37.472657888179384,0.46014760560497386,0.20188089625251834,1.9948131364958344,2,30,False,False,TNC,False,0.0,False,False,False
MA4044005,,ROCK SPRING,BROCKTON,42.103883172956955,-71.00802195969725,False,,,,,,,0.3910335064704171,Moderate,6.131402810045639,36.54494759594313,2.0171384645583252,1.049089271399316,2.8725945431783644,4,24,False,False,TNC,False,0.0,False,False,False
MA4050000,CANTON WATER DEPT,GP WELL  #11 (PECUNIT),CANTON,42.18239981214923,-71.13625962045069,True,True,5.0,,13.5,True,False,,,2.6160669428474117,22.177217631184966,2.4101235172086817,0.31298178821838746,1.3430900948621123,2,46,True,True,GW,True,0.43827681291969,False,True,False
MA4052001,,WELLFIELD 2,CARVER,41.887189883104,-70.7292286989603,False,,,,,,,0.3158876294407702,Moderate,2.4226895115010305,28.7993529349631,5.134498862470645,4.001752752392021,2.1170730539017586,0,1,True,False,GW,True,0.7297551430780417,True,False,False
MA4052003,,CRANE BROOK RESTAURANT,CARVER,41.84344270205674,-70.74353021486888,False,,,,,,,0.4583188908105234,Moderate,1.490218212776612,25.643880765399334,1.6852680337055626,1.638930230139895,6.655867764152767,2,2,False,False,TNC,False,0.0,False,False,False
MA4052006,,ELKA PROPERTIES LLC,CARVER,41.841018895678445,-70.74734492173755,False,,,,,,,0.5000248423517918,High,1.296283326921384,25.654647577096313,1.5148802332275482,1.3078113523205461,7.040427279186092,2,3,False,False,TNC,False,0.0,False,False,False
MA4052007,,CARVER ELEMENTARY SCHOOL,CARVER,41.89196016687544,-70.77509300408909,False,,,,,,,0.3879844047998748,Moderate,3.6417145750960564,31.202334530883917,3.2878288985710715,0.6835562032602962,4.142783541245968,3,2,False,False,NTNC,False,0.0,False,False,False
MA4052008,,ERICKSONS ICE CREAM CAFE INC,CARVER,41.83324794486578,-70.75143437010128,False,,,,,,,0.5732121320197664,High,1.6984197877796945,25.258660885383307,1.9208541346844923,0.4682731214394188,7.636451679034214,2,5,False,False,TNC,False,0.0,False,False,False
MA4052011,,CAPTAIN PAL PRESCHOOL / UNITED PARISH,CARVER,41.88757391734459,-70.76869439123084,False,,,,,,,0.3648317907532816,Moderate,3.328743020829541,30.74831362530712,4.002852816792313,0.8065330581372624,3.8942875824910446,2,2,False,False,TNC,False,0.0,False,False,False
MA4052014,,CRANBERRYACRES JELLYSTONE PARK,CARVER,41.85806704543052,-70.7292246865536,False,,,,,,,0.3103472688558663,Moderate,1.8841629048378818,25.831288944520352,2.985505401802909,3.5002689432038436,5.066815582475563,2,3,False,False,TNC,False,0.0,False,False,False
MA4052017,,CEDAR SPRINGS PLAZA,CARVER,41.89311609286059,-70.77687838506498,False,,,,,,,0.3569265148715109,Moderate,3.5362512727605724,31.652642715013005,3.0938961067395887,1.0320141160489165,4.234042727080273,2,2,False,False,TNC,False,0.0,False,False,False
MA4052018,,TREMONT PLACE,CARVER,41.83206955907559,-70.74963370248054,False,,,,,,,0.580576598560583,High,1.885051739878884,25.06055910165828,2.1091899205372417,0.3044949840514618,7.546463285882652,2,6,False,False,TNC,False,0.0,False,False,False
MA4052019,,GEORGIOS PIZZA,CARVER,41.88883478099751,-70.76988978318384,False,,,,,,,0.3598984162815145,Moderate,3.500478931050202,30.91970982224207,3.8342381861878394,0.825066741111486,3.907376499888763,2,2,False,False,TNC,False,0.0,False,False,False
MA4052021,,EDAVILLE RAILROAD,CARVER,41.84866427881691,-70.77800147948184,False,,,,,,,0.4196289982251484,Moderate,0.9930522406528169,27.698712013338497,0.8234278992166506,2.874833906461268,7.37171765693196,1,4,False,False,TNC,False,0.0,False,False,False
MA4052022,,DCR MYLES STANDISH STATE FOREST,CARVER,41.8921278652051,-70.70026399806495,False,,,,,,,0.1372958281875481,Low,2.7628510188938002,19.31952279160068,3.7915729577758985,4.86788279379231,1.4265481185727598,1,2,False,False,TNC,False,0.0,False,False,False
MA4052025,,WELL  2,CARVER,41.82700609756093,-70.73784749679177,False,,,,,,,0.6983311065153232,High,2.7750683479667435,23.97671190797417,2.20902175393311,0.9879524360719626,6.9161827999630585,2,7,True,False,GW,True,0.9999999999999999,True,False,False
MA4052026,,WELL # 1,CARVER,41.842267880189425,-70.71736643981743,False,,,,,,,0.4760252431624076,Moderate,3.43310140920285,24.159375258893217,3.269570672745866,2.98948471114947,4.636894094125721,2,2,True,False,GW,True,0.9999999999999999,True,False,False
MA4052030,,DANDY CAFE,CARVER,41.88800838453174,-70.7681731627804,False,,,,,,,0.3581041899125955,Moderate,3.3573872388531916,30.7594706543552,3.9983114990932074,0.8837800471352879,3.8320095189208723,2,2,False,False,TNC,False,0.0,False,False,False
MA4052044,,WELL 2,CARVER,41.90162063253439,-70.78400102276727,False,,,,,,,0.5839952863388899,High,2.7970448980971874,32.75994856745404,1.9958147355202687,2.054432613310922,4.590270534619956,5,2,True,False,GW,False,0.0,False,False,False
MA4052045,,90 MAIN STREET LLC,CARVER,41.892751407667376,-70.77189952988252,False,,,,,,,0.3603990436528756,Moderate,3.530953228394543,31.364882429643366,3.4047510035708415,1.0854698491776251,3.864372881582368,3,2,False,False,TNC,False,0.0,False,False,False
MA4052046,,SILO MARKET PLACE,CARVER,41.92883305073503,-70.81087502372495,False,,,,,,,0.5876140595605224,High,0.7280167697340062,36.513779748075656,0.9667936570211257,0.8041888368975465,7.242157472875237,5,1,False,False,TNC,False,0.0,False,False,False
MA4052049,,LANDMARK TRUST,CARVER,41.91052361947991,-70.80044208211109,False,,,,,,,0.4838893028254416,Moderate,1.6703795040942344,34.384786040595806,0.4254797704366326,1.4299881641748668,5.948267040963475,5,2,False,False,NTNC,False,0.0,False,False,False
MA4052050,,MARQUIS BUILDING,CARVER,41.91653042311405,-70.80342147095007,False,,,,,,,0.5485777959739678,High,0.9851136676088817,35.05914174187522,0.31406456084899365,0.7212538761883129,6.280863898661978,5,2,False,False,NTNC,False,0.0,False,False,False
MA4052054,,WELL 1,CARVER,41.832968913438705,-70.77842627895038,False,,,,,,,0.6962139628210828,High,2.1163448441816812,26.849123910990723,2.147250225608942,2.450680758369863,9.115890493822814,1,5,True,False,GW,False,0.0,False,False,False
MA4052056,,MARKETPLACE SQUARE LLC.,CARVER,41.887490333400116,-70.7643568175537,False,,,,,,,0.3371269011133417,Moderate,3.1869231854497677,30.51931039500059,4.260775867026725,1.1435340940047738,3.6001393389084617,2,1,False,False,NTNC,False,0.0,False,False,False
MA4052057,,SHOPS AT CARVER CROSSING,CARVER,41.92103651021528,-70.80507258871901,False,,,,,,,0.5984555745775033,High,0.500746362325633,35.535845648079494,0.816534360499902,0.20095541767455666,6.521859127700115,5,2,False,False,NTNC,False,0.0,False,False,False
MA4052058,,CARVER COUNCIL ON AGING,CARVER,41.842906842455555,-70.7452952441926,False,,,,,,,0.4726595154526372,Moderate,1.355986407616608,25.69654365401972,1.5594531516139278,1.5344057664793624,6.821674412272387,2,2,False,False,TNC,False,0.0,False,False,False
MA4052059,,DAVES LIQUORS,CARVER,41.8426714960379,-70.74570177884344,False,,,,,,,0.4756956309980952,Moderate,1.3431856059510292,25.699528498944694,1.5484580927767575,1.511258256752768,6.8608863085348055,2,2,False,False,TNC,False,0.0,False,False,False
MA4052060,,PINE VIEW PLAZA / 73 MAIN ST CONDO TRUST,CARVER,41.89281261857471,-70.7768898528533,False,,,,,,,0.3585280854785145,Moderate,3.5696398620427643,31.626883379358265,3.119030910299685,0.9982941425674347,4.246673273703287,2,2,False,False,TNC,False,0.0,False,False,False
MA4052061,,WELL #3,CARVER,41.892252236419075,-70.76856614616715,False,,,,,,,0.5303007981273488,High,3.5828599296805366,31.05694490976362,3.6435632734359467,1.1052216789555962,3.6339635971022832,2,2,True,False,GW,False,0.0,False,False,False
MA4052062,,QUICKEEZ,CARVER,41.913539164062016,-70.803088592398,False,,,,,,,0.520143791608985,High,1.3175983470322585,34.78320077845812,0.19060512325854978,1.0521424077175674,6.201798599089336,5,2,False,False,TNC,False,0.0,False,False,False
MA4052063,,COUNTRY JUNCTION PLAZA,CARVER,41.837228500436865,-70.75105279780657,False,,,,,,,0.5440720521525221,High,1.3415603659735225,25.555694004733134,1.569664123250317,0.8880724450190258,7.457613090716459,2,4,False,False,TNC,False,0.0,False,False,False
MA4052064,,CARVER HIGH SCHOOL AND MIDDLE SCHOOL,CARVER,41.894372392041696,-70.75893251648931,False,,,,,,,0.2666420108097406,Moderate,2.9819160365676,30.859143587750182,4.138053748690063,1.9179439983033588,2.8140445707174377,1,2,False,False,NTNC,False,0.0,False,False,False
MA4052065,,MAIN STREET COURT CONDOMINIUM TRUST,CARVER,41.89465855999202,-70.7781250776926,False,,,,,,,0.36973029739472,Moderate,3.376876753877676,31.849930572284688,2.8965537300526067,1.2051849600729967,4.262586626680886,3,2,False,False,TNC,False,0.0,False,False,False
MA4052066,,OCEAN SPRAY RECEIVING STATION,CARVER,41.830017173993184,-70.71960468045934,False,,,,,,,0.3226922093485636,Moderate,3.90400066094048,23.2169645524619,1.9059130511377576,2.4701484056167935,5.456477838097424,2,2,False,False,TNC,False,0.0,False,False,False
MA4052067,,WELL 2,CARVER,41.84253844734097,-70.71796139153109,False,,,,,,,0.4760252431624076,Moderate,3.43310140920285,24.159375258893217,3.269570672745866,2.98948471114947,4.636894094125721,2,2,True,False,GW,False,0.0,False,False,False
MA4052068,,CARVER DUNKIN DONUTS,CARVER,41.89334620761241,-70.77394599637445,False,,,,,,,0.347180321900046,Moderate,3.4555806789392274,31.521646122918007,3.222840691526437,1.0917979370246151,3.9884672405096584,2,2,False,False,TNC,False,0.0,False,False,False
MA4052069,,WELL  2,CARVER,41.89218399892495,-70.77885993088712,False,,,,,,,0.5849642482825513,High,3.668843121051352,31.671959809355837,3.0721892259764445,0.9354320440729958,4.423391217524746,3,2,True,False,GW,False,0.0,False,False,False
MA4052070,,"WELL  1 (CAPPED, INACTIVE)",CARVER,41.82912972900378,-70.73383455120678,False,,,,,,,0.656899895128257,High,2.9810349868636505,23.92276492756103,2.1796750494788353,1.2753689398853636,6.509663738541086,2,5,True,False,GW,True,1.0,True,False,False
MA4052071,,FROSTY DOG,CARVER,41.912688269927294,-70.80272775826252,False,,,,,,,0.5115003437423681,High,1.4129508839798712,34.69096065371177,0.22929057493613086,1.150597800621755,6.1604753518210185,5,2,False,False,TNC,False,0.0,False,False,False
MA4052072,,COLE WELL #2,CARVER,41.93321367452706,-70.79660863433304,False,,,,,,,0.728674073499607,High,1.0345671565364187,36.18643679447073,2.129737482764267,1.3629280786964424,6.359556916920676,6,1,True,False,GW,False,0.0,False,False,False
MA4052073,,THE BERRY GUYS,CARVER,41.821522122874065,-70.75481704019623,False,,,,,,,0.6358574759390926,High,1.6073731707724794,24.545893487243855,3.0499526486495063,0.4584164301156388,8.443514070558985,2,9,False,False,TNC,False,0.0,False,False,False
MA4052074,,WELL #2,CARVER,41.85170941528699,-70.74172589692024,False,,,,,,,0.6015251659493986,High,1.2687678907865885,26.243722997227714,1.78049469811385,2.563064725050829,6.149476835060661,2,3,True,False,GW,True,1.0,True,False,False
MA4052075,,CHURCH IN THE PINES,MIDDLEBOROUGH,41.824512199616855,-70.76759028972923,False,,,,,,,0.5913839640355334,High,2.0585338683654344,25.55132913101246,2.6765374108174984,1.4426939824585436,9.248283878513679,2,6,False,False,TNC,False,0.0,False,False,False
MA4055000,CHATHAM WATER DEPARTMENT,SO. CHATHAM WELL  1,CHATHAM,41.68040988586686,-70.03022675311414,True,False,,,10.5,False,False,,,0.5283411000218975,40.95486864738179,1.3493963638277802,1.2731911926816182,1.284194269367243,2,2,True,False,GW,True,0.06721934455223275,True,False,False
MA4055005,,PLEASANT BAY VILLAGE MOTEL,CHATHAM,41.7096593384474,-69.99001296715882,False,,,,,,,0.2401311994671811,Low,2.070241799422315,44.53298512877802,2.8047767074105145,2.8625004344710874,2.5173539453762475,2,2,False,False,TNC,False,0.0,False,False,False
MA4062000,,TUBULAR WELLFIELD  1,CHILMARK,41.35106421473454,-70.75889603600744,False,,,,,,,0.0956045331010151,Low,3.8540713000791587,39.41056762766776,3.185855042195532,12.44281123534846,4.195349674232244,2,0,True,False,GW,True,0.0020532803098660284,False,True,False
MA4062001,,MENEMSHA INN,CHILMARK,41.354729498643685,-70.75755089727146,False,,,,,,,0.048946481859779,Low,3.950945176746132,39.04654852210526,2.868854602407978,12.16129311827,4.505580808153819,2,0,False,False,TNC,False,0.0,False,False,False
MA4062002,,CHILMARK TAVERN,CHILMARK,41.34192185263745,-70.74527451778698,False,,,,,,,0.0501829667147933,Low,5.162482499005919,39.80230557402008,3.1922500349593848,11.882782694138385,4.897155382845254,2,0,False,False,TNC,False,0.0,False,False,False
MA4062003,,MENEMSHA SCHOOL,CHILMARK,41.34134287860253,-70.7460175771139,False,,,,,,,0.0490365381706095,Low,5.120147819663156,39.88826499705625,3.278969707794413,11.968035826930562,4.82261598502575,2,0,False,False,TNC,False,0.0,False,False,False
MA4062004,,BEACH PLUM INN,CHILMARK,41.35367011411494,-70.75979000680232,False,,,,,,,0.0455891229280553,Low,3.7636846679326315,39.25470268545808,3.155899610510872,12.455495970493528,4.284395951444447,2,0,False,False,TNC,False,0.0,False,False,False
MA4062005,,INN AT BLUEBERRY HILL,CHILMARK,41.38793868528039,-70.70641349985806,False,,,,,,,0.1616104363427089,Low,7.724139998334785,33.764970712057114,2.8737206510427353,7.234574706847876,7.7052972551063075,3,0,False,False,TNC,False,0.0,False,False,False
MA4062006,,CHILMARK COMMUNITY CENTER,CHILMARK,41.342151237367595,-70.7431717276538,False,,,,,,,0.052496485663678,Low,5.325929846147375,39.69759291739625,3.086300991715605,11.71582010337477,5.0744902946051305,2,0,False,False,TNC,False,0.0,False,False,False
MA4062007,,MILL BROOK SPRINGS,CHILMARK,41.39523264899106,-70.70738678551649,False,,,,,,,0.1609850053322025,Low,7.788819178119927,33.085993385559874,2.876184584745736,7.305859885380245,7.796157543019019,3,0,False,False,TNC,False,0.0,False,False,False
MA4062008,,CHILMARK SCHOOL,CHILMARK,41.34107959527752,-70.74265758986559,False,,,,,,,0.0522388871783725,Low,5.398588723529509,39.78303199511649,3.1741383671835592,11.735537337611358,5.092260777199979,2,0,False,False,NTNC,False,0.0,False,False,False
MA4065000,COHASSET WATER DEPT,LILY POND,COHASSET,42.22685983867333,-70.81755827131418,True,True,6.7,4.5,17.7,True,False,,,2.78063783890147,44.817518441507715,1.506347276464147,0.7743532734960142,1.0297266228376527,3,2,True,False,SW,False,0.0,False,False,False
MA4072000,DARTMOUTH WATER DIVISION,WELL D,DARTMOUTH,41.591552394568026,-70.99882891474992,True,True,4.2,50.6,59.1,True,True,,,1.0289687150284936,38.31843556851544,0.8079223331188707,0.9896362614196352,1.5884598915528736,4,16,True,False,GW,True,0.18644944433389393,True,True,True
MA4072003,,RACHELS LAKESIDE,DARTMOUTH,41.640059655935616,-71.0473242349252,False,,,,,,,0.397944218005231,Moderate,0.7315056999331733,42.38943275186008,1.5685445732744778,3.4926348541054915,6.3214289444197815,2,9,False,False,TNC,False,0.0,False,False,False
MA4072005,,DCR DEMAREST LLOYD STATE PARK,DARTMOUTH,41.52619918156667,-70.98847198956805,False,,,,,,,0.1695681619838329,Low,3.712736068146486,40.65819886513115,5.9398237443544195,6.335035497729947,5.790086366312993,0,0,False,False,TNC,False,0.0,False,False,False
MA4072006,,CHINA BELLE RESTAURANT,DARTMOUTH,41.63877044395286,-71.04635436005177,False,,,,,,,0.3986187816228702,Moderate,0.6241373742040747,42.320813065227114,1.5045673436744775,3.4166037965812515,6.196611003183504,2,9,False,False,TNC,False,0.0,False,False,False
MA4072009,,ROUND THE BEND FARM,SOUTH DARTMOUTH,41.52964156627472,-71.01139719768042,False,,,,,,,0.1603335014375725,Low,2.3807712646466057,42.27905972031141,5.538344354669562,5.972952208691602,4.3121585702413405,0,0,False,False,TNC,False,0.0,False,False,False
MA4072010,,LLOYD CENTER,DARTMOUTH,41.540516442286275,-70.97665652527829,False,,,,,,,0.2480949831541614,Low,4.902657504532023,39.13864153719706,4.71239279931034,5.0475918875165835,7.393182916718272,1,0,False,False,TNC,False,0.0,False,False,False
MA4075000,DENNIS WATER DISTRICT,GP WELL  8,DENNIS,41.713899121931846,-70.14233487928904,True,True,,,10.5,False,False,,,6.8992134001295025,28.828172617205833,1.2116484161575083,1.3083883301550752,3.507151296466413,4,4,True,False,GW,True,0.19933724324611304,True,True,False
MA4076000,DIGHTON WATER DISTRICT,CEDAR ST. GP WELL  3,DIGHTON,41.817426312013914,-71.17957809577857,True,True,5.5,4.1000000000000005,16.1,True,False,,,2.530964857292794,51.042286959900544,0.7286979392296553,0.8156733790098188,4.372057704222582,3,7,True,False,GW,False,0.0,False,False,False
MA4076004,INIMA USA / AQUARIA LLC,TAUNTON RIVER,DIGHTON,41.85098923970948,-71.11166038355091,True,False,,,10.5,False,False,,,1.1782815607581625,51.614687008300955,2.3144920196476297,1.599672667435445,1.153593644213305,3,13,False,False,SW,False,0.0,False,False,False
MA4082000,DUXBURY WATER DEPARTMENT,TREMONT WELL 2,DUXBURY,42.04123580734133,-70.6914745908551,True,True,7.5,35.0,87.0,True,True,,,5.102831069223509,41.64642703399654,0.4647379697548905,1.9866893545586728,1.5258944469021098,4,4,True,False,GW,True,2.3035107863861968e-07,True,False,False
MA4082001,,CAMP WING DUXBURY STOCKADE,DUXBURY,42.07512646505469,-70.74973260281713,False,,,,,,,0.2584600845143427,Moderate,3.906102251469977,48.247888740969145,0.8104786948911623,2.574966315404256,3.3974466737685693,2,7,False,False,TNC,False,0.0,False,False,False
MA4082002,,BOYS & GIRLS CAMPS INC,DUXBURY,42.07821665314805,-70.74803152027273,False,,,,,,,0.2453913690003781,Low,4.169772888888864,48.51755794122441,1.0003856008468706,2.8727412483928374,3.4636183836319865,2,7,False,False,TNC,False,0.0,False,False,False
MA4083000,East Bridgewater Water Dept.,GP WELL  4,EAST BRIDGEWATER,42.01858303657993,-70.92033865417021,True,True,5.1000000000000005,,13.6,True,False,,,4.8599048412468,47.195625642620534,1.4268777897573925,0.8893928237558316,2.1743294951317953,4,8,True,False,GW,True,1.9866760526847213e-07,True,True,True
MA4086001,,4100 HOLDINGS LLC,EASTHAM,41.850731847232524,-69.98665054534433,False,,,,,,,0.0558309787657663,Low,14.551603961682488,49.34175998036617,0.6773070330359416,8.430437034880363,6.598137649127745,2,0,False,False,TNC,False,0.0,False,False,False
MA4086002,,EASTHAM ELEMENTARY SCHOOL,EASTHAM,41.84066599904921,-69.9737547793746,False,,,,,,,0.056942000846516,Low,13.993962313749396,49.75910285842618,0.7880966395491453,7.56645770324657,5.330009335378282,2,0,False,False,NTNC,False,0.0,False,False,False
MA4086004,,EASTHAM INN,EASTHAM,41.82930304160641,-69.97290112865252,False,,,,,,,0.0670103297458558,Low,12.729984752105144,49.42044379277102,2.022939920371345,6.418860975302965,4.0665243383347525,2,0,False,False,TNC,False,0.0,False,False,False
MA4086005,,SHERATON FOUR POINTS,EASTHAM,41.84620647528395,-69.98442838852408,False,,,,,,,0.0575048194027291,Low,14.182360758248363,49.29621063019805,0.3175397952922674,7.964580245243774,6.065691820159433,2,0,False,False,TNC,False,0.0,False,False,False
MA4086007,,NAUSET HAVEN LAKESIDE COTTAGES,EASTHAM,41.84024412148813,-69.97863754236415,False,,,,,,,0.0592600818923735,Low,13.829439536360564,49.45927345184764,0.718418242724983,7.426651372126467,5.332326075983664,2,0,False,False,TNC,False,0.0,False,False,False
MA4086008,,TOWN CRIER MOTEL,EASTHAM,41.84449682946779,-69.98342393296699,False,,,,,,,0.0581540053366677,Low,14.054333975756345,49.29248377628046,0.2655614422469583,7.798762684619074,5.870271462542434,2,0,False,False,TNC,False,0.0,False,False,False
MA4086009,,EASTHAM TOWN HALL,EASTHAM,41.83021901163814,-69.97351092462117,False,,,,,,,0.0663620624137512,Low,12.833953757896614,49.412542196370254,1.9104940939909796,6.49532620763705,4.172626483915464,2,0,False,False,TNC,False,0.0,False,False,False
MA4086010,,VIKING SHORES RESORT,EASTHAM,41.86698907626633,-69.98340612393795,False,,,,,,,0.0458975429555398,Low,16.31385705384675,50.38594662156169,2.277983208945092,10.262239584988441,8.328449700174286,2,0,False,False,TNC,False,0.0,False,False,False
MA4086011,,WHISPERING PINES CONDO ASSOCIATION,EASTHAM,41.82605306595964,-69.97518964233595,False,,,,,,,0.0713656579663916,Low,12.37953780503116,49.107735296060966,2.313335024029454,6.013399427479245,3.730831629462281,2,0,False,False,NTNC,False,0.0,False,False,False
MA4086012,,SANDPIPERS PUB,EASTHAM,41.86191550594671,-69.98493958438615,False,,,,,,,0.048903773140026,Low,15.74637452628235,50.01702664226737,1.7404635629807004,9.686304877868556,7.793019364288658,2,0,False,False,TNC,False,0.0,False,False,False
MA4086014,,ATLANTIC OAKS CAMPGROUND,EASTHAM,41.848401763988434,-69.98286356496777,False,,,,,,,0.0571684951763475,Low,14.146413434684142,49.383791254551895,0.1924247225949688,7.87869250819432,5.9223504014247945,2,0,False,False,TNC,False,0.0,False,False,False
MA4086018,,BLUE DOLPHIN INN,EASTHAM,41.87624730324971,-69.98676318146896,False,,,,,,,0.0427234071278303,Low,17.16042267045906,50.618996419813755,3.3339503845831584,11.246388337029208,9.387591953186012,2,0,False,False,TNC,False,0.0,False,False,False
MA4086020,,ARNOLDS RESTAURANT,EASTHAM,41.84391640965776,-69.98315140812794,False,,,,,,,0.0586468140903719,Low,13.989663849868675,49.286244080122515,0.3659325714327468,7.712498286030887,5.765467588356802,2,0,False,False,TNC,False,0.0,False,False,False
MA4086021,,MIDWAY MOTEL,EASTHAM,41.870246615516216,-69.98438279188241,False,,,,,,,0.0447121306661138,Low,16.615361777248463,50.48053943815247,2.646585278949237,10.609254590755357,8.698341953792806,2,0,False,False,TNC,False,0.0,False,False,False
MA4086022,,OAK GROVE COTTAGES,EASTHAM,41.854876318610515,-69.98882864954815,False,,,,,,,0.0544305859116825,Low,14.900703413507108,49.380322027436236,1.1476473392098059,8.869269845314925,7.09465467307409,2,0,False,False,TNC,False,0.0,False,False,False
MA4086023,,SHORE GARDEN WATER FRONT CONDO.  ASSN.,EASTHAM,41.80614040222631,-69.97460792103954,False,,,,,,,0.1056181301583055,Low,10.141441912295845,48.36415025435121,4.091782828273451,4.057850979343942,1.5261138769730636,3,3,False,False,TNC,False,0.0,False,False,False
MA4086027,,GIFT BARN INC.,EASTHAM,41.85123454436735,-69.98688516499865,False,,,,,,,0.0556241615799754,Low,14.599040290289283,49.34950633209151,0.7354466115166531,8.489060626655773,6.663628691934758,2,0,False,False,TNC,False,0.0,False,False,False
MA4086030,,EAGLE WING MOTEL,EASTHAM,41.808812391327336,-69.97218942633765,False,,,,,,,0.1004072227740782,Low,10.453828673592481,48.653726070293324,4.105653992261328,4.416231821673257,1.8006332347362886,3,3,False,False,TNC,False,0.0,False,False,False
MA4086033,,POITS LIGHTHOUSE MINI GOLF,EASTHAM,41.86778639749551,-69.98436749389747,False,,,,,,,0.0458825693254292,Low,16.355650315636368,50.32773878014652,2.375345913342387,10.338664063705998,8.428166187041928,2,0,False,False,TNC,False,0.0,False,False,False
MA4086034,,FAIRWAY PIZZERIA/HOLE IN ONE,EASTHAM,41.85315700177956,-69.98836503924868,False,,,,,,,0.0552336193083994,Low,14.741938852613403,49.33136792974728,0.9750520638995613,8.68435661374103,6.900025797880154,2,0,False,False,TNC,False,0.0,False,False,False
MA4086035,,THE LOBSTER SHANTY,EASTHAM,41.83745675764604,-69.97532378346406,False,,,,,,,0.0601654918077756,Low,13.63988987815365,49.5843565917804,1.1040718237839984,7.200231881550461,4.98347040195232,2,0,False,False,TNC,False,0.0,False,False,False
MA4086036,,VILLAGE GREEN SHOPPING CENTER,EASTHAM,41.85511339056454,-69.98619647048449,False,,,,,,,0.0530177398954662,Low,15.01418576898676,49.588288929406765,1.0556458305297023,8.923636274934246,7.071497335191525,2,0,False,False,TNC,False,0.0,False,False,False
MA4086038,,ATLANTIC BREEZE INN AND COTTAGES,EASTHAM,41.87463930252744,-69.9864609935083,False,,,,,,,0.0433524322256663,Low,17.003091768039983,50.55643046118041,3.1536209223059175,11.072393816648312,9.207289299519447,2,0,False,False,TNC,False,0.0,False,False,False
MA4086039,,WILLYS WORLD WELLNESS AND CONFERENCE CTR,EASTHAM,41.858505116991054,-69.98334519216216,False,,,,,,,0.0499818859626396,Low,15.45529799456319,49.96667606317996,1.3433641727363408,9.331760273144956,7.397149385602792,2,0,False,False,TNC,False,0.0,False,False,False
MA4086040,,MAIN STREET MERCANTILE CONDO II,EASTHAM,41.851688375908296,-69.9853745327805,False,,,,,,,0.0545499579982373,Low,14.698060765953313,49.48442453495506,0.6925957712403796,8.557527949585417,6.6852242535950115,2,0,False,False,TNC,False,0.0,False,False,False
MA4086041,,CCNS DOANE ROCK PICNIC AREA,EASTHAM,41.843494643347086,-69.95662670534544,False,,,,,,,0.0513519309197612,Low,14.31535977222831,51.27971639535861,2.018348165226791,8.409522751409197,5.711641742864507,2,0,False,False,TNC,False,0.0,False,False,False
MA4086042,,WHALE WALK INN,EASTHAM,41.80229136528989,-69.99151730149572,False,,,,,,,0.1214240211283507,Low,9.607226571407804,46.79678716099182,3.1469405376248716,2.9951136699490095,1.4716205355819485,2,3,False,False,TNC,False,0.0,False,False,False
MA4086043,,TOWN CENTER SHOPPING PLAZA,EASTHAM,41.856863898572215,-69.98627279239759,False,,,,,,,0.0527848140685464,Low,15.054701268741299,49.61004324304268,1.0930719635643735,8.966720803112105,7.1129598332037345,2,0,False,False,TNC,False,0.0,False,False,False
MA4086044,,CAPEABILITIES,EASTHAM,41.85406743709664,-69.99059225104186,False,,,,,,,0.0558404182086879,Low,14.75973416714504,49.209298495776636,1.1755859772966633,8.762837574308714,7.044222001880587,2,0,False,False,NTNC,False,0.0,False,False,False
MA4086045,,SEATOLLER,EASTHAM,41.851459710988834,-69.98790732817129,False,,,,,,,0.0560427293724458,Low,14.586067565413238,49.28375348925571,0.8145493888509788,8.502246504139595,6.707899192667164,2,0,False,False,TNC,False,0.0,False,False,False
MA4086046,,CAPTAINS QUARTERS MOTEL AND CONF. CTR.,EASTHAM,41.86293581789882,-69.98421515330138,False,,,,,,,0.0481228220251858,Low,15.874325204060096,50.12173614285724,1.8406223412643137,9.807067697479466,7.894420155480483,2,0,False,False,TNC,False,0.0,False,False,False
MA4086047,,GIBSON COTTAGES,EASTHAM,41.831272678115695,-69.97719281691144,False,,,,,,,0.0669361035542658,Low,12.90580794678016,49.175471211450464,1.72418228162556,6.468804294282786,4.260994133988475,2,0,False,False,TNC,False,0.0,False,False,False
MA4086048,,SEAMAN COTTAGES LLC,EASTHAM,41.838465372183634,-70.0038911928739,False,,,,,,,0.0756112899451075,Low,12.732933811364555,47.46816188291381,1.0996862137933614,6.934455898921489,5.636365644773065,2,0,False,False,TNC,False,0.0,False,False,False
MA4086053,,STARFISH CONDOMINIUM TRUST,EASTHAM,41.81223894190199,-69.97245455614666,False,,,,,,,0.0945415725276359,Low,10.83503063430169,48.76399420065913,3.7502251667614823,4.727724587416882,2.1797960861488845,3,2,False,False,TNC,False,0.0,False,False,False
MA4086054,,EASTHAM SUPERETTE,EASTHAM,41.8296014165722,-69.97400052791657,False,,,,,,,0.0671790254832647,Low,12.767467118653883,49.3486989762517,1.9641968712653524,6.416755902951818,4.108726980085445,2,0,False,False,TNC,False,0.0,False,False,False
MA4086055,,NAUSET MARKET,EASTHAM,41.863943565484334,-69.98457893786188,False,,,,,,,0.0477648244472911,Low,15.964761902211253,50.14534356040569,1.9560256913260015,9.913530828323571,8.00981452321693,2,0,False,False,TNC,False,0.0,False,False,False
MA4086090,,INN AT THE OAKS,EASTHAM,41.83822568480983,-69.97710298245327,False,,,,,,,0.0601693032906951,Low,13.699809634587368,49.48686049640392,0.9726099784430655,7.244480601857337,5.091588897513184,2,0,False,False,TNC,False,0.0,False,False,False
MA4086092,,HOSTELLING INTERNATIONAL EASTHAM,EASTHAM,41.80233074383399,-69.9906553265454,False,,,,,,,0.1277123413442892,Low,9.754539364652008,46.96597690995084,3.239781673274236,3.1019543881665492,1.543208988576589,3,3,False,False,TNC,False,0.0,False,False,False
MA4086093,,SALT POND COTTAGES,EASTHAM,41.83557541254727,-69.97421861090551,False,,,,,,,0.0615013069420842,Low,13.43105150632743,49.58968796231814,1.332298531855948,7.03532880878877,4.770449458071554,2,0,False,False,TNC,False,0.0,False,False,False
MA4086094,,EASTHAM PUBLIC LIBRARY,EASTHAM,41.83088037507326,-69.97799587283666,False,,,,,,,0.0675922504704586,Low,12.930487009793893,49.09708869850479,1.749924064962671,6.442109698388035,4.298453448663712,2,0,False,False,TNC,False,0.0,False,False,False
MA4086095,TOWN OF EASTHAM,NRHS WELL,EASTHAM,41.86532160196596,-69.96785103830634,True,False,,,10.5,False,False,,,15.29724729271828,50.749505172266225,1.5255753131855054,9.09227870570968,6.639114480765086,2,0,True,False,GW,True,0.2712161778734891,True,False,False
MA4088000,EASTON WATER DIV,GP WELL # 5,EASTON,42.005049605269,-71.15501489113137,True,True,9.9,16.299999999999997,36.9,True,True,,,2.9928983956789024,32.18984439530466,0.3351995436492082,1.2233435536676531,0.5130961726167307,5,21,True,False,GW,True,2.313748180381774e-06,False,True,False
MA4088004,,SIMPSON SPRING CO. (SOURCE),EASTON,42.03592603236367,-71.08156415581362,False,,,,,,,0.4160646926852943,Moderate,3.0664412093434,37.98187463384919,2.3469805731898257,0.6083312160040919,1.3502642119954396,5,20,False,False,TNC,False,0.0,False,False,False
MA4088007,,BROWN BILLONE CLUB,EASTON,42.036737408134464,-71.16071939472177,False,,,,,,,0.2881391559852719,Moderate,5.0488140492555065,34.52698599144235,3.025137375676764,1.730546237782464,2.9079653479609835,3,7,False,False,TNC,False,0.0,False,False,False
MA4089000,EDGARTOWN WATER DEPARTMENT,WINTUCKET WELL  2,EDGARTOWN,41.38600714360664,-70.56618371330418,True,False,,,10.5,False,False,,,2.249350935871991,28.532515249065344,0.5322541459305455,1.0032321823774328,0.9199068347334846,2,4,True,False,GW,False,0.0,False,False,False
MA4089003,,"CHAPPAQUIDDICK BEACH CLUB, INC.",EDGARTOWN,41.38512500897461,-70.5036110744321,False,,,,,,,0.2583398958050402,Moderate,3.4500137845857703,30.37728806057256,2.7465277014370226,1.5728693801823106,2.2475406709938803,2,1,False,False,TNC,False,0.0,False,False,False
MA4094000,FAIRHAVEN WATER DEPT,WOLF ISLAND RD. WELL  1,FAIRHAVEN,41.69866339631382,-70.84705070993348,True,False,,,10.5,False,False,,,3.562367550527888,24.6107511865025,1.4915401087545206,0.9623242031885041,1.025751344029996,3,29,True,False,GW,True,0.029463686600875404,True,False,False
MA4095000,FALL RIVER WATER DEPARTMENT,COPICUT RES.,FALL RIVER,41.6990775854793,-71.0370712992553,True,False,,,10.5,False,False,,,1.2990508047552225,41.51147485946737,1.4051894938106952,1.6963577543595896,2.0947921770922298,6,27,False,False,ESW,True,0.6229405131159522,True,True,True
MA4095001,,EAST END SPORTSMENS CLUB,FALL RIVER,41.65364100455167,-71.1329606920546,False,,,,,,,0.4395456372852526,Moderate,0.7605414330864164,49.420232279041755,3.8635295549288093,2.704086354165693,5.7329478434998595,1,15,False,False,TNC,False,0.0,False,False,False
MA4096000,FALMOUTH WATER DEPT,FRESH POND WELL,FALMOUTH,41.5963496328705,-70.53405220546425,True,False,,,10.5,False,False,,,1.305725931925201,5.0977107962010475,1.1008411602646184,0.8872497253657617,1.6587125680540826,1,8,True,False,GW,True,0.10989021602757239,True,True,False
MA4096001,OTIS AIR NATIONAL GUARD BASE,GP WELL J,FALMOUTH,41.66611671039569,-70.53001111771658,True,False,,,10.5,False,False,,,1.149058505264937,0.9370435089240404,2.180834752722511,1.7486342157733334,2.044089880220366,1,1,True,False,GW,True,0.998427717197622,True,True,False
MA4096004,,CAPE COD COUNTRY CLUB,FALMOUTH,41.620678145908,-70.56105054272851,False,,,,,,,0.2381925537659056,Low,4.229591410779021,5.138896480684419,3.136980185737365,3.067903121939636,3.8704131980329874,1,3,False,False,TNC,False,0.0,False,False,False
MA4096008,,FALMOUTH PLAYHOUSE,FALMOUTH,41.62157071827888,-70.56173717974345,False,,,,,,,0.2410041762444397,Low,4.373134532350108,5.285511544296274,3.210324431683917,3.1311992189688675,4.106769016931183,1,3,False,False,TNC,False,0.0,False,False,False
MA4099000,FOXBORO WATER DEPARTMENT,WELL  8,FOXBOROUGH,42.07645085958766,-71.21212415747846,True,True,6.3,6.7,19.5,True,False,,,1.455618804729332,26.8345719515,1.002949069413592,0.9221075064706661,0.5178636868758426,8,20,True,False,GW,True,0.0891989735458797,False,True,False
MA4102002,,WELL # 1,FREETOWN,41.78425535115006,-70.92868386900257,False,,,,,,,0.4701210744136713,Moderate,1.5949386683337428,34.74055445000533,3.704542892188173,3.570024288703044,4.605965913141215,1,3,True,False,GW,False,0.0,False,False,False
MA4102004,,ASSONET INN INC,FREETOWN,41.79455974929047,-71.07109832836811,False,,,,,,,0.5262492679487805,High,4.63598026951572,46.3008503370029,0.9935310484150116,0.7891955615849898,7.301108848725252,5,5,False,False,TNC,False,0.0,False,False,False
MA4102008,,FREETOWN ELEMENTARY SCHOOL,FREETOWN,41.76136764515397,-71.01490784029897,False,,,,,,,0.2215771677262282,Low,5.882269582819445,40.67558469130486,3.9987134411983467,3.41019488621571,4.0860780708089415,2,4,False,False,NTNC,False,0.0,False,False,False
MA4102010,,"CAMP WELCH, THOMAS CHEW MEMORIAL",FREETOWN,41.81647096960226,-71.08721933166997,False,,,,,,,0.4546270339514994,Moderate,2.3288182342205133,48.338804932776306,1.324295240595125,2.0976286338471626,5.032648409220848,7,5,False,False,TNC,False,0.0,False,False,False
MA4102015,,STILLWATER FASTENERS,FREETOWN,41.77230101397645,-70.96767390831334,False,,,,,,,0.3415339591280495,Moderate,1.9318041844913476,37.35719088435531,0.787127024107245,0.09482764224882372,2.4337149890708574,1,4,False,False,NTNC,False,0.0,False,False,False
MA4102029,,VILLAGE STORE,FREETOWN,41.79503510819703,-71.06615369842203,False,,,,,,,0.5038947777902133,High,4.933151544491699,45.92421481843114,1.3776470278727975,0.8219829569748812,6.8942310232013195,5,5,False,False,TNC,False,0.0,False,False,False
MA4102034,,FORGE POND CAMPGROUND INC,FREETOWN,41.80607622632113,-71.05503073359334,False,,,,,,,0.4674018441106785,Moderate,4.367267393731807,45.43259430736548,1.3637281003888257,1.3641903228360623,6.190634420895817,6,3,False,False,TNC,False,0.0,False,False,False
MA4102036,,DCR FREETOWN STATE FOREST,FREETOWN,41.776945832119345,-71.04588145691311,False,,,,,,,0.2641888891438583,Moderate,5.766705438416205,43.62656548273409,2.2970618864113086,3.3483500480715565,5.1675899825725145,3,4,False,False,TNC,False,0.0,False,False,False
MA4104003,,AQUINNAH RESTAURANT,AQUINNAH,41.34703425314472,-70.83716573911764,False,,,,,,,0.0105931843589047,Low,2.82754007607732,43.477773163344544,3.1872399499463477,18.848866151559115,3.3461993975007758,1,0,False,False,TNC,False,0.0,False,False,False
MA4109000,,WELLFIELD #1,GOSNOLD,41.420052701576296,-70.93968609214126,False,,,,,,,0.12590232290753,Low,1.049649047664597,43.383908234384016,0.6582758344818885,18.73353960326197,13.419957364011708,1,0,True,False,GW,False,0.0,False,False,False
MA4118000,HALIFAX WATER DEPARTMENT,WELL  2  RICHMOND PARK,HALIFAX,41.99407973681185,-70.83636466481623,True,True,5.7,,16.4,True,False,,,0.5888210162623643,43.608395262973495,1.3316954924361424,4.059859344123318,4.941571000923732,3,1,True,False,GW,True,0.15400586697643684,True,False,False
MA4122000,"HANOVER WATER DEPT, MA",PHILIP C. BEAL WELL #2,HANOVER,42.102227112765945,-70.81478991883951,True,True,8.9,11.4,28.8,True,True,,,1.2367923021442668,46.863441879216126,0.514753147737924,0.4650732664639465,5.444967568314967,3,17,True,False,GW,True,0.09628900189442066,True,False,False
MA4123000,HANSON WATER DEPARTMENT,WELL 5,HANSON,42.04766412313802,-70.89582069836462,True,True,5.6,4.0,16.1,True,False,,,5.396747367714301,47.60047493148193,0.24579746720456463,0.31248011972464934,5.080190323976331,2,4,True,False,GW,False,0.0,False,False,False
MA4126000,HARWICH WATER DEPARTMENT,GP WELL  6,HARWICH,41.68616749570504,-70.03462975365711,True,False,,,10.5,False,False,,,2.7456064810482563,34.759778021068634,1.914549614359994,1.985779926995499,1.1778773645461782,4,4,True,False,GW,True,0.03877627221173811,True,True,False
MA4131000,WEIR RIVER WATER SYSTEM,FREE ST. GP WELL 2,HINGHAM,42.21846430195605,-70.87903601621082,True,True,6.4,,14.9,True,False,,,5.04837883495797,39.885691601521934,2.032643827753613,0.1605068510487435,3.2319994251641178,5,26,True,False,GW,True,0.014158850696030243,True,True,False
MA4131001,,DCR WOMPATUCK ST. PK.  MT. BLUE SPRING,HINGHAM,42.1995134761435,-70.843029132263,False,,,,,,,0.2141995411682966,Low,7.436771204452695,43.57114692345547,1.5981185804663807,4.176018940525123,5.879367296677977,2,5,False,False,TNC,False,0.0,False,False,False
MA4145000,KINGSTON WATER DEPARTMENT,MILLGATE RD. GP WELL,KINGSTON,41.9853965714478,-70.74917134079202,True,False,,,10.5,False,False,,,3.718380150885465,35.948384480194115,0.3247062680900439,0.4892434973819231,2.386993487933281,4,21,True,False,GW,False,0.0,False,False,False
MA4145001,,SACRED HEART HIGH SCHOOL,KINGSTON,41.948135892169425,-70.74223448449779,False,,,,,,,0.4163704693980082,Moderate,3.475611550461605,35.167172220898415,3.9882601538937523,1.739348489704816,4.780438530069741,2,15,False,False,NTNC,False,0.0,False,False,False
MA4145002,,CAMP MISHANNOCK,KINGSTON,41.95497796050392,-70.73784369526571,False,,,,,,,0.4110439516612237,Moderate,4.29396325718995,35.66652764010152,3.155035383522704,1.3131232612837176,4.2856082190058595,2,18,False,False,TNC,False,0.0,False,False,False
MA4145003,,SACRED HEART ELEMENTARY SCHOOL,KINGSTON,41.95148891091902,-70.7361433187283,False,,,,,,,0.4375001982068981,Moderate,4.090215459440085,35.25774401100331,3.407046388879965,1.1624167052727832,4.597364228280816,2,18,False,False,NTNC,False,0.0,False,False,False
MA4145006,,WELL 2,KINGSTON,41.9490949663963,-70.73630844274555,False,,,,,,,0.6464857768199934,High,3.8898185517625024,35.02871065516596,3.647074165966838,1.2398159813055436,4.797467576801891,2,18,True,False,GW,False,0.0,False,False,False
MA4145007,,SACRED HEART EARLY CHILDHOOD CENTER,KINGSTON,41.94973117920109,-70.73889198990173,False,,,,,,,0.4429307882979081,Moderate,3.7922300807268994,35.19153149501537,3.6888466091085217,1.4236519516544943,4.85693742175584,2,18,False,False,NTNC,False,0.0,False,False,False
MA4146004,,WELL  2,LAKEVILLE,41.817462200286556,-70.89965685480178,False,,,,,,,0.4025704416743123,Moderate,5.531021675567278,34.10678791991874,7.543942984236121,5.41600330743651,7.564280392467458,0,0,True,False,GW,False,0.0,False,False,False
MA4146006,,WELL # 3,LAKEVILLE,41.81403130485723,-70.96263171705145,False,,,,,,,0.2975506272094863,Moderate,3.8541888160649287,38.54116026257016,5.344430463126507,4.572429872026654,3.092573551899597,0,1,True,False,GW,False,0.0,False,False,False
MA4146008,,DEWEYS RESTAURANT,LAKEVILLE,41.87375250830493,-70.92893983613764,False,,,,,,,0.2885752289709732,Moderate,2.5291038911344104,39.47039814740609,1.238618496104414,1.2567167792425296,2.408400173157609,1,6,False,False,TNC,False,0.0,False,False,False
MA4146011,,LAKEVILLE GOLF CLUB,LAKEVILLE,41.86920670746208,-70.9429822596839,False,,,,,,,0.328929350214901,Moderate,3.6024877301263882,40.15311454483209,0.8690830692772404,0.7573095531626226,3.542422369095741,1,6,False,False,TNC,False,0.0,False,False,False
MA4146012,,ROYAL PIZZA (BT REALTY TRUST),LAKEVILLE,41.87078736864767,-70.93063602170679,False,,,,,,,0.2939354375194264,Moderate,2.886486510769208,39.39930428157166,1.2541920636517077,1.2673586876456453,2.761366938595264,1,6,False,False,TNC,False,0.0,False,False,False
MA4146016,,FREETOWN/LAKEVILLE REGIONAL SCHOOL DIST.,LAKEVILLE,41.79168611846275,-70.9818862016039,False,,,,,,,0.1855175175219535,Low,3.057397903292181,39.09176691713602,3.1665877678120076,2.3243306207696577,0.16127222081097092,2,3,False,False,NTNC,False,0.0,False,False,False
MA4146017,,POQUOY BROOK GOLF COURSE,LAKEVILLE,41.88346542244302,-70.96832437261307,False,,,,,,,0.3786763197566779,Moderate,4.131864075714113,42.781147074207986,2.2041951428112396,1.921701752707749,4.694932738504561,1,19,False,False,TNC,False,0.0,False,False,False
MA4146018,,ST. MARTHA AND MARY CHURCH,LAKEVILLE,41.838082734283624,-70.94513611410922,False,,,,,,,0.2324880689984404,Low,6.391742860947764,38.52063445563165,4.334361830406086,4.109854674038074,6.140964324372954,1,3,False,False,TNC,False,0.0,False,False,False
MA4146020,,B9 CLUB INC.,LAKEVILLE,41.83816673201885,-70.95425495011396,False,,,,,,,0.2238382070188315,Low,5.99583770964711,38.90306512184301,4.41253150807069,4.117902013588065,5.769653787613009,1,2,False,False,TNC,False,0.0,False,False,False
MA4146022,,CHURCH OF NAZARENE,LAKEVILLE,41.85381700014236,-70.94000245725098,False,,,,,,,0.2834504348558539,Moderate,4.922141575637635,39.02922151940887,2.5971873908282443,2.4493383169967924,4.783035707917973,1,6,False,False,TNC,False,0.0,False,False,False
MA4146028,,J AND J SEAFOOD,LAKEVILLE,41.79616555084489,-70.95500189005278,False,,,,,,,0.2322842403163898,Low,1.8504081040173928,37.261709659460685,3.5243727736375,2.851288423639628,2.435242600851278,1,2,False,False,TNC,False,0.0,False,False,False
MA4146029,,MULLEIN HILL CHRISTIAN ACADEMY,LAKEVILLE,41.85730011198902,-70.92884273120288,False,,,,,,,0.2747585275765588,Moderate,4.23516512740183,38.44856385526439,2.498675791649135,2.3526593210420885,4.05548070525335,1,6,False,False,NTNC,False,0.0,False,False,False
MA4146031,,ORCHID OF HAWAII,LAKEVILLE,41.86628324486199,-70.95278996940695,False,,,,,,,0.3338232837940806,Moderate,4.395026687929992,40.66175467586264,1.440196012314782,1.0447971290035727,4.360884220110435,1,6,False,False,TNC,False,0.0,False,False,False
MA4146033,,GYM HUTT GYMNASTICS SCHOOL,LAKEVILLE,41.821232538234064,-71.00887852427499,False,,,,,,,0.2083109899077563,Low,2.46582226246214,42.46437596272094,2.0001043642570346,5.568829016411505,3.990079135523832,5,0,False,False,TNC,False,0.0,False,False,False
MA4146035,,BUPPAS PLACE,LAKEVILLE,41.89336027655116,-70.95698539417097,False,,,,,,,0.32694208247193,Moderate,3.4848831715756097,42.62756592712531,2.140672550867014,2.136733718732942,3.665339137194674,1,16,False,False,TNC,False,0.0,False,False,False
MA4146036,,LAKESIDE LANDING INC.,LAKEVILLE,41.83940493606451,-70.94575492167928,False,,,,,,,0.2381149673451664,Low,6.537383882264558,38.63665656968814,4.189919425780818,3.9603968881829017,6.241116705456494,1,3,False,False,NTNC,False,0.0,False,False,False
MA4146038,,FRATERNAL ORDER OF EAGLES,LAKEVILLE,41.79432394118433,-70.95409771306817,False,,,,,,,0.2456329044812688,Low,1.6324984942650365,37.115897152227525,3.3469355909193066,2.698108591662515,2.4674360030683764,1,3,False,False,TNC,False,0.0,False,False,False
MA4146039,,WELL 2,LAKEVILLE,41.86767624663438,-70.9259593164282,False,,,,,,,0.4811065939075388,Moderate,3.062073415293315,38.883848838795096,1.77054352676182,1.4298694176075355,2.8919989290030355,1,6,True,False,GW,False,0.0,False,False,False
MA4146040,,"CEDARDALE ASSOCIATES OF LAKEVILLE, INC.",LAKEVILLE,41.803318235421386,-70.93736259438579,False,,,,,,,0.2175123250750479,Low,2.6576638205628793,36.2219018229561,4.814195835581814,4.2903763757496876,4.0720657076265105,1,1,False,False,TNC,False,0.0,False,False,False
MA4146042,,ROSE PROFESSIONAL PLAZA,LAKEVILLE,41.871195143727654,-70.93135258431997,False,,,,,,,0.2967855951118897,Moderate,2.873708457433999,39.4739715920546,1.179567663655975,1.192816225257348,2.7558471824425492,1,6,False,False,TNC,False,0.0,False,False,False
MA4146043,,COUNTY LAKE PROPERTIES,LAKEVILLE,41.80677813791729,-70.96969608296713,False,,,,,,,0.1707518663841305,Low,3.4600104474670466,38.84015433326232,4.607937281346988,3.792815868442371,2.110612835421731,1,1,False,False,TNC,False,0.0,False,False,False
MA4146044,,MULLEIN HILL CHRISTIAN ACADEMY,LAKEVILLE,41.81017112034457,-70.97462124246611,False,,,,,,,0.1679640088606086,Low,4.000685603928284,39.36419010952906,4.853087575329718,4.197541198130979,2.2739217485570435,2,1,False,False,NTNC,False,0.0,False,False,False
MA4146045,,WELL 1,LAKEVILLE,41.88340764927618,-70.92835086977465,False,,,,,,,0.5249574278410014,High,1.6161482167107162,40.05342165918535,1.4156412714120585,0.6857325159682027,1.5879090826824198,2,8,True,False,GW,False,0.0,False,False,False
MA4146046,,STARRS COUNTRY MARKET,LAKEVILLE,41.869238602010014,-70.9318170452883,False,,,,,,,0.2962221409684471,Moderate,3.0842367397243007,39.38371228445767,1.28392185784805,1.2939656724007167,2.9591766383879534,1,6,False,False,TNC,False,0.0,False,False,False
MA4146049,,BISHOP RUOCCO HOUSE,LAKEVILLE,41.83111068877914,-70.95109559734543,False,,,,,,,0.1761730868748256,Low,5.624237860771311,38.59145158746166,5.147815707230409,4.883012927281438,5.222210756992878,0,1,False,False,TNC,False,0.0,False,False,False
MA4167000,MANSFIELD WATER DIVISION,PRESCOTT WELL  9,MANSFIELD,42.03950875798291,-71.19688408432397,True,True,4.3,6.2,18.6,True,False,,,2.7540871445069293,32.538583337140835,0.6989692805928713,0.16797566773182793,2.296352520267955,3,23,True,False,GW,True,0.11098428503976038,False,True,False
MA4169000,MARION WATER DIVISION,SOUTH WELL,MARION,41.723412219198956,-70.85604471912859,True,False,,,10.5,False,False,,,5.339224960742146,23.80204584485488,2.5184960168369517,4.2701719217379805,5.127408198197452,4,1,True,False,GW,True,0.18439627226223515,False,True,False
MA4171000,MARSHFIELD WATER DEPARTMENT,FURNACE BROOK WELL  4,MARSHFIELD,42.11385289266599,-70.73681750149485,True,True,7.0,4.6,17.2,True,False,,,2.7510451551025823,46.198446066281484,0.8273277652795316,0.9354146087855104,0.559319971496404,6,7,True,False,GW,True,0.044650926557417155,True,False,False
MA4172001,,WELL #2 AND WELL #3 MANIFOLDED,MASHPEE,41.61388173889093,-70.51708548650171,False,,,,,,,0.1780807952424443,Low,3.6936505275076637,4.946512262000866,3.7339825846517156,6.411227753749536,0.9945312392378727,1,0,True,False,GW,False,0.0,False,False,False
MA4172014,,CAPE COD CAMP CORPORATION,MASHPEE,41.66177740457568,-70.49209579956162,False,,,,,,,0.2339229212893619,Low,2.270166466320389,2.245753814487714,3.2978241034601705,4.115180384749475,3.76797018283363,2,1,False,False,TNC,False,0.0,False,False,False
MA4172033,,WELL  2,MASHPEE,41.632820302572554,-70.46791906226015,False,,,,,,,0.3331765037240589,Moderate,2.699919834467418,5.267794845061781,0.870111476292309,2.8836749926638383,0.7942773009122389,2,2,True,False,GW,False,0.0,False,False,False
MA4172035,,WELL  2,MASHPEE,41.66261463733339,-70.46040191826141,False,,,,,,,0.4026168465070063,Moderate,3.631244903168052,5.103109267814074,0.7451788669797879,3.432678589763383,3.9205432461486884,2,1,True,False,GW,False,0.0,False,False,False
MA4172039,MASHPEE WATER DISTRICT,HOLLAND MILLS WELL NO. 5,MASHPEE,41.59483713667116,-70.48772420972294,True,True,,,10.5,False,False,,,1.1654270068761645,2.5355464949474675,1.0074492439928633,2.3946861271355555,0.7260130853072667,2,2,True,False,GW,True,0.13528085351482408,True,True,False
MA4172043,,SEA MIST RESORT,MASHPEE,41.61030935711372,-70.48756426480642,False,,,,,,,0.1587892161634941,Low,2.432511289642552,6.027808498174452,2.307683095123412,4.01363210972708,1.4910978503829009,1,1,False,False,TNC,False,0.0,False,False,False
MA4172048,,FIT COMPANY FOR WOMEN,MASHPEE,41.65365431828626,-70.49404153892577,False,,,,,,,0.1943505877485966,Low,2.3458849391661496,2.3365438047562717,2.9974556093861686,4.6239929402133635,3.0802178741429267,2,1,False,False,TNC,False,0.0,False,False,False
MA4173000,MATTAPOISETT WATER DEPARTMENT,GP WELL  1,MATTAPOISETT,41.665216248497096,-70.84039558428645,True,False,,,10.5,False,False,,,6.622387362948895,25.02291987432061,1.9375174558347943,4.457980692145287,2.8669197432541593,3,4,True,False,GW,True,2.8601047119884686e-06,False,True,False
MA4182000,MIDDLEBOROUGH WATER SUPPLY,WILBUR FARM TEST SITE,MIDDLEBOROUGH,41.85340313917033,-70.88823171029433,True,True,11.0,5.0,25.5,True,True,,,1.3989959726337078,30.172691458503234,0.7841480647256315,0.7508850396928113,1.1100769513131643,4,11,True,False,GW,True,0.01897612726034586,True,True,False
MA4182003,,WELL  2,MIDDLEBOROUGH,41.82426198246966,-70.8830862643081,False,,,,,,,0.4963008225339066,Moderate,5.885556304735137,33.28546648516177,7.699975973527687,3.847646343326267,7.898413449737333,0,1,True,False,GW,False,0.0,False,False,False
MA4182005,,HELLS BLAZES TAVERN,MIDDLEBOROUGH,41.80794914033035,-70.78612516499977,False,,,,,,,0.6844444218884105,High,2.305057770485863,25.57280411577858,4.496444494796071,0.22898024180114265,9.593765006603483,2,9,False,False,TNC,False,0.0,False,False,False
MA4182007,,TISPAQUIN FAMILY CAMP AREA,MIDDLEBOROUGH,41.86221341043288,-70.85227208083184,False,,,,,,,0.289622670127744,Moderate,6.291054798557105,33.6157356362862,5.978171693063578,2.2819420705797144,6.008604138955631,0,1,False,False,TNC,False,0.0,False,False,False
MA4182015,,WELL 2,MIDDLEBOROUGH,41.82900879583827,-70.88106642367809,False,,,,,,,0.4863003658599121,Moderate,6.3883639624617095,33.416256254961596,7.423723738604164,3.444001496985361,7.457867330457422,0,1,True,False,GW,False,0.0,False,False,False
MA4182016,,WOODS POND CONDOMINIUMS,MIDDLEBOROUGH,41.88582106754726,-70.84781860419086,False,,,,,,,0.2461543568079045,Low,5.648678611023828,35.06439658651127,4.2717171591387935,4.805248940739088,5.43918762706485,5,1,False,False,TNC,False,0.0,False,False,False
MA4182017,,"AESCO ELECTRONICS, INC.",MIDDLEBOROUGH,41.90559060316322,-70.9722397586067,False,,,,,,,0.4716500909631475,Moderate,4.920955469261374,44.44810253171057,3.980380213485464,1.109168477415344,5.1553558220688664,3,19,False,False,NTNC,False,0.0,False,False,False
MA4197000,WANNACOMET WATER COMPANY,MILESTONE RD. WELL  #2,NANTUCKET,41.269807477332286,-70.083607550807,True,False,,,10.5,False,False,,,1.6649682392764038,56.565308793855806,7.00480710017944,2.3239026096903337,1.0024862464115392,0,2,True,False,GW,True,0.48499107550483045,False,True,False
MA4197001,,WELL NO. 6,NANTUCKET,41.26117486414552,-69.97383064006272,False,,,,,,,0.1214530076012716,Low,7.275071835904325,63.54990992213761,0.5806872391401318,6.4615978757146655,0.6454760734874695,2,0,True,False,GW,False,0.0,False,False,False
MA4197005,,WAUWINET HOUSE,NANTUCKET,41.327013951438566,-69.99702420392995,False,,,,,,,0.085912879759675,Low,9.767681111726262,57.19656234907993,7.436233002201768,8.82103922303963,7.276380768100246,0,0,False,False,TNC,False,0.0,False,False,False
MA4197008,,SURFSIDE BEACH,NANTUCKET,41.243944411614066,-70.09443846086486,False,,,,,,,0.2031352326796374,Low,3.044699588010528,58.231647440595694,7.200238091344383,3.6989874682803063,3.1053240980279644,0,2,False,False,TNC,False,0.0,False,False,False
MA4197014,,DIONIS BEACH,NANTUCKET,41.29278838122982,-70.15236188493266,False,,,,,,,0.384330955875337,Moderate,0.8827626449165298,50.97390945161288,1.867958051620799,1.7982773099080571,5.318280424643259,1,2,False,False,TNC,False,0.0,False,False,False
MA4197017,,STAR OF THE SEA YOUTH HOSTEL,NANTUCKET,41.244062106372134,-70.09786172343253,False,,,,,,,0.1895745543997948,Low,3.3125746555083717,58.0464421732874,6.95497722884553,3.9630551658717166,3.099277843872921,0,2,False,False,TNC,False,0.0,False,False,False
MA4197018,,SANKATY HEAD GOLF CLUB INC.,NANTUCKET,41.29026473638831,-69.96988520445952,False,,,,,,,0.0616062868202295,Low,8.620817340235646,61.58990049949673,3.362190342790687,7.645640572555519,2.787739053092705,2,0,False,False,TNC,False,0.0,False,False,False
MA4201000,CITY OF NEW BEDFORD DPI,LITTLE QUITTACAS POND (5) TERMINAL,NEW BEDFORD,41.78726601578311,-70.91428371596284,True,True,,,10.5,False,False,,,2.837761591720267,33.41827786811119,4.054012948522217,3.846415335964456,5.758705724518677,1,3,False,False,SW,True,0.7342494326315728,True,True,True
MA4211000,NORTH ATTLEBORO WATER DEPT,HILLMAN WELL,NORTH ATTLEBOROUGH,41.94146706226137,-71.37260440404005,True,True,9.0,8.0,27.0,True,True,,,3.9764050457467413,33.538968249388084,1.6787952542530657,0.15842062018591982,1.0678305133628485,2,34,True,False,GW,True,0.0767600224019809,True,True,False
MA4211001,,WELL 2,NORTH ATTLEBOROUGH,41.93530313730614,-71.3736435424749,False,,,,,,,0.6869830723605211,High,4.682557832548383,42.187940812624525,7.398388744318316,1.693799882481231,6.606844680647784,0,23,True,False,GW,False,0.0,False,False,False
MA4218000,NORTON WATER DEPARTMENT,WELL 6A,NORTON,41.97236300521648,-71.1400765726712,True,True,8.8,4.0,23.6,True,True,,,3.1708438300570267,38.89972528039131,0.9189251387505117,1.2195988114860536,0.9941365918795438,1,16,True,False,GW,False,0.0,False,False,False
MA4219000,NORWELL WATER DEPARTMENT,WELL # 6 REPLACEMENT,NORWELL,42.13566918213774,-70.8297477626467,True,True,9.9,18.4,37.0,True,True,,,1.375164106059486,42.07146450114138,1.361186919906571,0.4708798940305954,5.051592912092082,3,27,True,False,GW,True,3.899338029593304e-07,True,False,False
MA4220000,NORWOOD WATER DEPT. (MWRA),ELLIS WELL  2,NORWOOD,42.2053158331244,-71.18768669284034,True,False,,,10.5,False,False,,,2.049563047063238,15.107257707814775,1.6197987387203496,0.12272462716809174,2.1964039613621997,3,48,True,True,GW,True,0.529255482436259,True,True,True
MA4221000,OAK BLUFFS WATER DISTRICT,FARM NECK WELL ON TRADEWINDS RD,OAK BLUFFS,41.44482588360328,-70.5696980738739,True,True,,,10.5,False,False,,,0.3398962122965261,24.050083053476346,1.0082026823116466,0.5202892535750335,1.3332392226720058,4,4,True,False,GW,True,0.2329561301519344,True,True,False
MA4224000,ORLEANS WATER DEPARTMENT,CLIFF POND WELL  4,ORLEANS,41.75760221989002,-69.99470083878265,True,False,,,10.5,False,False,,,3.882890209993359,45.15605185425039,0.7282226395393361,1.0742435693420747,2.1814079780009243,1,3,True,False,GW,True,0.06123618337601534,True,False,False
MA4231000,PEMBROKE WATER DIVISION DPW,GP WELL  3,PEMBROKE,42.040497650224545,-70.81609476079726,True,True,,,10.5,False,False,,,1.2617359675333455,46.91696315148768,0.47416301386432763,4.241335389040536,2.170832440777024,2,1,True,False,GW,True,3.6472335529055035e-07,True,False,False
MA4238000,PLAINVILLE WATER DEPARTMENT,WELL 3D,PLAINVILLE,42.00519603051689,-71.34179441818836,True,True,4.3,5.9,16.7,True,False,,,5.319435243671223,32.4882897317835,1.7888849377106142,0.941681949210907,1.165391632364612,4,19,True,False,GW,True,0.01717918064543519,False,True,False
MA4238006,,PLAINVILLE ATHLETIC LEAGUE,PLAINVILLE,42.02063372788943,-71.3265075226257,False,,,,,,,0.2414969463308477,Low,6.912218813342698,32.71009827462123,0.9586115292479422,1.5359509835467493,1.259653461633702,4,13,False,False,TNC,False,0.0,False,False,False
MA4238013,,WENTWORTH HILLS GOLF CLUB,PLAINVILLE,42.01323400144638,-71.3773309969099,False,,,,,,,0.2362767137746814,Low,7.409725661267703,33.573440032230806,4.966904447746491,2.4563706728963552,4.190683366942168,1,6,False,False,TNC,False,0.0,False,False,False
MA4239000,"PLYMOUTH WATER DEPARTMENT, MA",SHIP POND WELL,PLYMOUTH,41.8748696437755,-70.54056636620163,True,True,,,10.5,False,False,,,0.5328882557063447,19.44541950981523,0.790505164058919,0.3768988313902837,2.1617886435690528,2,23,True,False,GW,True,0.0851985612323451,True,True,False
MA4239003,,THE NEW TESTAMENT CHURCH,PLYMOUTH,41.81372999202234,-70.55885280864207,False,,,,,,,0.2250109980899031,Low,11.49109190737985,16.040635748298417,1.2844533184884677,1.2958940041088254,5.616294892111224,1,1,False,False,NTNC,False,0.0,False,False,False
MA4239006,,PINEWOOD LODGE,PLYMOUTH,41.922226222909366,-70.73944078260068,False,,,,,,,0.1910557657908373,Low,1.7139299783511512,32.55110108052164,5.185352660852444,3.69330653192011,1.9754366739381932,0,3,False,False,TNC,False,0.0,False,False,False
MA4239007,,INDIANHEAD RESORT,PLYMOUTH,41.84562282053379,-70.54599014974487,False,,,,,,,0.1651327801958244,Low,10.514480129331925,19.51243315709442,2.4243673377177926,4.918836482374456,7.1961147109093035,1,1,False,False,TNC,False,0.0,False,False,False
MA4239010,,GP WELL FORESTRY CAMP,PLYMOUTH,41.851082067527805,-70.66183479814401,False,,,,,,,0.1017926713363523,Low,7.3831339139839836,22.520273127689943,6.378855411316653,7.583473492463688,0.6542651268002256,0,0,True,False,GW,False,0.0,False,False,False
MA4239011,,ELLIS HAVEN,PLYMOUTH,41.9110906090875,-70.7123488475027,False,,,,,,,0.2248703475689452,Low,0.35374453082389923,30.368778810091005,4.859796119839876,3.9612745630639807,1.3605203021692587,1,11,False,False,TNC,False,0.0,False,False,False
MA4239012,,BLUEBERRY HILL CAMPGROUND,PLYMOUTH,41.887828864314024,-70.69630432128763,False,,,,,,,0.1525274792356126,Low,3.2607641882164047,27.462696930176545,5.316694031286521,5.028157019309306,3.1662328296188065,0,0,False,False,TNC,False,0.0,False,False,False
MA4239013,,HEDGES POND RECREATIONAL AREA,PLYMOUTH,41.82836233965259,-70.56305271533692,False,,,,,,,0.207614580717951,Low,11.304397124497852,17.693180175656003,0.9420542472753186,2.954283638888168,7.055408407913205,1,1,False,False,TNC,False,0.0,False,False,False
MA4239017,,PLYMOUTH SO.ELEM.SCH.,PLYMOUTH,41.83578690818438,-70.60433655356526,False,,,,,,,0.1331297843304478,Low,9.32585517170534,19.17532287015133,4.446837902256654,5.416341315576761,5.48015562795285,1,0,False,False,NTNC,False,0.0,False,False,False
MA4239028,,CAMP CACHALOT (NARRAGANSETT COUNCIL),PLYMOUTH,41.81452551927991,-70.65237421956348,False,,,,,,,0.1405576918126889,Low,5.117531376314638,18.57555817652113,5.551645884013309,6.221826642975283,4.965647957857113,0,0,False,False,TNC,False,0.0,False,False,False
MA4239029,,CAMP BOURNEDALE,PLYMOUTH,41.80791068806992,-70.56742804788482,False,,,,,,,0.2568834273234548,Moderate,10.601582103019322,15.486457212470853,2.1919985819634844,1.0678012934048113,5.762909094740154,1,1,False,False,TNC,False,0.0,False,False,False
MA4239030,,THE HOME FOR LITTLE WANDERERS,PLYMOUTH,41.85580138513026,-70.58609093131173,False,,,,,,,0.1644414325661339,Low,7.703140471286246,20.98949996073992,3.9133336984337395,4.11933174260225,3.9877912656590735,2,1,False,False,NTNC,False,0.0,False,False,False
MA4239031,,"CAMP SQUANTO, BOY SCOUTS OF AMERICA",PLYMOUTH,41.82767015451182,-70.64239389643139,False,,,,,,,0.0830781705374928,Low,6.789839673279906,19.473234204584557,6.5858963583268535,7.628996046793749,3.895787663462466,0,0,False,False,TNC,False,0.0,False,False,False
MA4239034,,WIND IN THE PINES,PLYMOUTH,41.86545667683791,-70.61989424865645,False,,,,,,,0.1381500380875006,Low,5.8616629838478245,22.248170259887676,3.7948690686592252,3.910253834888922,2.0301763921513345,1,1,False,False,TNC,False,0.0,False,False,False
MA4239041,,SANDY POND CAMPGROUND,PLYMOUTH,41.79188927087255,-70.60377493926055,False,,,,,,,0.176241674974857,Low,7.202495295255861,14.540646755193892,5.263673658712758,3.8278227105356852,4.545328281300502,0,1,False,False,TNC,False,0.0,False,False,False
MA4239045,,WELL  2,PLYMOUTH,41.8299498937832,-70.58940605708112,False,,,,,,,0.4172548397788901,Moderate,9.350342196315196,16.236368659491287,3.0536763612695093,2.6281217088362863,6.424320155063806,1,1,True,False,GW,False,0.0,False,False,False
MA4239046,,PLYMOUTH SOUTH HIGH SCHOOL,PLYMOUTH,41.886102310876026,-70.6172264019724,False,,,,,,,0.1451161759660276,Low,3.63908964680817,24.841749811742297,3.0342060627838725,3.018630971722731,0.2336786749543442,1,1,False,False,NTNC,False,0.0,False,False,False
MA4239047,,PINEWOODS CAMP INC.,PLYMOUTH,41.85229862163927,-70.6009215337924,False,,,,,,,0.1357133396195753,Low,7.6201399214960865,20.871735042148618,4.58990399305955,4.7686357863625135,3.765646181465627,1,1,False,False,TNC,False,0.0,False,False,False
MA4239049,,WELL  2,PLYMOUTH,41.807693533762134,-70.5579223807279,False,,,,,,,0.4173693737890197,Moderate,11.327203851504692,15.36583320026049,1.9005525714759817,0.6210177525414041,5.11416034864353,1,1,True,False,GW,False,0.0,False,False,False
MA4239051,,WELL 1,PLYMOUTH,41.81692952136616,-70.56690053259685,False,,,,,,,0.4089896628043432,Moderate,11.006458292354528,16.471851575892984,1.4241326096473523,1.8321036501886132,6.348083505598171,1,1,True,False,GW,False,0.0,False,False,False
MA4239052,,CAMP MASSASOIT BOY SCOUTS OF AMERICA,PLYMOUTH,41.806982347128695,-70.57727263439762,False,,,,,,,0.2663199825427133,Moderate,9.795511085763966,15.527081826054223,2.7971284204691016,1.7561412086938297,6.404335794599299,1,1,False,False,TNC,False,0.0,False,False,False
MA4239053,,"WAVERLY OAKS GOLF CLUB, INC.",PLYMOUTH,41.88855720541557,-70.62148325438882,False,,,,,,,0.1963971929859388,Low,2.534905885281104,25.202224025053784,2.973798451495471,2.8725678475668137,0.6821334879381447,2,5,False,False,TNC,False,0.0,False,False,False
MA4239055,"PINEHILLS WATER COMPANY, INC.",WELL 2,PLYMOUTH,41.88583663424633,-70.59022390757146,True,True,,,10.5,False,False,,,4.732916131432191,24.330435160663814,0.9346785947443659,1.0337525222710153,2.089804163569228,1,1,True,False,GW,False,0.0,False,False,False
MA4239056,,CROSSWINDS GOLF CLUB,PLYMOUTH,41.89761111804129,-70.63017860853824,False,,,,,,,0.2070332332035614,Low,2.262100386004849,26.368421571289517,3.919963150289705,3.8657643702345528,1.9100437379083788,2,6,False,False,TNC,False,0.0,False,False,False
MA4239057,,DCR MYLES STANDISH STATE FOREST,CARVER,41.868537721676404,-70.6606048597556,False,,,,,,,0.072312216295559,Low,5.96535349486482,20.432503605911627,4.661336566430616,6.288870085874314,0.7211533890477804,1,0,False,False,TNC,False,0.0,False,False,False
MA4239058,,DCR MYLES STANDISH STATE FOREST,CARVER,41.88952204227936,-70.69481592892242,False,,,,,,,0.19275051378902,Low,2.936720143953263,27.042267491582646,4.744604810901087,4.479346488007141,3.231869111614465,1,3,False,False,TNC,False,0.0,False,False,False
MA4239060,,REDUNDANT/SECONDARY AGAWAM WELL,PLYMOUTH,41.815846317243206,-70.6421632145519,False,,,,,,,0.244073449778977,Low,5.721695215158982,18.262209249275486,6.122154441416616,6.443180215245093,4.661614400481701,0,0,True,False,GW,False,0.0,False,False,False
MA4239061,,NEW HOPE CHAPEL,PLYMOUTH,41.914538458550936,-70.65303173122335,False,,,,,,,0.3769935585028423,Moderate,2.126200388589092,28.739463966844546,1.5207086682237163,1.5342225069738302,4.575558831702968,1,8,False,False,TNC,False,0.0,False,False,False
MA4240001,,LITECONTROL CORPORATION,PLYMPTON,41.9473758122144,-70.7729596209581,False,,,,,,,0.3661013441662127,Moderate,2.555201975334385,36.38483246058326,3.019746041072024,3.8291646312424272,5.845817104435026,5,4,False,False,NTNC,False,0.0,False,False,False
MA4240002,,KERRI ANNS RESTAURANT,PLYMPTON,41.97439217097608,-70.83239745049892,False,,,,,,,0.2804494221824535,Moderate,4.031510613901504,41.630746996016875,3.284217112748142,3.7806076000384348,5.990919744647288,2,1,False,False,TNC,False,0.0,False,False,False
MA4240003,,PLYMPTON PLAZA,PLYMPTON,41.95180105504897,-70.81417854680237,False,,,,,,,0.4484698845716703,Moderate,3.0656223117281174,38.71290502855849,2.960030247872676,3.2965491087874965,7.3124716487357455,6,2,False,False,TNC,False,0.0,False,False,False
MA4240004,,DENNETT ELEMENTARY SCHOOL,PLYMPTON,41.97283542136539,-70.7989884241319,False,,,,,,,0.2855489998099778,Moderate,5.278181892178955,39.928954330624876,1.1281427258817227,1.5682254571985013,4.689386504116496,1,2,False,False,NTNC,False,0.0,False,False,False
MA4240005,,"SYSCO BOSTON, LLC",PLYMPTON,41.95121191913788,-70.76975857853675,False,,,,,,,0.3100185916188142,Moderate,2.9669325647752665,36.60656429124878,2.7213816551275745,3.94331325494754,6.031600866634293,2,5,False,False,NTNC,False,0.0,False,False,False
MA4240006,,HARVEST FARM SPRINGS PUBLIC WATER SUPPLY,PLYMPTON,41.960804047210345,-70.78104483040002,False,,,,,,,0.3000035863394985,Moderate,4.140623372075459,38.004691662749075,1.394429454711007,2.7464133701224305,5.8121919886119455,1,3,False,False,TNC,False,0.0,False,False,False
MA4240007,,FIRST CONGREGATIONAL CHURCH,PLYMPTON,41.955734678025195,-70.81541055096606,False,,,,,,,0.401872776971223,Moderate,3.5134481804953865,39.12636228382555,3.1292577254145475,3.745225439468579,6.938672141693146,6,2,False,False,NTNC,False,0.0,False,False,False
MA4240008,,WELL # 2,PLYMPTON,41.99853937479638,-70.80103524625957,False,,,,,,,0.4268440475480852,Moderate,3.702532511797829,42.446236489367124,3.125871939144984,1.8231029850831066,2.2563068848179926,2,2,True,False,GW,False,0.0,False,False,False
MA4240009,,PLYMPTON MUNICIPAL BUILDINGS,PLYMPTON,41.95733733075987,-70.81667913584889,False,,,,,,,0.3894663238837908,Moderate,3.7143137270756528,39.33223309828902,3.1198767967767136,3.819437323480319,6.827742479977074,6,2,False,False,TNC,False,0.0,False,False,False
MA4242000,PROVINCETOWN WATER DEPARTMENT,NO.TRURO USAF BASE WELL (04G),PROVINCETOWN,42.03031081657314,-70.0560838034682,True,False,,,10.5,False,False,,,10.132854444989867,55.09592377477065,4.524966941693172,7.3463984225705365,6.673720066776064,1,0,True,False,GW,True,0.1899942741288639,True,False,False
MA4244001,,DONNA RD. TUBULAR WELLS,RANDOLPH,42.13470070975945,-71.01698295460622,False,,,,,,,0.6843118257628273,High,6.22991102413841,27.74053488261232,0.7735123714183174,0.4210170203030931,1.3434010693996867,10,28,True,False,GW,False,0.0,False,False,False
MA4245000,RAYNHAM CENTER WATER DISTRICT,LAKE NIP WELL  2,RAYNHAM,41.96168698276156,-71.04677328068588,True,True,92.0,,128.4,True,True,,,6.793654291517304,46.41782355348649,0.5142028257710619,4.697141513458852,2.2961016001280075,5,7,True,False,GW,False,0.0,False,False,False
MA4245002,NORTH RAYNHAM WATER DISTRICT,KING PHILLIP ST. WELL  1,RAYNHAM,41.9388233638467,-71.08564524681508,True,True,,,10.5,False,False,,,3.0161006236538856,46.82440526505312,0.8580828964412529,0.849692238424662,2.182325526350852,5,25,True,False,GW,True,3.321110229963164e-06,False,True,False
MA4245005,,RAYNHAM ATHLETIC CLUB,RAYNHAM,41.90478783124912,-71.01837819145037,False,,,,,,,0.5138723552451087,High,3.3782474965812916,47.55313822708974,4.542205097221241,0.10083373709913641,3.322751143837895,2,28,False,False,TNC,False,0.0,False,False,False
MA4247001,,REHOBOTH SENIOR CENTER OLD,REHOBOTH,41.84800386937638,-71.24165035518118,False,,,,,,,0.1936704367379432,Low,6.689585763923911,52.57544254109935,5.580508717894443,7.285425584738779,9.651233814897166,0,0,False,False,TNC,False,0.0,False,False,False
MA4247002,,DOROTHY L BECKWITH MIDDLE SCHOOL,REHOBOTH,41.84665028762182,-71.25678607247322,False,,,,,,,0.2070093787697498,Low,7.034166293363912,52.529579176269706,4.540397408257783,7.248363624960284,9.981580628102805,1,0,False,False,NTNC,False,0.0,False,False,False
MA4247003,,K P GRILLE,REHOBOTH,41.83744426518138,-71.27703085534775,False,,,,,,,0.3357497369188036,Moderate,6.834996119261066,53.331948443641096,3.864042690494287,5.3302952038410245,10.6066305929684,3,0,False,False,TNC,False,0.0,False,False,False
MA4247004,,PINECROFT SCHOOL,REHOBOTH,41.90292777883459,-71.21624009402677,False,,,,,,,0.2696759999227929,Moderate,6.4656420573517295,47.01277672361884,1.2861370149917186,3.492974636090166,6.3307048447271885,3,2,False,False,NTNC,False,0.0,False,False,False
MA4247007,,PINE VALLEY COUNTRY CLUB,REHOBOTH,41.79946498333324,-71.26705164473275,False,,,,,,,0.5547382756025171,High,3.305408020132521,57.61674782360853,3.832503859192098,2.544190020494929,10.876588677050693,1,6,False,False,TNC,False,0.0,False,False,False
MA4247008,,WINTHROP VILLAGE PLAZA,"REHOBOTH
",41.85849796931236,-71.23078885786809,False,,,,,,,0.2343416508636445,Low,5.856557862258066,51.587563369434164,4.551299986731587,6.023428636503289,8.774153738577118,1,0,False,False,TNC,False,0.0,False,False,False
MA4247009,,REHOBOTH SENIOR CENTER,REHOBOTH,41.8402747257133,-71.22010037689371,False,,,,,,,0.2177553501380927,Low,5.017537948501707,53.7441021374663,4.825837927908014,6.196672794323931,7.953599854066223,1,0,False,False,TNC,False,0.0,False,False,False
MA4247010,,HIDDEN HOLLOW COUNTRY CLUB,REHOBOTH,41.790111545028964,-71.24728395857126,False,,,,,,,0.4402142452649565,Moderate,1.3862264099461028,58.85773661063908,2.269952211940729,3.7880172383823716,8.936722161369516,1,6,False,False,TNC,False,0.0,False,False,False
MA4247013,,MIDDLEBROOK COUNTRY CLUB,REHOBOTH,41.78896349712308,-71.24147030164238,False,,,,,,,0.3937973255778677,Moderate,0.8877869286094376,59.05379232722751,1.8636181401263614,4.260688150242701,8.451475768344848,1,4,False,False,TNC,False,0.0,False,False,False
MA4247014,,I ALIVE RESTAURANT,REHOBOTH,41.83389337361248,-71.29274572165423,False,,,,,,,0.4362281999777774,Moderate,7.347523577276853,53.597828166596166,2.7453185189026543,3.9668025158617017,10.906593216542214,4,4,False,False,TNC,False,0.0,False,False,False
MA4247015,,CRESTWOOD COUNTRY CLUB,REHOBOTH,41.823608772569095,-71.27525986923789,False,,,,,,,0.4507201004844976,Moderate,5.523028586457051,54.875509472339516,4.566310130196549,4.324819840280163,12.14934898892397,1,2,False,False,TNC,False,0.0,False,False,False
MA4247016,,SUN VALLEY C.C./RESTAURANT,REHOBOTH,41.821044719069576,-71.29395290148956,False,,,,,,,0.5654797251453464,High,6.476784487521624,55.011730806778736,3.5301194666819415,3.526814992920648,12.333101069732118,3,12,False,False,TNC,False,0.0,False,False,False
MA4247017,,HILLSIDE COUNTRY CLUB,REHOBOTH,41.8521318613367,-71.27776667749212,False,,,,,,,0.2257186348737283,Low,8.270615886184041,51.70385938591215,2.7731062540440634,5.941798377333372,8.983112470708697,3,0,False,False,TNC,False,0.0,False,False,False
MA4247018,,COUNTRY DAIRY,REHOBOTH,41.83744890082688,-71.27566472557284,False,,,,,,,0.3330856470523078,Moderate,6.77316705905419,53.34396793902371,3.975089225624433,5.43949075360131,10.621857641517751,3,0,False,False,TNC,False,0.0,False,False,False
MA4247021,,PLAZA 118,REHOBOTH,41.902724206662,-71.24914052513601,False,,,,,,,0.2215688881758933,Low,4.81352594159932,46.48074276875185,3.782846982323165,4.381340944378331,4.954089734597927,2,3,False,False,TNC,False,0.0,False,False,False
MA4247025,,CHRISTIAN LIFE CHURCH,REHOBOTH,41.79206867220644,-71.22679138646468,False,,,,,,,0.3550322231338813,Moderate,0.7553287075728282,58.72633486299764,0.6456460738734867,4.382169236858506,7.604897096007163,1,5,False,False,TNC,False,0.0,False,False,False
MA4247028,,CEDAR BROOK SCHOOL,REHOBOTH,41.864582122284595,-71.22762302943815,False,,,,,,,0.2448749719058503,Low,5.747487129310504,50.97431784488684,4.080875302477148,5.595878479302595,8.599342877753513,1,0,False,False,NTNC,False,0.0,False,False,False
MA4247029,,THE LEDGE PUB,REHOBOTH,41.86529540852637,-71.21620940300437,False,,,,,,,0.2714467161520905,Moderate,4.871285978544657,51.089455101996776,3.151211225305051,4.653864880208917,7.682042194442571,1,2,False,False,TNC,False,0.0,False,False,False
MA4247041,,PLAZA PIZZA,REHOBOTH,41.84999474833847,-71.2461548089688,False,,,,,,,0.1862604370777748,Low,7.059290594903127,52.29618668849665,5.149043470433296,7.543664729821482,9.947967039692982,0,0,False,False,TNC,False,0.0,False,False,False
MA4247043,,CUMBERLAND FARMS #2314,REHOBOTH,41.85550106042158,-71.23811424961089,False,,,,,,,0.2077790910824423,Low,6.4187671542782105,51.80499104695123,5.241471838417438,6.705438554691477,9.359053959874657,0,0,False,False,TNC,False,0.0,False,False,False
MA4247044,,OLD REHOBOTH TOWN OFFICE BUILDING,REHOBOTH,41.88705046591708,-71.19964598074012,False,,,,,,,0.3318059962279344,Moderate,5.196655212884373,49.05515389230821,2.1419597665767065,3.20763523324365,7.306546990380916,2,3,False,False,TNC,False,0.0,False,False,False
MA4247047,,REHOBOTH PUBLIC SAFETY BUILDING,REHOBOTH,41.861931050308904,-71.23766319518094,False,,,,,,,0.2195188165291407,Low,6.4866638016035205,51.108576338053815,4.963155465352897,6.473386102875903,9.090903566925727,1,0,False,False,TNC,False,0.0,False,False,False
MA4247049,,TOWN HALL ANNEX,REHOBOTH,41.864010019543265,-71.23681171349901,False,,,,,,,0.2188916688248929,Low,6.468329591686175,50.89401988676616,4.835258264329359,6.356136262772426,8.931150695969748,1,0,False,False,TNC,False,0.0,False,False,False
MA4247050,,ANAWAN JUNCTION,REHOBOTH,41.85313400822145,-71.23894400609097,False,,,,,,,0.2041667037423342,Low,6.46874818882777,52.051957521417116,5.413901868146437,6.859326597242333,9.419554780340517,0,0,False,False,TNC,False,0.0,False,False,False
MA4247051,,CAMP RAMSBOTTOM,REHOBOTH,41.85605255388717,-71.23338838102437,False,,,,,,,0.2279929987292501,Low,6.034433521501826,51.81468311411562,4.8583098875698525,6.314648296725486,8.970217093293453,1,0,False,False,TNC,False,0.0,False,False,False
MA4247052,,OLDCASTLE APG,REHOBOTH,41.78736380441721,-71.29251657163971,False,,,,,,,0.6986010627932853,High,5.078875814775005,58.750327933321344,5.11138399072327,0.05172507638046992,12.276981829890508,0,9,False,False,NTNC,False,0.0,False,False,False
MA4247053,,JOHNSON AND WALES EQUESTRIAN CENTER,REHOBOTH,41.88413872087923,-71.20766111603123,False,,,,,,,0.317415884068816,Moderate,5.399660277474475,49.20805010428891,2.5232050434884097,3.8128652577474678,7.718479041709366,2,3,False,False,TNC,False,0.0,False,False,False
MA4247054,,INDIAN HILLS PLAZA,REHOBOTH,41.83512861180922,-71.27978146686007,False,,,,,,,0.3584993853839684,Moderate,6.7558567585488145,53.56321200546713,3.704919113678761,5.042451033299337,10.834171943308842,3,0,False,False,TNC,False,0.0,False,False,False
MA4247055,,WELL  1,REHOBOTH,41.8097002069453,-71.22320708352979,False,,,,,,,0.4371713004189686,Moderate,2.6956813696478523,57.03100022523329,1.5229093166342555,6.284897356093481,8.689397488895503,1,0,True,False,GW,False,0.0,False,False,False
MA4247056,,TWIN OAKS FARM LEARNING CENTER INC,REHOBOTH,41.90256591213147,-71.2154058113718,False,,,,,,,0.2708568125607881,Moderate,6.544030612423757,47.06789004598875,1.2647725291578615,3.4583052563673906,6.367794162909542,3,2,False,False,NTNC,False,0.0,False,False,False
MA4247057,,SMPAT LLC,REHOBOTH,41.856072712285,-71.23747701692476,False,,,,,,,0.2091941312214024,Low,6.3722839886778235,51.75174729088835,5.167727983210508,6.634989313647287,9.309347013532543,0,0,False,False,TNC,False,0.0,False,False,False
MA4247058,,REHOBOTH TOWN OFFICE BUILDING,REHOBOTH,41.86144314497376,-71.23925792214604,False,,,,,,,0.1999541316356023,Low,6.605946694005077,51.13857302196845,5.105433509244384,6.614616348101242,9.070291695736321,0,0,False,False,TNC,False,0.0,False,False,False
MA4247059,,REHOBOTH MINI MART,REHOBOTH,41.81355620696478,-71.22880695579819,False,,,,,,,0.2822467141560196,Moderate,3.0435970028722052,56.52718993526401,2.0429685895262297,6.075759730906901,9.319673710416895,1,0,False,False,TNC,False,0.0,False,False,False
MA4247060,,DICKYS CLAM SHACK,REHOBOTH,41.77587555793222,-71.28192700635925,False,,,,,,,0.5951534755585596,High,4.3519316576782225,60.095749454109196,5.526999218256452,1.5156101079752835,11.074312821176743,0,8,False,False,TNC,False,0.0,False,False,False
MA4247061,,WELL # 2,REHOBOTH,41.78301825523085,-71.2136989595477,False,,,,,,,0.5700636219561586,High,1.4801276528200031,57.44290247573813,1.5582740721325035,3.31077337181399,6.13680072962045,2,7,True,False,GW,False,0.0,False,False,False
MA4247062,,HERITAGE REALTY BUILDING,REHOBOTH,41.9085048730541,-71.24965263643544,False,,,,,,,0.2634663920861754,Moderate,4.223225559982352,45.84121532874499,3.6870448013983315,3.8052175431749253,4.52232052322531,2,9,False,False,TNC,False,0.0,False,False,False
MA4247063,,FIVE BRIDGE INN,REHOBOTH,41.85680559896978,-71.29468310951447,False,,,,,,,0.2342745727661186,Low,9.437477151865725,51.04854833247435,1.4681382353634909,4.671854715043006,8.361332256006909,3,1,False,False,TNC,False,0.0,False,False,False
MA4247064,,DOLLAR GENERAL,REHOBOTH,41.83769955625155,-71.27485185147472,False,,,,,,,0.329689009309222,Moderate,6.760281846819814,53.3238741844054,4.035949013518794,5.512054577727479,10.604260892399955,3,0,False,False,TNC,False,0.0,False,False,False
MA4250002,,ROCHESTER MEMORIAL SCHOOL,ROCHESTER,41.74979557242146,-70.86639876715628,False,,,,,,,0.1729552736377881,Low,2.506828906702479,28.574078190838037,3.9380169379266503,7.810038859034108,6.935868010821918,1,0,False,False,NTNC,False,0.0,False,False,False
MA4250003,,OLD COLONY REG.VOC.TECH. HIGH SCH.,ROCHESTER,41.78609835522778,-70.86895745252521,False,,,,,,,0.3123425533719036,Moderate,1.6249013705437236,30.255490637832498,4.705224359783145,6.619829694726171,9.527406960396066,1,0,False,False,NTNC,False,0.0,False,False,False
MA4250004,,ST. ROSE OF LIMA CHURCH,ROCHESTER,41.744467791319636,-70.84816117757723,False,,,,,,,0.2030173782008211,Low,3.6766683011651002,26.948729003397645,4.263157731879063,7.257619835169899,7.50106768600874,2,0,False,False,TNC,False,0.0,False,False,False
MA4250005,,"MHC GATEWAY TO CAPE COD, LLC",ROCHESTER,41.7609410471881,-70.80021519151666,False,,,,,,,0.2287847139935798,Low,6.168229548762898,23.8945270812095,1.860953330340079,4.390207475322281,6.428655303280392,1,4,False,False,TNC,False,0.0,False,False,False
MA4250007,,SEMASS RESOURCE RECOVERY FACILITY,ROCHESTER,41.80229568867641,-70.78609457675212,False,,,,,,,0.6599037943395544,High,2.313848944089923,25.200276594389727,3.980028137607651,0.20617428965561088,9.192546164510446,1,11,False,False,NTNC,False,0.0,False,False,False
MA4250008,,SEMASS ADMINISTRATION BLDG.,ROCHESTER,41.806045687459765,-70.7861709022858,False,,,,,,,0.6670024375027693,High,2.311972029664574,25.45000802615164,4.316700520641574,0.20557602392310534,9.45949336003412,1,10,False,False,TNC,False,0.0,False,False,False
MA4250009,,ROCHESTER GOLF CLUB,ROCHESTER,41.74041046208134,-70.8386738453515,False,,,,,,,0.2043224584440848,Low,4.511422252775975,26.060326507153412,4.18942817496734,6.349869663227287,7.321102593153962,1,0,False,False,TNC,False,0.0,False,False,False
MA4250010,,PERRYS CAMPGROUND,ROCHESTER,41.75238088398286,-70.79223251465295,False,,,,,,,0.2023223958007321,Low,6.521528962174033,22.899331208447236,3.019966211168083,4.123607464269546,5.2711011310524345,1,3,False,False,TNC,False,0.0,False,False,False
MA4261000,SANDWICH WATER DISTRICT,GP WELL  2,SANDWICH,41.74544530984788,-70.4706727548066,True,False,,,21.0,False,True,,,2.256165193261428,1.5992313261460402,1.755124843589685,1.0133153393869614,1.4394216447359647,2,7,True,False,GW,True,0.002002008581161362,True,True,False
MA4261002,,PETERS POND PARK,SANDWICH,41.688617465399005,-70.48725889713424,False,,,,,,,0.162308767017292,Low,4.453406991101282,4.406992278860166,3.5056660446412886,3.6051821300455176,1.7214144322763578,1,3,False,False,TNC,False,0.0,False,False,False
MA4261004,,YMCA CAMP LYNDON,SANDWICH,41.696914499396755,-70.4443740838829,False,,,,,,,0.1644426722292896,Low,3.732879013090721,7.306895387608726,3.2416099290568607,4.261312049690523,2.4577291342381193,1,2,False,False,TNC,False,0.0,False,False,False
MA4261009,,AMARI BAR AND RISTORANTE,SANDWICH,41.72850056546888,-70.39978042687956,False,,,,,,,0.1392285868811823,Low,4.802874020496635,12.77887390711195,7.193216088726224,6.562997604190132,4.859745762600801,0,0,False,False,TNC,False,0.0,False,False,False
MA4261012,,HOLLY RIDGE GOLF CLUB,SANDWICH,41.6812055852381,-70.45504770649339,False,,,,,,,0.1880732832887983,Low,3.4077052581701492,6.083236408441745,1.6473935141814737,4.5378984146533625,3.9982186528253436,1,1,False,False,TNC,False,0.0,False,False,False
MA4261020,,SANDWICH TOWN HALL SPRING,SANDWICH,41.758054754270155,-70.50043574634864,False,,,,,,,0.1567193640595612,Low,11.004697977288686,10.319413517675592,1.8151507562091924,1.0729619883931016,1.3611595190864427,1,8,False,False,TNC,False,0.0,False,False,False
MA4261023,,DUNROAMIN CAMPGROUND AND COTTAGE COLONY,SANDWICH,41.68684367042175,-70.48384627083122,False,,,,,,,0.1584582324917138,Low,4.492686177691917,4.447497530592943,3.422316993662291,3.9891914740157026,2.067134696751959,1,3,False,False,TNC,False,0.0,False,False,False
MA4261024,UPPER CAPE REGIONAL WATER COOPERATIVE,WELL #3,SANDWICH,41.736376601756575,-70.51205225290316,True,False,,,10.5,False,False,,,7.433124513402693,6.92773577682108,1.6233380754022524,0.43644911384839813,2.1351713822931067,1,8,True,False,GW,False,0.0,False,False,False
MA4264000,SCITUATE WATER DIVISION,WELL  22  BARNES MEADOW,SCITUATE,42.191809890367196,-70.77199229373674,True,True,5.6,5.7,17.7,True,False,,,8.333487169502508,49.429971999920845,0.5544890855577121,0.5910762610008475,2.3282927227831127,4,3,True,False,GW,False,0.0,False,False,False
MA4265000,SEEKONK WATER DISTRICT,NEWMAN GP WELL 1R,SEEKONK,41.857011236096774,-71.33583616468292,True,True,,5.0,13.5,True,False,,,8.440290724952016,48.67347393954076,0.549029213430755,1.3464010792803964,6.7216572850164855,4,10,True,False,GW,True,3.932438684642522e-06,False,True,False
MA4265001,,SEEKONK SWIMMING AND TENNIS CLUB,SEEKONK,41.86896355930646,-71.30833999319393,False,,,,,,,0.2827568475726253,Moderate,8.567560935659559,49.61617088811424,0.44366768040799387,2.9096244034248646,7.10974136383428,3,3,False,False,TNC,False,0.0,False,False,False
MA4266000,SHARON WATER DEPT,GP WELL  6,SHARON,42.08799579799359,-71.19338604821283,True,True,8.1,15.0,57.1,True,True,,,1.2623853040450737,24.90935115400029,3.179661039067414,3.105556276833025,0.09544565016526278,3,15,True,False,GW,True,0.2111158312897026,False,True,False
MA4273000,SOMERSET WATER DEPARTMENT,SOMERSET RESERVOIR,SOMERSET,41.7775687391827,-71.13733670187145,True,False,,,10.5,False,False,,,1.7304201311404765,51.11884977890485,1.7092554562111588,1.1429847290213904,3.0974261851359333,4,15,True,False,GW,False,0.0,False,False,False
MA4285000,STOUGHTON WATER DEPARTMENT,GURNEY GRAVEL PACKED WELL 5,STOUGHTON,42.10516214491293,-71.12473306113893,True,True,7.3,6.3,18.7,True,False,,,0.2317856954396769,27.077715843693817,2.10467347978853,0.7929730484617266,2.4711067596864877,3,25,True,True,GW,True,0.9735927231525722,True,True,False
MA4285001,,OLD COLONY YMCA  STOUGHTON,STOUGHTON,42.1323775942958,-71.08235174599731,False,,,,,,,0.4920699998063336,Moderate,3.552034401179218,29.838967847779944,2.167161405720807,0.613359604621617,1.5235201455997638,6,31,False,True,TNC,False,0.0,False,False,False
MA4285003,,WELL 2,STOUGHTON,42.137502941910725,-71.1334018253333,False,,,,,,,0.5828097061674263,High,5.86992966957043,26.406182065975393,0.9032972339997647,0.44639308428104435,2.949638368226154,2,23,True,True,GW,False,0.0,False,False,False
MA4285007,,WELL #2,STOUGHTON,42.14340625141471,-71.08022894827626,False,,,,,,,0.6695622259637526,High,4.688333595977197,29.15265233630552,1.3580994668762476,0.6112622436603414,2.388268330439011,5,30,True,True,GW,True,0.9999999999999997,False,True,False
MA4292000,SWANSEA WATER DISTRICT,MAKER WELL 5,SWANSEA,41.75339552216662,-71.25336349181968,True,True,5.1000000000000005,,16.7,True,False,,,1.5006136056735087,55.540668847533986,2.6382680076265834,1.6860488583612412,4.413106578962929,3,8,True,False,GW,False,0.0,False,False,False
MA4292001,,AMERICAN AQUIFER,SWANSEA,41.76186817379554,-71.25351302815533,False,,,,,,,0.4932394905242535,Moderate,3.2690608670684305,60.24743586710975,4.251185988108802,2.7549355013435366,8.461492301626926,2,11,False,False,TNC,False,0.0,False,False,False
MA4293000,TAUNTON WATER DIVISION,LITTLE QUITTACAS (5),TAUNTON,41.792267600511344,-70.90862242445901,True,False,,,10.5,False,False,,,3.4622897111528315,33.41766610612302,1.811667495313262,0.5741431366533473,0.9541536087261877,3,14,True,False,SW,True,0.2794884436291491,True,True,False
MA4293004,,ROYAL PENNY,TAUNTON,41.841087304106765,-71.0064848955398,False,,,,,,,0.313235322854179,Moderate,1.6767283023863462,43.19965586240072,0.764301969016518,4.460007483202929,5.907368448346013,4,2,False,False,TNC,False,0.0,False,False,False
MA4296000,TISBURY WATER WORKS,MANTER WELL,TISBURY,41.439552464747905,-70.62442299914419,True,False,,,10.5,False,False,,,3.391950356445034,24.881260475188775,0.2526976689399304,1.8182077492890298,1.1818476047367843,4,3,True,False,GW,True,0.8036377325871227,True,True,False
MA4296001,,FOCUS STUDY CENTER,WEST TISBURY,41.430881105757095,-70.66296136366641,False,,,,,,,0.226571423121038,Low,5.844706053785544,27.642177063250237,2.229392518585379,4.480658458803363,5.106271790795108,4,2,False,False,TNC,False,0.0,False,False,False
MA4296002,,STATE ROAD RESTAURANT,WEST TISBURY,41.40403956400706,-70.6752588639671,False,,,,,,,0.1942030384470051,Low,5.240561446754444,31.022481749179953,1.009755559737995,4.787578679006229,5.30012976074192,2,1,False,False,TNC,False,0.0,False,False,False
MA4296003,,AMERICAN YOUTH HOSTEL,WEST TISBURY,41.38396459521435,-70.6558990752103,False,,,,,,,0.236792483053639,Low,3.6241930698559766,32.47237222212091,3.174258264926458,3.1390278857054263,3.5578070688783345,2,1,False,False,TNC,False,0.0,False,False,False
MA4296005,,WEST TISBURY ELEMENTARY SCHOOL,WEST TISBURY,41.40432866425819,-70.66162274054824,False,,,,,,,0.2168897953623783,Low,4.149203859571645,30.539306736659952,0.910135811547345,3.7129127479620396,4.227258070938934,2,1,False,False,NTNC,False,0.0,False,False,False
MA4296006,,LAMBERTS COVE INN AND RESTAURANT,WEST TISBURY,41.43331030560232,-70.65716183448635,False,,,,,,,0.2321121176020942,Low,5.7259581837543925,27.403277490924072,2.616465043989492,4.134939988316074,4.73313754306753,4,2,False,False,TNC,False,0.0,False,False,False
MA4296008,,WEST TISBURY TOWN HALL,WEST TISBURY,41.380392724741576,-70.67483053780248,False,,,,,,,0.2147762342875197,Low,5.255956517088984,33.4182150359808,3.465451765177774,4.769656340464914,5.189951363080182,3,1,False,False,TNC,False,0.0,False,False,False
MA4296009,,7A FOODS,WEST TISBURY,41.38191817690197,-70.67523115859161,False,,,,,,,0.2145943283284906,Low,5.24550532580276,33.27461739913893,3.3049026411048863,4.757207936755275,5.187538776949518,3,1,False,False,TNC,False,0.0,False,False,False
MA4296010,,VINEYARD FOODSHOP,WEST TISBURY,41.403415702088516,-70.67613985969157,False,,,,,,,0.1934694109702356,Low,5.296867001354888,31.116042350179136,1.1100012134294561,4.8407587593450065,5.352503752944583,2,1,False,False,TNC,False,0.0,False,False,False
MA4296011,,M.V. PUBLIC CHARTER SCHOOL,WEST TISBURY,41.41991553924755,-70.66471734350013,False,,,,,,,0.2166195175263275,Low,5.1615783319515,29.05262834810259,1.0073262389619726,4.761901638231291,5.3067903257454585,3,3,False,False,NTNC,False,0.0,False,False,False
MA4296012,,"POLLY HILL ARBORETUM, INC.",WEST TISBURY,41.39808470215091,-70.67966216628105,False,,,,,,,0.1886243472543737,Low,5.494245557077282,31.776986138738767,1.7606139514331247,5.019340179978748,5.520837765860412,2,0,False,False,TNC,False,0.0,False,False,False
MA4296015,,ISLAND CHILDRENS SCHOOL,WEST TISBURY,41.400707804813464,-70.66396681928937,False,,,,,,,0.216242502987234,Low,4.238581187121592,30.98587794622304,1.1986610543023186,3.780038978965199,4.2913783942034085,2,1,False,False,NTNC,False,0.0,False,False,False
MA4296016,,WEST TISBURY FREE PUBLIC LIBRARY,WEST TISBURY,41.381187572354264,-70.67341158655857,False,,,,,,,0.2178742565043816,Low,5.097556258411908,33.28219539976973,3.355434784802822,4.610627816293557,5.034055403387557,3,1,False,False,TNC,False,0.0,False,False,False
MA4296017,,WELL 2,WEST TISBURY,41.38478230172047,-70.65972192370138,False,,,,,,,0.4022489277463476,Moderate,3.909707253595246,32.4976599548531,2.9971667315124546,3.4214803018746287,3.8538057402956585,2,1,True,False,GW,False,0.0,False,False,False
MA4296018,,WELL #4,TISBURY,41.441514100383486,-70.63333328018966,False,,,,,,,0.4024680932173367,Moderate,4.97816590656593,25.82566703552454,1.5561169620393227,2.6595779835846822,2.5732088173562686,4,2,True,False,GW,False,0.0,False,False,False
MA4300001,,"ADVENTURE BOUND CAMPING, CC @ HORTONS",TRURO,42.03455717351737,-70.06427777099789,False,,,,,,,0.0644713657718281,Low,13.52860500515903,56.4590718754453,5.823207550427455,10.742822378689286,10.049206975335007,0,0,False,False,TNC,False,0.0,False,False,False
MA4300003,,"NORTH OF HIGHLAND CAMPING AREA, LLC",TRURO,42.04808427762144,-70.08884414045647,False,,,,,,,0.0892377750834523,Low,11.285824784861713,56.15645685756362,7.639540996940855,8.553711539035147,7.942254225300814,0,0,False,False,TNC,False,0.0,False,False,False
MA4300004,,CAPE VIEW MOTEL,TRURO,42.025461360727476,-70.07686974974283,False,,,,,,,0.0669294284981719,Low,13.029132599607426,55.00997989729696,5.360133033358827,10.18966049117132,9.399156766548588,0,0,False,False,TNC,False,0.0,False,False,False
MA4300017,,"ADVENTURE BOUND CAMPING, CAPE COD",TRURO,42.03873155555299,-70.07708262005808,False,,,,,,,0.0751768649655702,Low,12.455825533145257,56.09618292504699,6.650390901116754,9.6821311904476,9.010431891129487,0,0,False,False,TNC,False,0.0,False,False,False
MA4300019,,WHITMAN HOUSE RESTAURANT,TRURO,42.01590350097631,-70.0725404173353,False,,,,,,,0.0633930296520218,Low,13.801650950119852,54.4750355828849,4.28182403587461,10.950906343663338,10.110668583975901,1,0,False,False,TNC,False,0.0,False,False,False
MA4300020,,PILGRIM SPRING MOTEL,TRURO,42.023925847725394,-70.07600403850643,False,,,,,,,0.0654732730736512,Low,13.163219540720789,54.932360303506464,5.1779898266814,10.32100758293951,9.52192991450464,0,0,False,False,TNC,False,0.0,False,False,False
MA4300023,,DUNE CREST HOTEL INC,TRURO,42.04946885666846,-70.10949691774313,False,,,,,,,0.1077436419860374,Low,9.591153734103838,55.261196242899004,7.190837995304755,6.841522165041511,6.226855791378297,0,0,False,False,TNC,False,0.0,False,False,False
MA4300026,,TRURO MOTOR INN,TRURO,42.01268256032562,-70.07099888894334,False,,,,,,,0.0605712128131449,Low,14.082330734152825,54.303529261763295,3.9119861437926673,11.230794170331835,10.376578476511222,1,0,False,False,TNC,False,0.0,False,False,False
MA4300027,,CORN HILL CONDOMINIUMS,TRURO,42.00342868608625,-70.07935651753269,False,,,,,,,0.060356726155975,Low,14.00555431768286,53.08251702815428,3.7260407316150363,11.167115498852235,10.256011570404665,1,0,False,False,TNC,False,0.0,False,False,False
MA4300028,,LITTLE PAMET CONDOMINIUM,TRURO,42.00357494369441,-70.05546165458694,False,,,,,,,0.0476352453458894,Low,15.69585659886457,54.48582899171441,2.3632069389189954,12.84476124397362,11.97621728798609,1,0,False,False,TNC,False,0.0,False,False,False
MA4300029,,BLACKFISH RESTAURANT,TRURO,41.99564726381094,-70.05049882070954,False,,,,,,,0.0452231297922275,Low,16.49196471195725,54.168427941500475,1.3942259953048872,13.644855619595518,12.754041221285398,2,0,False,False,TNC,False,0.0,False,False,False
MA4300030,,MONTANOS RESTAURANT,TRURO,42.04560394487281,-70.09445549489723,False,,,,,,,0.0939072898394245,Low,10.905583659061884,55.74460521487815,8.029485864381567,8.14423217286395,7.499941088461926,0,0,False,False,TNC,False,0.0,False,False,False
MA4300031,,SALT AIR COTTAGES,TRURO,42.0369874871828,-70.0888560245045,False,,,,,,,0.0830984241737158,Low,11.636531649296685,55.311847859675375,6.961627351156754,8.82651371190938,8.10444374191449,0,0,False,False,TNC,False,0.0,False,False,False
MA4300033,,BABES BAKERY AND RESTAURANT,TRURO,42.03605363569261,-70.08533164000636,False,,,,,,,0.079588410213657,Low,11.946238588158165,55.42398568190748,6.728857284267979,9.1358641777483,8.411520597367204,0,0,False,False,TNC,False,0.0,False,False,False
MA4300035,,SLADEVILLE COTTAGES INC.,TRURO,41.99677521026139,-70.06217793431823,False,,,,,,,0.0476824264200761,Low,15.598292589236502,53.557912686118826,2.13877706580026,12.75676445948296,11.85131445470882,1,0,False,False,TNC,False,0.0,False,False,False
MA4300036,,CCNS TRURO NEED   AMER.YOUTH HOSTEL,TRURO,42.0014036264063,-70.02529162722354,False,,,,,,,0.0357213228446811,Low,18.026949008699788,56.130250845910695,2.2964948371888174,15.178028835537898,14.345254807156952,1,0,False,False,TNC,False,0.0,False,False,False
MA4300039,,ROSEVILLE CONDOMINIUMS,SOUTH TRURO,42.003297058479575,-70.07769286068537,False,,,,,,,0.0593227162278146,Low,14.124938384773811,53.1676967719038,3.603856710724231,11.285087620079088,10.376701904850599,1,0,False,False,TNC,False,0.0,False,False,False
MA4300040,,REPLACEMENT WELL,TRURO,42.02658776394401,-70.07795575224092,False,,,,,,,0.1419721690115677,Low,12.897191838327405,55.042179853870664,5.5134955380286295,10.059647657196184,9.274839908758503,0,0,True,False,GW,True,0.9999999999999998,True,False,False
MA4300041,,TRURO TOWN HALL,TRURO,41.99868551011532,-70.05671832723749,False,,,,,,,0.0459679667243247,Low,15.87650118351297,54.031404479694054,1.9662473963580984,13.029162185141722,12.139466116988965,1,0,False,False,TNC,False,0.0,False,False,False
MA4300042,,MAMARAZZI RESTAURANT,TRURO,42.03454746697625,-70.08127356969986,False,,,,,,,0.0754438581996487,Low,12.318921383914049,55.51902798871306,6.4107545840338505,9.506172166120113,8.775844763126338,0,0,False,False,TNC,False,0.0,False,False,False
MA4300044,,THE TRURO CENTER CONDOMINIUM,TRURO,41.99323046755625,-70.05016228788037,False,,,,,,,0.0439913856998321,Low,16.655358648092545,54.00390036399339,1.1547486243734044,13.81079004159686,12.912247546953132,2,0,False,False,TNC,False,0.0,False,False,False
MA4300045,,WHITMAN HOUSE CONDOMINIUM ASSOCIATION,TRURO,42.01656269120656,-70.07371469313382,False,,,,,,,0.0645139693831165,Low,13.683401070468793,54.46005589814181,4.398587498197122,10.832767627564534,9.993775149358465,1,0,False,False,TNC,False,0.0,False,False,False
MA4307000,WALPOLE WATER DEPT,MINE BROOK 1A GP WELL,WALPOLE,42.15154899096266,-71.25851984003243,True,True,4.0,4.0,16.0,False,False,,,3.7993186522816154,18.685050389770815,1.782383430327829,0.6996585269008921,1.451451591040815,4,18,True,False,GW,True,0.11409666820837704,False,True,True
MA4310000,WAREHAM FIRE DISTRICT,SOUTH LINE WELL 8,WAREHAM,41.80260937696257,-70.67542487361746,True,False,,,10.5,False,False,,,1.3977772082808375,16.450991877191512,2.98458183254196,2.657552921520858,4.316505786305766,2,9,True,False,GW,True,0.15255694914470153,True,True,False
MA4310003,ONSET FIRE DISTRICT,WELL # 5,WAREHAM,41.759459154717376,-70.64386296018642,True,True,,7.1000000000000005,15.6,True,False,,,3.743358162674695,13.169432891667007,5.514218017438007,0.3930250987779963,2.714954939025724,0,6,True,False,GW,True,0.24309298307667784,True,False,False
MA4310006,,BLACKMORE POND CAMPSITE,WAREHAM,41.75796517305503,-70.74826059178928,False,,,,,,,0.3728474432346498,Moderate,2.8767044201508147,19.895705440136158,3.469430340661144,1.3817623287821927,4.163602433514739,1,9,False,False,TNC,False,0.0,False,False,False
MA4310008,,MAPLE PARK CAMPGROUND LLC,WAREHAM,41.77964369618343,-70.65912747093464,False,,,,,,,0.3493543962626991,Moderate,2.426397329730701,15.700113220226257,4.497944145602107,2.323727861042414,4.568644438668136,1,7,False,False,TNC,False,0.0,False,False,False
MA4318002,,BROWNIES CABINS,WELLFLEET,41.91948112555959,-70.00663630401128,False,,,,,,,0.0254954098317501,Low,21.241336032460403,51.61570151842766,4.796567800537495,15.889684483315568,14.390500198544538,1,0,False,False,TNC,False,0.0,False,False,False
MA4318003,,DECK II CONDOS,WELLFLEET,41.91980560147402,-70.00019265052057,False,,,,,,,0.0228685810961754,Low,21.4401263611263,52.154281731638136,5.169813144304424,15.962399244873213,14.331017404134213,0,0,False,False,TNC,False,0.0,False,False,False
MA4318007,,STARFISH VACATION VILLAGE,WELLFLEET,41.92252746517548,-70.00843791808275,False,,,,,,,0.0242483067408735,Low,21.57410120770604,51.72741718881354,4.456823165215154,16.254395131812334,14.769920128387238,1,0,False,False,TNC,False,0.0,False,False,False
MA4318008,,SURF SIDE CONDOMINIUM TRUST,WELLFLEET,41.92150514301012,-69.97918684398252,False,,,,,,,0.0207441556289004,Low,22.109881857835507,53.72039897602819,6.476147047735172,16.311652680367786,14.318288415901256,0,0,False,False,TNC,False,0.0,False,False,False
MA4318010,,DRUMMER BOY CONDOMINIUMS,WELLFLEET,41.91542315049302,-69.9930551662108,False,,,,,,,0.0239157953956023,Low,21.131330327306255,52.38746277215353,5.93575449125636,15.520003677394449,13.765634255324429,0,0,False,False,NTNC,False,0.0,False,False,False
MA4318011,,OCEAN PINES CONDOMINIUMS,WELLFLEET,41.902957233619986,-69.98530550848952,False,,,,,,,0.0274537090232041,Low,19.994191752897773,52.198365455691366,6.273062043021679,14.203107061513771,12.310129555745522,0,0,False,False,TNC,False,0.0,False,False,False
MA4318019,,CHEQUESSETT VILLAGE COTTAGES,WELLFLEET,41.93256215575886,-70.04507004325812,False,,,,,,,0.0236712295576226,Low,21.281532338368716,49.952788638748025,2.0286860814029444,17.64163511757467,16.59861036785469,1,0,False,False,TNC,False,0.0,False,False,False
MA4318030,,FLYING FISH CAFE AND DELI,WELLFLEET,41.939779556001504,-70.03352437160305,False,,,,,,,0.0221633661010136,Low,21.390800058082828,51.200372617268435,1.640425170553971,18.3034178930048,17.154822635919484,1,0,False,False,TNC,False,0.0,False,False,False
MA4318031,,ENDLESS COAST HOTEL,WELLFLEET,41.92246451824756,-70.00890819592445,False,,,,,,,0.0242154702301538,Low,21.583231165157525,51.725347854384914,4.441416696950412,16.26598632981788,14.783416032369948,1,0,False,False,TNC,False,0.0,False,False,False
MA4318033,,SOUTHFLEET MOTOR INN,WELLFLEET,41.90449811853503,-69.9851787294422,False,,,,,,,0.0269870314121526,Low,20.159967968699863,52.29618896942292,6.443246621182266,14.37426288149755,12.479006452685354,0,0,False,False,TNC,False,0.0,False,False,False
MA4318035,,WELLFLEET MOTEL,WELLFLEET,41.88166642144447,-69.98811450691053,False,,,,,,,0.0407643047245072,Low,17.684375655858076,50.80984387722881,3.9459830243215612,11.827704766821943,9.999714689923714,2,0,False,False,TNC,False,0.0,False,False,False
MA4318038,,"SPRING BROOK CENTER, INC.",WELLFLEET,41.8789554891228,-69.9889276156138,False,,,,,,,0.0428811082522829,Low,17.26815159061188,50.48216225336366,3.599620327667288,11.42699782055037,9.650138905743797,2,0,False,False,TNC,False,0.0,False,False,False
MA4318040,,WELL 3,WELLFLEET,41.93307857644878,-70.0372955262867,False,,,,,,,0.049816310060176,Low,21.687827694451755,50.50096120849249,2.116208567470664,17.596447768951634,16.487423923734486,1,0,True,False,GW,False,0.0,False,False,False
MA4318047,,CCNS MARCONI AREA,WELLFLEET,41.90014788653898,-69.97819272568853,False,,,,,,,0.027131735835135,Low,19.89514107618323,52.544787294067376,5.952010830775157,13.969340359419498,11.94579658422287,0,0,False,False,NTNC,False,0.0,False,False,False
MA4318048,,DCR WELLFLEET HOLLOW CAMPGROUND,WELLFLEET,41.924475741893374,-70.00056302314582,False,,,,,,,0.0228894938369552,Low,21.950465167465886,52.42244076487528,4.801356204983459,16.49412361263592,14.861327693172301,1,0,False,False,TNC,False,0.0,False,False,False
MA4318049,,WELLFLEET BAY WILDLIFE SANCTUARY,WELLFLEET,41.88305920204912,-69.99000936698978,False,,,,,,,0.0407046696273647,Low,17.776802423931624,50.74790362183788,4.125748289109523,11.962559898481203,10.178835472820282,2,0,False,False,TNC,False,0.0,False,False,False
MA4318050,,HOG ISLAND SURF LODGE AND BEER YARD,WELLFLEET,41.899969625061075,-69.98424193098077,False,,,,,,,0.0281543392936042,Low,19.70802873285435,52.103051008404,5.936737473330438,13.885080146741231,11.97052544946445,0,0,False,False,TNC,False,0.0,False,False,False
MA4318051,,WINSLOW TAVERN,WELLFLEET,41.93865209587693,-70.03153888468474,False,,,,,,,0.0219792702009328,Low,21.596492062165243,51.25526327669107,1.8439532170598083,18.161612269276258,16.999592157901823,1,0,False,False,TNC,False,0.0,False,False,False
MA4318052,,WICKED OYSTER RESTAURANT,WELLFLEET,41.93804914381147,-70.02288067420527,False,,,,,,,0.0209309897253044,Low,22.169224519884878,51.788630875550595,2.4305856808036124,18.036557746189636,16.748690275656035,1,0,False,False,TNC,False,0.0,False,False,False
MA4318055,,BLOCK AND TACKLE,WELLFLEET,41.89251719187514,-69.98755639798347,False,,,,,,,0.0310983869724188,Low,18.827658344411635,51.44582815348707,5.112803041795685,13.01471780648686,11.16181701839051,0,0,False,False,TNC,False,0.0,False,False,False
MA4318056,,WELL 2 (WELL PIT),WELLFLEET,41.87862749718749,-69.99477132280936,False,,,,,,,0.0944365972338575,Low,17.182394966023413,50.162923188649735,3.7486213561515105,11.43421067738824,9.775365320792277,2,0,True,False,GW,False,0.0,False,False,False
MA4318057,,PILGRIM ACRES CONDO ASSOCIATION,WELLFLEET,41.91845708442478,-70.01420588136448,False,,,,,,,0.0262921839796733,Low,21.061594189434487,51.11144715954297,4.490315044585318,15.831140693773394,14.45956050916726,1,0,False,False,TNC,False,0.0,False,False,False
MA4318059,,BOOKSTORE  RESTAURANT,WELLFLEET,41.9314598452567,-70.03239208828859,False,,,,,,,0.0222803811503752,Low,22.1020638141248,50.67643793841008,2.453273298054971,17.288896097852895,16.145629575950686,1,0,False,False,TNC,False,0.0,False,False,False
MA4318063,,MAURICES CAMPGROUND INC,WELLFLEET,41.87937540096767,-69.98430616854709,False,,,,,,,0.0407018010299745,Low,17.550504271313887,50.80748191590976,3.6547060282249095,11.615733484908716,9.700845725777624,2,0,False,False,TNC,False,0.0,False,False,False
MA4318065,,BOBS SUB AND CONE,WELLFLEET,41.89956265715189,-69.98448172450608,False,,,,,,,0.0283172879224847,Low,19.65881717154852,52.06280830878557,5.8926581199528085,13.837669829776889,11.927799146180206,0,0,False,False,TNC,False,0.0,False,False,False
MA4318067,,EVENTIDE MOTEL AND COTTAGES,WELLFLEET,41.895535970479486,-69.98420015380428,False,,,,,,,0.0295831828258784,Low,19.21760199598838,51.83478144976613,5.420673822405722,13.371743157073139,11.45730847849289,0,0,False,False,TNC,False,0.0,False,False,False
MA4318068,,"THE HOLDEN INN, LLC",WELLFLEET,41.93325802392247,-70.03038233379303,False,,,,,,,0.0219481191635867,Low,22.080425974310714,50.97182685304355,2.371640952485463,17.555916450531846,16.39324780226182,1,0,False,False,TNC,False,0.0,False,False,False
MA4318070,,THE LOBSTER AND CHOWDER HOUSE,WELLFLEET,41.903865737280725,-69.98489768616918,False,,,,,,,0.0271236668820129,Low,20.100620634648042,52.279616709017226,6.3717773266447955,14.307398651774623,12.406620039976053,0,0,False,False,TNC,False,0.0,False,False,False
MA4318071,,CHEQUESSETT YACHT  COUNTRY CLUB,WELLFLEET,41.93009047865667,-70.05351667571577,False,,,,,,,0.0248997974903658,Low,21.01259780852018,49.230029689080034,2.366772508192434,17.503871155318045,16.537015399412727,1,0,False,False,TNC,False,0.0,False,False,False
MA4318073,,THE COPPER SWAN,WELLFLEET,41.93941896913082,-70.02344514578974,False,,,,,,,0.0209822008257894,Low,22.032525984793622,51.84224169829946,2.3059738894769253,18.19133448903039,16.90782445021468,1,0,False,False,TNC,False,0.0,False,False,False
MA4318074,,DRUMMER COVE COTTAGES,WELLFLEET,41.916161949506446,-69.99607966570956,False,,,,,,,0.0238840319233001,Low,21.144823441222435,52.217653955949324,5.6869950644654645,15.586547133810575,13.887622243383683,0,0,False,False,TNC,False,0.0,False,False,False
MA4318075,,THE BOX LUNCH,WELLFLEET,41.9405490394301,-70.03300952259113,False,,,,,,,0.0238641257002327,Low,21.363326894708734,51.286267579088474,1.6076530311771569,18.38379401418312,17.23005902524452,2,0,False,False,TNC,False,0.0,False,False,False
MA4318076,,CSHORE,WELLFLEET,41.89252454046322,-69.9868794408651,False,,,,,,,0.0309727186902598,Low,18.85493087211732,51.494802818541174,5.128787778739493,13.037082851401644,11.17678471398049,0,0,False,False,TNC,False,0.0,False,False,False
MA4318077,,P.B. BOULANGERIE BISTRO,WELLFLEET,41.91710647501291,-69.98925011000537,False,,,,,,,0.0229874779018195,Low,21.397536406011614,52.754062993949226,6.058656419597039,15.731596312388882,13.90945416357302,0,0,False,False,TNC,False,0.0,False,False,False
MA4318080,,MOBY DICKS RESTAURANT,WELLFLEET,41.94765793591443,-70.03308867437424,False,,,,,,,0.0257483570216557,Low,20.826541942796585,51.76574005354724,1.1821500563292437,18.066047130198033,17.091000591038032,2,0,False,False,TNC,False,0.0,False,False,False
MA4318081,,THE WELLFLEET BEACHCOMBER,WELLFLEET,41.94406034471835,-69.98518736754887,False,,,,,,,0.0153961949407461,Low,24.176173790465263,54.71028937241945,5.156200340677388,18.743583963812622,16.853028585257672,0,0,False,False,TNC,False,0.0,False,False,False
MA4318082,,CCNS TRURO PILGRIM HEIGHTS,TRURO,42.05427534811769,-70.10425571917905,False,,,,,,,0.1057588397353102,Low,9.891008904041646,55.95146846584384,7.560188371340722,7.203725556428386,6.658390182897046,0,0,False,False,TNC,False,0.0,False,False,False
MA4318083,,CCNS SALT POND VISITOR CTR.,EASTHAM,41.83786060736669,-69.97110199689146,False,,,,,,,0.0585241427182902,Low,13.674222052642591,49.92780417935113,1.2485035338553423,7.360562412881636,5.005107927911473,2,0,False,False,TNC,False,0.0,False,False,False
MA4318084,,CCNS COAST GUARD STATION,WELLFLEET,41.843689227820796,-69.94794818705174,False,,,,,,,0.0497812160238571,Low,14.394622178492932,51.950216994314225,2.728693899522958,8.770767133706775,5.899698655884473,2,0,False,False,TNC,False,0.0,False,False,False
MA4318087,,CCNS HEMENWAY LANDING,EASTHAM,41.822326869569615,-69.96504967889413,False,,,,,,,0.0702703425989228,Low,11.94291764993132,49.73734694996856,2.987409285741545,6.005498205118416,3.287420637171631,2,0,False,False,TNC,False,0.0,False,False,False
MA4318088,,CCNS NAUSET LIGHT BEACH,EASTHAM,41.85816937032392,-69.95256038146056,False,,,,,,,0.0428839326576119,Low,15.963308621856287,52.25600540930439,2.6582159068864626,10.029457984348387,7.375537438461424,2,0,False,False,TNC,False,0.0,False,False,False
MA4318089,,CCNS HIGHLAND AREA (TRURO),TRURO,42.038025823776294,-70.06411450931176,False,,,,,,,0.0649842030115503,Low,13.552094966750971,56.75321052970187,6.185607695654962,10.77748773431238,10.098961696412474,0,0,False,False,TNC,False,0.0,False,False,False
MA4318090,,CCNS HEAD OF MEADOW BEACH,TRURO,42.04772545697161,-70.08348853449053,False,,,,,,,0.0849738330916104,Low,11.726315072541047,56.50796727682396,7.786227988213177,8.997985462103662,8.38717500558976,0,0,False,False,TNC,False,0.0,False,False,False
MA4318091,,WELL  1,WELLFLEET,41.910279479308265,-70.00526106038942,False,,,,,,,0.0592122254160863,Low,20.326351428533926,51.22692604951051,5.6613008920859205,14.91110245576028,13.396199084477074,0,0,True,False,GW,False,0.0,False,False,False
MA4318092,,WELLFLEET LODGE,WELLFLEET,41.8823531448703,-69.98427334377716,False,,,,,,,0.0394308851712371,Low,17.86598221971699,51.12377617379713,3.983151685761146,11.943103786570873,10.02737253712093,2,0,False,False,TNC,False,0.0,False,False,False
MA4318093,,SALTBOX COTTAGES CONDOMINIUM,WELLFLEET,41.9250695782742,-70.01009127603042,False,,,,,,,0.0232718279110504,Low,21.847462455288877,51.8086060774859,4.169359845973056,16.556972343052674,15.087520056295688,1,0,False,False,TNC,False,0.0,False,False,False
MA4318094,,WELL  3,WELLFLEET,41.95791054296465,-70.02471094618382,False,,,,,,,0.0549316105979533,Low,20.632549744760436,52.42730955414646,1.9886671557934392,17.44649042724732,15.929096321929459,2,0,True,False,GW,False,0.0,False,False,False
MA4318095,,BAGEL HOUND INC,WELLFLEET,41.90333792546339,-69.98509890896845,False,,,,,,,0.0273041582721632,Low,20.03972348581702,52.23493518299411,6.313837094464305,14.247167569850578,12.349173864800713,0,0,False,False,TNC,False,0.0,False,False,False
MA4318096,,BLACKFISH VARIETY,WELLFLEET,41.91736257791162,-69.99432282578783,False,,,,,,,0.0232967250908217,Low,21.311290577310483,52.41653275390625,5.715080345201813,15.728112310004969,13.996050278369319,0,0,False,False,TNC,False,0.0,False,False,False
MA4318097,,VAN RENSSELAERS,WELLFLEET,41.90502998226851,-69.98532257454802,False,,,,,,,0.0268575570775881,Low,20.212350188791994,52.316756474680744,6.502929788016959,14.431470178665828,12.539042139570105,0,0,False,False,TNC,False,0.0,False,False,False
MA4318098,,CAPE COMMERCE NOMINEE TRUST,WELLFLEET,41.92888697934327,-70.01716034968756,False,,,,,,,0.0222451889595788,Low,22.159283202312636,51.57092257939097,3.4479936541483163,16.996634021839476,15.641827770198788,1,0,False,False,TNC,False,0.0,False,False,False
MA4318099,,THE FLEETIAN,WELLFLEET,41.93710915504593,-70.03006996736875,False,,,,,,,0.0218531068252353,Low,21.802732366500084,51.24894834977938,2.0525387828780994,17.979138023149883,16.808134637791632,1,0,False,False,TNC,False,0.0,False,False,False
MA4318100,,THE ANGRY TOMATO,WELLFLEET,41.9252448821313,-70.01272719054414,False,,,,,,,0.0233615412335612,Low,21.825190824928537,51.640159520130396,3.999074824297419,16.582255981976207,15.158030043774355,1,0,False,False,TNC,False,0.0,False,False,False
MA4318103,,OUTER CAPE HEALTH SERVICES INC.,WELLFLEET,41.94601060851553,-70.03026703158807,False,,,,,,,0.024986112625143,Low,21.12299672721514,51.837192060834134,1.4634146860183612,18.36164106616087,17.387010192408017,2,0,False,False,TNC,False,0.0,False,False,False
MA4318107,,WELL 1,WELLFLEET,41.9263356767214,-70.0051476810274,False,,,,,,,0.0493814588327493,Low,22.06824871612812,52.225891565361046,4.388421687629029,16.694474419604038,15.136556979159518,1,0,True,False,GW,False,0.0,False,False,False
MA4318108,,SOUTH WELLFLEET GENERAL STORE,WELLFLEET,41.9162805865508,-69.98812472541273,False,,,,,,,0.0231934970148776,Low,21.33584929703894,52.78291570290907,6.188753468131636,15.648873382513461,13.807084349286468,0,0,False,False,TNC,False,0.0,False,False,False
MA4318109,,WELLFLEET MARKET PLACE,WELLFLEET,41.937826807915755,-70.03108304590565,False,,,,,,,0.0219452092782571,Low,21.68692238256111,51.2299681075665,1.9370662316665215,18.066627985475776,16.902362586710076,1,0,False,False,TNC,False,0.0,False,False,False
MA4318110,,NEWCOMB HOLLOW BEACH,WELLFLEET,41.96271436185606,-69.99716669363283,False,,,,,,,0.0237949941217648,Low,22.180875020166223,55.14283712469201,4.316286814070625,19.34244799161587,18.42953651128862,2,0,False,False,TNC,False,0.0,False,False,False
MA4318111,,WHITE CREST BEACH,WELLFLEET,41.93425427222861,-69.98045428600523,False,,,,,,,0.017236418994388,Low,23.430724171526506,54.413128645383544,5.793351813541122,17.70239281564996,15.738129424298767,0,0,False,False,TNC,False,0.0,False,False,False
MA4318112,,MAGUIRE LANDING BEACH,WELLFLEET,41.922145590115335,-69.97513382413969,False,,,,,,,0.0202821770406695,Low,22.28317304110058,54.04169992150705,6.735004782507919,16.42448608550383,14.372414905989078,0,0,False,False,TNC,False,0.0,False,False,False
MA4318113,,GULL POND BEACH,WELLFLEET,41.95500608960532,-70.01246281087704,False,,,,,,,0.0244369330260041,Low,21.634988325764358,53.61593924825557,2.8783923160333016,18.822702160786633,17.878682210383054,2,0,False,False,TNC,False,0.0,False,False,False
MA4318116,,GESTALT INTERNATIONAL STUDY CENTER,WELLFLEET,41.91041505402506,-69.9851936251863,False,,,,,,,0.0251346537478264,Low,20.784713726393903,52.640000680215635,6.792836717673757,15.02668732729981,13.132450213404443,0,0,False,False,TNC,False,0.0,False,False,False
MA4318118,,HIAWATHA CONDOMINIUMS,WELLFLEET,41.91513246392691,-70.02736367957576,False,,,,,,,0.0288414743096757,Low,20.489388691622278,49.979499365085864,4.272899132555895,15.497401609514176,14.341219366288751,1,0,False,False,TNC,False,0.0,False,False,False
MA4318119,,"WELLFLEET COMMERCE CENTER, LLC",WELLFLEET,41.92827197502146,-70.01608058090684,False,,,,,,,0.0224156218779987,Low,22.106909094222768,51.60601059951162,3.564740734494198,16.925253921189,15.552830170110147,1,0,False,False,TNC,False,0.0,False,False,False
MA4318121,,OUR LADY OF LOURDES CHURCH,WELLFLEET,41.92684368696249,-70.01173535366391,False,,,,,,,0.022695927536797,Low,22.01494562291978,51.80927183634322,3.9353356707106166,16.757236282734667,15.310834341049832,1,0,False,False,TNC,False,0.0,False,False,False
MA4322000,WEST BRIDGEWATER WATER DEPT,NORMAN  2,WEST BRIDGEWATER,42.03419116140699,-71.00154880049361,True,True,5.5,,14.0,True,False,,,1.3375330098454543,41.28413634825416,2.4614324945563877,0.8870816329815095,3.244097655770241,4,16,True,False,GW,True,2.6805051094695618e-05,False,True,False
MA4322001,,FORBES SPRING (SOURCE),WEST BRIDGEWATER,42.0296476049993,-71.00228124599337,False,,,,,,,0.4181475384367049,Moderate,1.8098619767023758,42.63154736769527,3.153061878870922,2.084029595463478,3.7592806827165375,4,14,False,False,TNC,False,0.0,False,False,False
MA4334000,,ACOAXET WATER COMPANY INC.,WESTPORT,41.50427200476442,-71.10759655238485,False,,,,,,,0.0388775571732315,Low,5.834607118384524,50.78282288197869,7.569137690285519,12.408539960498857,4.607597891353675,0,0,False,False,TNC,False,0.0,False,False,False
MA4334001,,WESTPORT HARBOR WATER ASSOCIATION INC,WESTPORT,41.5072430957439,-71.09929970333614,False,,,,,,,0.041449073155631,Low,5.117268561527643,50.017447232766706,7.427315311961235,11.820416047010152,3.9124575555079923,0,0,False,False,NTNC,False,0.0,False,False,False
MA4334004,,ALICE A MACOMBER PRIMARY SCHOOL,WESTPORT,41.65312840342766,-71.02595499031632,False,,,,,,,0.5606331430311857,High,1.9781427483891798,40.51801772945502,1.3663511773671098,0.8321785727839344,5.527902264055687,5,14,False,False,NTNC,False,0.0,False,False,False
MA4334006,,DURFEE LANES INC,WESTPORT,41.67145912929222,-71.10374443667706,False,,,,,,,0.4015728535875353,Moderate,3.076186872063692,46.94719092694477,3.075527334540725,1.6317385561129356,4.946914585102671,2,10,False,False,TNC,False,0.0,False,False,False
MA4334008,,LEES SUPERMARKET,WESTPORT,41.580557576388536,-71.08896101051158,False,,,,,,,0.2179596162817007,Low,2.4477611476379058,46.81444448971411,0.9793722242187494,7.477922727424559,8.813881367148515,1,0,False,False,NTNC,False,0.0,False,False,False
MA4334009,,ADMINISTRATION BLDG TOWN HALL ANNEX,WESTPORT,41.57696484308277,-71.08997225556972,False,,,,,,,0.204614923795056,Low,2.554915709737345,46.87227510941414,0.7328290998077432,7.511869759972315,8.471391696098111,1,0,False,False,TNC,False,0.0,False,False,False
MA4334010,,ST GEORGE SCHOOL,WESTPORT,41.636286804749844,-71.05099385618195,False,,,,,,,0.3589994711490686,Moderate,1.0296174680624557,42.73009762030142,1.9422586931962142,3.7506777135664175,6.480883310946549,1,7,False,False,NTNC,False,0.0,False,False,False
MA4334011,,WESTPORT MIDDLE SCHOOL,WESTPORT,41.623012786026734,-71.0656661414709,False,,,,,,,0.3222997275002038,Moderate,2.7962025033163376,44.10231960587033,3.6815654909459044,4.3789532678999885,7.458697347449958,1,3,False,False,NTNC,False,0.0,False,False,False
MA4334012,,WESTPORT SCHOOL ADMINISTRATION,WESTPORT,41.62189865883741,-71.08158881163057,False,,,,,,,0.3669695887309614,Moderate,3.37507590540372,45.377530109541205,4.859614846018896,4.237209677519148,8.719929147653287,1,2,False,False,NTNC,False,0.0,False,False,False
MA4334014,,TOWN OF WESTPORT SELECTMENS OFFICE,WESTPORT,41.57946635179489,-71.08923664773964,False,,,,,,,0.2122576883690488,Low,2.5394265195111116,46.86312920823721,0.890704102110532,7.505694965554601,8.708333974356385,1,0,False,False,TNC,False,0.0,False,False,False
MA4334015,,WESTPORT VILLAGE COMMONS,WESTPORT,41.58235525962484,-71.08712013300696,False,,,,,,,0.2318957187062134,Low,2.2069499118498355,46.621815508748,1.0977535200947164,7.320763735657125,8.950697430099119,1,0,False,False,TNC,False,0.0,False,False,False
MA4334018,,WESTPORT PLAZA,WESTPORT,41.657592990804346,-71.07975762574677,False,,,,,,,0.5236487581808845,High,3.9524954298738364,44.97535822461474,2.9610335380909145,0.43219777877622706,7.440802809294452,3,2,False,False,TNC,False,0.0,False,False,False
MA4334019,,ELLIES PLACE,WESTPORT,41.54881794106864,-71.09227421613626,False,,,,,,,0.1167290729378746,Low,3.0656304586297605,47.962999870676036,2.793692211354604,8.615209128670486,5.7933453606630625,1,0,False,False,TNC,False,0.0,False,False,False
MA4334020,,WESTPORT CAMPING GROUNDS,WESTPORT,41.62346634708938,-71.06877128251396,False,,,,,,,0.3302679382492887,Moderate,2.934828001920161,44.312158480472405,3.832006619727804,4.240075604105809,7.681737431960326,1,2,False,False,TNC,False,0.0,False,False,False
MA4334024,,TEN COUSINS,WESTPORT,41.57049017837632,-71.09085470203165,False,,,,,,,0.1825013306765046,Low,2.386093090177846,47.22132957464294,0.7141687642674268,7.751399509689047,7.837545721891693,1,0,False,False,TNC,False,0.0,False,False,False
MA4334026,,ALL FRIENDS SMOKEHOUSE / ALS CAFE,WESTPORT,41.62777319940137,-71.095016483296,False,,,,,,,0.4058948875206788,Moderate,3.5125120840289097,46.47312299215148,5.730214474902756,3.700106719748996,9.44127395892912,0,2,False,False,TNC,False,0.0,False,False,False
MA4334027,,BAYSIDE RESTAURANT,WESTPORT,41.508029767586486,-71.02510834758115,False,,,,,,,0.0898460679728932,Low,0.6509071842558417,44.26991903380945,8.124834432716318,8.562421291295092,2.2940643676404653,0,0,False,False,TNC,False,0.0,False,False,False
MA4334028,,CALVARY BIBLE CHURCH,WESTPORT,41.643688671015006,-71.0537883531322,False,,,,,,,0.4430656042223448,Moderate,1.3820254932187348,42.89568358500644,2.125121837272628,3.089703342961505,6.969407018603331,3,7,False,False,TNC,False,0.0,False,False,False
MA4334030,,LEXI LUS PLACE,WESTPORT,41.63478860241238,-71.05422696078827,False,,,,,,,0.3640296412126703,Moderate,1.3318717623391514,43.01369406639774,2.2481601579413897,3.731892955818001,6.6980076970084745,1,7,False,False,TNC,False,0.0,False,False,False
MA4334031,,DCR HORSENECK BEACH STATE RESERVATION,WESTPORT,41.50581335842937,-71.04478454087514,False,,,,,,,0.0564601174086333,Low,0.7124096671162221,45.87184071420724,7.854904845714888,9.289987477260189,0.2863682810439496,0,0,False,False,TNC,False,0.0,False,False,False
MA4334032,,DCR HORSENECK BEACH CAMPGROUND,WESTPORT,41.501585778490615,-71.04259880424209,False,,,,,,,0.0577231147885075,Low,0.9867031084861961,45.89528987419363,8.615097756460198,9.700491809317977,0.9636594907873097,0,0,False,False,TNC,False,0.0,False,False,False
MA4334033,,BUDS BY THE BEACH,WESTPORT,41.51306624912777,-71.06852487066186,False,,,,,,,0.0535128729189733,Low,2.565683098995049,47.39028816121736,6.762436814350423,9.646716827284344,1.5486979568401884,0,0,False,False,TNC,False,0.0,False,False,False
MA4334035,,OUR LADY OF GRACE CHURCH,WESTPORT,41.6488828496082,-71.1078291559518,False,,,,,,,0.4337136367953224,Moderate,1.5061303702472053,47.29328877152672,4.910015411416384,2.3083373148971726,6.865371509539575,1,3,False,False,TNC,False,0.0,False,False,False
MA4334037,,LICKETY SPLITS,WESTPORT,41.65609194791939,-71.07702860546593,False,,,,,,,0.5257778042614223,High,3.7467198991443453,44.754145853506564,3.073048228004856,0.7139727290012374,7.719781405787323,3,2,False,False,TNC,False,0.0,False,False,False
MA4334040,,V F W POST 8502,WESTPORT,41.652175708130976,-71.06984707049405,False,,,,,,,0.5362454992714578,High,3.009329721945258,44.17508579312455,3.457672974925038,1.4534705127620233,8.452271373996513,3,2,False,False,TNC,False,0.0,False,False,False
MA4334042,,"COMPTON CLAMBAKES, LLC",WESTPORT,41.59935745344954,-71.07656089919848,False,,,,,,,0.2751427583880952,Moderate,1.1358743251111327,45.3915940511344,2.978040948618839,6.701320363733883,8.674923731764283,1,0,False,False,TNC,False,0.0,False,False,False
MA4334044,,WESTPORT BOWLAWAY/LOUNGE  INACT.,WESTPORT,41.66817082503575,-71.10771854516335,False,,,,,,,0.4203184395189085,Moderate,2.5858376365024935,47.279513517708764,3.5359752880683812,1.7907216462510673,5.022748695811683,2,12,False,False,TNC,False,0.0,False,False,False
MA4334049,,MEDITERRANEAN RESTAURANT,WESTPORT,41.63350701225845,-71.06358863733004,False,,,,,,,0.3825471396584895,Moderate,2.1219127785059704,43.80373131653226,3.0361061947514316,3.3922570634962868,7.427618627662279,1,4,False,False,TNC,False,0.0,False,False,False
MA4334052,,HANDY HILL CREAMERY,WESTPORT,41.56992354844452,-71.08682259723336,False,,,,,,,0.1825835335536656,Low,2.713032782194942,46.9097527484057,0.4679254741243843,7.432242255033126,7.647751958298497,1,0,False,False,TNC,False,0.0,False,False,False
MA4334053,,ACOAXET CLUB,WESTPORT,41.51150907962835,-71.10853579636336,False,,,,,,,0.0418301606716063,Low,5.883345708268721,50.56793361716986,7.1530691542310185,12.060478533789038,4.719874679731806,0,0,False,False,TNC,False,0.0,False,False,False
MA4334059,,WELL #2,WESTPORT,41.55996748147614,-71.12381178181604,False,,,,,,,0.2662758279921706,Moderate,0.9308989938071023,50.15570873698453,3.701380858820946,10.66691313338592,8.309782872957227,1,0,True,False,GW,False,0.0,False,False,False
MA4334065,,BITTERSWEET FARM INC,WESTPORT,41.59891869271386,-71.08468632734167,False,,,,,,,0.28301750536404,Moderate,1.720839884489993,46.06707132764122,2.882560727472773,6.785833474322782,9.34172379302699,1,0,False,False,NTNC,False,0.0,False,False,False
MA4334066,,PERRYS BAKERY,WESTPORT,41.567700912450874,-71.0916834597239,False,,,,,,,0.1744436677829198,Low,2.295356488553028,47.36282035118155,0.934390351850974,7.879053342765838,7.58548636870673,1,0,False,False,TNC,False,0.0,False,False,False
MA4334070,,BAYSIDE WATER ASSN.,WESTPORT,41.509395901163224,-71.02708846222251,False,,,,,,,0.0909351648123855,Low,0.4377290303220859,44.35920223138975,8.021555600665197,8.459362861515794,2.150171790705106,0,0,False,False,TNC,False,0.0,False,False,False
MA4334073,,WESTPORT COUNTRY DAY SCHOOL,WESTPORT,41.64391305970485,-71.05171822605587,False,,,,,,,0.4322901312522392,Moderate,1.2421472796242694,42.721882958558645,1.958528369993174,3.2170034710221884,6.819389984400122,3,7,False,False,NTNC,False,0.0,False,False,False
MA4334075,,WESTPORT LEGION LLC,WESTPORT,41.633096493656744,-71.07653669877479,False,,,,,,,0.4156732500609096,Moderate,3.186600480500578,44.88209025920216,4.094034562044732,3.0504005468378175,8.479849351396066,1,2,False,False,NTNC,False,0.0,False,False,False
MA4334076,,WESTPORT YACHT CLUB INC.,WESTPORT,41.5127884850888,-71.0761714486801,False,,,,,,,0.0510230597169502,Low,3.19557355571991,47.99504519778727,6.709111954998535,10.065325560025958,2.1145151286761195,0,0,False,False,TNC,False,0.0,False,False,False
MA4334078,,WELL #2,WESTPORT,41.65306616507909,-71.06886530801812,False,,,,,,,0.7376366157111665,High,2.992957591327564,44.08876181132401,3.360812947090899,1.4597852250578631,8.443830711095393,4,2,True,False,GW,False,0.0,False,False,False
MA4334079,,WESTPORT SENIOR CENTER,WESTPORT,41.62483622761054,-71.05567174387375,False,,,,,,,0.3191732185907153,Moderate,2.0384686592504138,43.25110227955519,2.885648128542599,4.115836331896944,6.639262674845397,1,4,False,False,TNC,False,0.0,False,False,False
MA4334080,,WESTPORT CLUB INC.,WESTPORT,41.57429139155354,-71.09038547363002,False,,,,,,,0.1931574673518267,Low,2.5157464609863913,47.08487792177434,0.6363096928075888,7.650015323084056,8.209456499332434,1,0,False,False,TNC,False,0.0,False,False,False
MA4334082,,CENTRAL VILLAGE CONDO C/O BRADSHAW INS.,WESTPORT,41.58192012036338,-71.09112344602981,False,,,,,,,0.2173612956870421,Low,2.5139405203378815,46.95777757547439,1.1986503157751665,7.653312862879998,9.013281367336432,1,0,False,False,TNC,False,0.0,False,False,False
MA4334083,,PRIMA CARE (KLRC REALY TRUST),WESTPORT,41.57949403169819,-71.09301815793555,False,,,,,,,0.2053696092510897,Low,2.5522654847738724,47.170310712395214,1.1079177591103357,7.82057344963644,8.827299946996849,1,0,False,False,NTNC,False,0.0,False,False,False
MA4334084,,"F.L. TRIPP AND SONS, INC.",WESTPORT,41.51209633784092,-71.07740787582046,False,,,,,,,0.0499884427073177,Low,3.2748732850164086,48.10773687095938,6.77788423623493,10.187049320767983,2.168906031973462,0,0,False,False,TNC,False,0.0,False,False,False
MA4334086,,THE BACK EDDY,WESTPORT,41.513093255880754,-71.06852449963847,False,,,,,,,0.0535452879836649,Low,2.566077625567723,47.38914759005801,6.759490686358765,9.644294598926972,1.550173983906612,0,0,False,False,TNC,False,0.0,False,False,False
MA4334087,,WILD HONEY CAFE @ SOARES FUNCTION HALL,WESTPORT,41.5872677234998,-71.08878859575552,False,,,,,,,0.2477049271418744,Low,2.081017557328371,46.645542096784304,1.659865118238137,7.477149532942952,9.512099089888629,1,0,False,False,TNC,False,0.0,False,False,False
MA4334088,,WELL #2,WESTPORT,41.58138922567533,-71.09450661768071,False,,,,,,,0.3719818909759331,Moderate,2.5121999898791856,47.24654795427991,1.3081289078390606,7.93795943607775,9.015914658520808,1,0,True,False,GW,False,0.0,False,False,False
MA4334089,,PARTNERS VILLAGE STORE,WESTPORT,41.57709575343751,-71.09268846395653,False,,,,,,,0.1995117920973398,Low,2.449957196938931,47.20182330241577,0.9314236775427596,7.809768909689437,8.571100751455814,1,0,False,False,TNC,False,0.0,False,False,False
MA4334091,,COAKSETT COMMONS,WESTPORT,41.650675702696844,-71.06807481207466,False,,,,,,,0.5322401926088025,High,2.797717827546478,44.035945348977485,3.4653730519919552,1.5528743617444216,8.368055293355122,3,2,False,False,NTNC,False,0.0,False,False,False
MA4334092,,WELL # 1,WESTPORT,41.63312440041866,-71.05045427985809,False,,,,,,,0.5563890448536347,High,1.115412344910733,42.7186145825565,2.023825039015228,3.656858564378072,6.349089347869951,1,7,True,False,GW,False,0.0,False,False,False
MA4334093,,WEATHERLOW FARMS,WESTPORT,41.583993609063576,-71.11510255378899,False,,,,,,,0.223746674616602,Low,1.8525888795241636,48.8682500753235,2.9466480335741334,8.83643795274111,10.108710078091885,1,0,False,False,TNC,False,0.0,False,False,False
MA4334094,,WESTPORT SCHOOLS COMPLEX,WESTPORT,41.622758534296935,-71.06221734987015,False,,,,,,,0.3246171541304399,Moderate,2.5914377068542223,43.8204968657077,3.4600369385052763,4.053133783630962,7.170363884545769,1,2,False,False,NTNC,False,0.0,False,False,False
MA4334095,,THE WESTPORTER,WESTPORT,41.56779531038339,-71.09178775767695,False,,,,,,,0.1746784460225314,Low,2.2867305762028938,47.36871263553057,0.9346866898386621,7.885350850481171,7.598699900878524,1,0,False,False,TNC,False,0.0,False,False,False
MA4334096,,SILVERBACK CROSSING,WESTPORT,41.63445249631924,-71.06928446651003,False,,,,,,,0.4002194053450368,Moderate,2.5654698195894396,44.26637394866065,3.471553329757203,3.086355266231261,7.913633089926989,1,2,False,False,TNC,False,0.0,False,False,False
MA4336000,WEYMOUTH WATER DEPARTMENT,WHITMANS POND,WEYMOUTH,42.21078212894018,-70.92958382549683,True,True,,,10.5,False,False,,,2.8215364215445637,35.05154851893397,0.7238631677211737,0.14727324887616738,0.4469506104401432,6,40,True,False,GW,True,0.3493240290253781,True,True,True
MA4338000,WHITMAN WATER SYSTEM,BEAR MEADOW BEDROCK WELL,WHITMAN,42.06786036048546,-70.91804782628161,True,True,,,10.5,False,False,,,7.957363720987789,44.85253702729539,2.686697236866585,2.6861782662416176,2.245913934120073,3,9,False,False,PW,True,3.0647069883095344e-08,True,True,True
MA4338002,,WELL A,WHITMAN,42.06650532860388,-70.95471197497797,False,,,,,,,0.5192079785646169,High,5.098486496694504,42.593653922291416,2.32530619913671,1.5679127188439403,1.912482132030233,5,15,True,False,GW,False,0.0,False,False,False
MA4350000,WRENTHAM WATER DIVISION,FRANKLIN ST. WELL  3,WRENTHAM,42.072609057098056,-71.35075730950666,True,True,5.7,4.4,16.6,True,False,,,3.7397915119538307,26.878300119171975,1.0771415462792064,1.4204331868009579,1.5112896996236966,7,15,True,False,GW,False,0.0,False,False,False
MA4350001,,NORFOLK WELL #2,WRENTHAM,42.094149277236944,-71.32178523803623,False,,,,,,,0.5067918803399966,High,4.8717089834716125,24.584670475424268,0.6520059415574354,1.1397125111270767,1.212316678813842,7,7,True,False,GW,False,0.0,False,False,False
MA4350003,,OLD WELL,WRENTHAM,42.04067284071136,-71.39472009677738,False,,,,,,,0.4945549391325547,Moderate,9.74951795583992,30.477733689920832,5.14283252684509,1.3681899890132445,5.58100713350235,0,13,True,False,GW,False,0.0,False,False,False
MA4351000,YARMOUTH WATER DEPARTMENT,GP WELL  9,YARMOUTH,41.68798103753143,-70.1835813393377,True,True,,,16.7,False,False,,,2.440129372690741,22.39354391666953,0.9562927192293459,0.6844073708127929,1.1027506490656764,3,29,True,False,GW,True,0.22763336607906118,True,True,False
MA6000000,,QUABBIN RESERVOIR,BOSTON,42.37118544620507,-72.27915199335507,False,,,,,,,0.5801107691261396,High,0.5340161793228574,9.47878792917974,0.5256609358636793,0.3177974598901755,2.2685643956112203,4,35,False,True,ESW,False,0.0,False,False,False
